id,asset,year,rep_period,time_block_start,time_block_end,solution
1,AT_Battery,2030,1,1,1,583.0391664588785
2,AT_Battery,2030,1,2,2,583.0391664588785
3,AT_Battery,2030,1,3,3,583.0391664588785
4,AT_Battery,2030,1,4,4,980.7944493613946
5,AT_Battery,2030,1,5,5,980.7944493613946
6,AT_Battery,2030,1,6,6,980.7944493613946
7,AT_Battery,2030,1,7,7,980.7944493613946
8,AT_Battery,2030,1,8,8,397.7552829025161
9,AT_Battery,2030,1,9,9,0.0
10,AT_Battery,2030,1,10,10,479.2425563874749
11,AT_Battery,2030,1,11,11,479.2425563874749
12,AT_Battery,2030,1,12,12,0.0
13,AT_Battery,2030,1,13,13,0.0
14,AT_Battery,2030,1,14,14,0.0
15,AT_Battery,2030,1,15,15,397.7552829025161
16,AT_Battery,2030,1,16,16,980.7944493613946
17,AT_Battery,2030,1,17,17,980.7944493613946
18,AT_Battery,2030,1,18,18,745.264231231649
19,AT_Battery,2030,1,19,19,745.264231231649
20,AT_Battery,2030,1,20,20,162.22506477277045
21,AT_Battery,2030,1,21,21,87.13065198741242
22,AT_Battery,2030,1,22,22,0.0
23,AT_Battery,2030,1,23,23,0.0
24,AT_Battery,2030,1,24,24,0.0
25,AT_Battery,2030,2,1,1,0.0
26,AT_Battery,2030,2,2,2,0.0
27,AT_Battery,2030,2,3,3,0.0
28,AT_Battery,2030,2,4,4,397.7552829025161
29,AT_Battery,2030,2,5,5,980.7944493613946
30,AT_Battery,2030,2,6,6,980.7944493613946
31,AT_Battery,2030,2,7,7,780.4298780606664
32,AT_Battery,2030,2,8,8,197.39071160178787
33,AT_Battery,2030,2,9,9,0.0
34,AT_Battery,2030,2,10,10,0.0
35,AT_Battery,2030,2,11,11,221.52244097890662
36,AT_Battery,2030,2,12,12,0.0
37,AT_Battery,2030,2,13,13,0.0
38,AT_Battery,2030,2,14,14,0.0
39,AT_Battery,2030,2,15,15,0.0
40,AT_Battery,2030,2,16,16,583.0391664588785
41,AT_Battery,2030,2,17,17,583.0391664588785
42,AT_Battery,2030,2,18,18,583.0391664588785
43,AT_Battery,2030,2,19,19,0.0
44,AT_Battery,2030,2,20,20,0.0
45,AT_Battery,2030,2,21,21,0.0
46,AT_Battery,2030,2,22,22,0.0
47,AT_Battery,2030,2,23,23,0.0
48,AT_Battery,2030,2,24,24,0.0
49,AT_Battery,2030,3,1,1,0.0
50,AT_Battery,2030,3,2,2,0.0
51,AT_Battery,2030,3,3,3,0.0
52,AT_Battery,2030,3,4,4,583.0391664588785
53,AT_Battery,2030,3,5,5,703.0822719457743
54,AT_Battery,2030,3,6,6,980.7944493613946
55,AT_Battery,2030,3,7,7,967.6743793266011
56,AT_Battery,2030,3,8,8,701.0125040654209
57,AT_Battery,2030,3,9,9,117.97333760654237
58,AT_Battery,2030,3,10,10,0.0
59,AT_Battery,2030,3,11,11,583.0391664588785
60,AT_Battery,2030,3,12,12,781.9707097808075
61,AT_Battery,2030,3,13,13,893.8747009429464
62,AT_Battery,2030,3,14,14,980.7944493613946
63,AT_Battery,2030,3,15,15,980.7944493613946
64,AT_Battery,2030,3,16,16,980.7944493613946
65,AT_Battery,2030,3,17,17,947.5047984323406
66,AT_Battery,2030,3,18,18,364.4656319734621
67,AT_Battery,2030,3,19,19,0.0
68,AT_Battery,2030,3,20,20,0.0
69,AT_Battery,2030,3,21,21,0.0
70,AT_Battery,2030,3,22,22,0.0
71,AT_Battery,2030,3,23,23,0.0
72,AT_Battery,2030,3,24,24,0.0
73,AT_Battery,2030,4,1,1,7.996587436931804
74,AT_Battery,2030,4,2,2,0.0
75,AT_Battery,2030,4,3,3,0.0
76,AT_Battery,2030,4,4,4,0.0
77,AT_Battery,2030,4,5,5,0.0
78,AT_Battery,2030,4,6,6,0.0
79,AT_Battery,2030,4,7,7,0.0
80,AT_Battery,2030,4,8,8,336.3185234365219
81,AT_Battery,2030,4,9,9,485.976760883825
82,AT_Battery,2030,4,10,10,0.0
83,AT_Battery,2030,4,11,11,0.0
84,AT_Battery,2030,4,12,12,0.0
85,AT_Battery,2030,4,13,13,13.194656481564152
86,AT_Battery,2030,4,14,14,174.24638948069628
87,AT_Battery,2030,4,15,15,583.0391664588785
88,AT_Battery,2030,4,16,16,583.0391664588785
89,AT_Battery,2030,4,17,17,583.0391664588785
90,AT_Battery,2030,4,18,18,0.0
91,AT_Battery,2030,4,19,19,0.0
92,AT_Battery,2030,4,20,20,0.0
93,AT_Battery,2030,4,21,21,186.0936361280019
94,AT_Battery,2030,4,22,22,0.0
95,AT_Battery,2030,4,23,23,0.0
96,AT_Battery,2030,4,24,24,0.0
97,AT_Battery,2030,5,1,1,0.0
98,AT_Battery,2030,5,2,2,0.0
99,AT_Battery,2030,5,3,3,0.0
100,AT_Battery,2030,5,4,4,0.0
101,AT_Battery,2030,5,5,5,0.0
102,AT_Battery,2030,5,6,6,0.0
103,AT_Battery,2030,5,7,7,0.0
104,AT_Battery,2030,5,8,8,0.0
105,AT_Battery,2030,5,9,9,0.0
106,AT_Battery,2030,5,10,10,0.0
107,AT_Battery,2030,5,11,11,0.0
108,AT_Battery,2030,5,12,12,0.0
109,AT_Battery,2030,5,13,13,0.0
110,AT_Battery,2030,5,14,14,0.0
111,AT_Battery,2030,5,15,15,583.0391664588785
112,AT_Battery,2030,5,16,16,583.0391664588785
113,AT_Battery,2030,5,17,17,583.0391664588785
114,AT_Battery,2030,5,18,18,583.0391664588785
115,AT_Battery,2030,5,19,19,0.0
116,AT_Battery,2030,5,20,20,0.0
117,AT_Battery,2030,5,21,21,0.0
118,AT_Battery,2030,5,22,22,0.0
119,AT_Battery,2030,5,23,23,0.0
120,AT_Battery,2030,5,24,24,0.0
121,AT_Battery,2030,6,1,1,0.0
122,AT_Battery,2030,6,2,2,0.0
123,AT_Battery,2030,6,3,3,307.781858559335
124,AT_Battery,2030,6,4,4,740.2290410413334
125,AT_Battery,2030,6,5,5,965.6534291673343
126,AT_Battery,2030,6,6,6,980.7944493613946
127,AT_Battery,2030,6,7,7,397.7552829025161
128,AT_Battery,2030,6,8,8,0.0
129,AT_Battery,2030,6,9,9,0.0
130,AT_Battery,2030,6,10,10,0.0
131,AT_Battery,2030,6,11,11,0.0
132,AT_Battery,2030,6,12,12,0.0
133,AT_Battery,2030,6,13,13,0.0
134,AT_Battery,2030,6,14,14,0.0
135,AT_Battery,2030,6,15,15,0.0
136,AT_Battery,2030,6,16,16,131.18210758831538
137,AT_Battery,2030,6,17,17,131.18210758831538
138,AT_Battery,2030,6,18,18,131.18210758831538
139,AT_Battery,2030,6,19,19,0.0
140,AT_Battery,2030,6,20,20,0.0
141,AT_Battery,2030,6,21,21,15.310829505334596
142,AT_Battery,2030,6,22,22,0.0
143,AT_Battery,2030,6,23,23,0.0
144,AT_Battery,2030,6,24,24,0.0
145,AT_Battery,2030,7,1,1,0.0
146,AT_Battery,2030,7,2,2,0.0
147,AT_Battery,2030,7,3,3,13.078622820969258
148,AT_Battery,2030,7,4,4,0.0
149,AT_Battery,2030,7,5,5,397.7552829025161
150,AT_Battery,2030,7,6,6,980.7944493613946
151,AT_Battery,2030,7,7,7,980.7944493613946
152,AT_Battery,2030,7,8,8,567.5815559277924
153,AT_Battery,2030,7,9,9,0.0
154,AT_Battery,2030,7,10,10,0.0
155,AT_Battery,2030,7,11,11,0.0
156,AT_Battery,2030,7,12,12,0.0
157,AT_Battery,2030,7,13,13,0.0
158,AT_Battery,2030,7,14,14,397.7552829025161
159,AT_Battery,2030,7,15,15,397.7552829025161
160,AT_Battery,2030,7,16,16,980.7944493613946
161,AT_Battery,2030,7,17,17,980.7944493613946
162,AT_Battery,2030,7,18,18,397.7552829025161
163,AT_Battery,2030,7,19,19,0.0
164,AT_Battery,2030,7,20,20,0.0
165,AT_Battery,2030,7,21,21,0.0
166,AT_Battery,2030,7,22,22,0.0
167,AT_Battery,2030,7,23,23,177.84290140006306
168,AT_Battery,2030,7,24,24,0.0
169,AT_Battery,2030,8,1,1,48.34056220529055
170,AT_Battery,2030,8,2,2,231.8849342074809
171,AT_Battery,2030,8,3,3,487.9419267975454
172,AT_Battery,2030,8,4,4,601.7555659486452
173,AT_Battery,2030,8,5,5,601.7555659486452
174,AT_Battery,2030,8,6,6,601.7555659486452
175,AT_Battery,2030,8,7,7,18.716399489766673
176,AT_Battery,2030,8,8,8,0.0
177,AT_Battery,2030,8,9,9,0.0
178,AT_Battery,2030,8,10,10,0.0
179,AT_Battery,2030,8,11,11,0.0
180,AT_Battery,2030,8,12,12,0.0
181,AT_Battery,2030,8,13,13,0.0
182,AT_Battery,2030,8,14,14,139.9655773674849
183,AT_Battery,2030,8,15,15,638.998356313291
184,AT_Battery,2030,8,16,16,980.7944493613946
185,AT_Battery,2030,8,17,17,397.7552829025161
186,AT_Battery,2030,8,18,18,397.7552829025161
187,AT_Battery,2030,8,19,19,0.0
188,AT_Battery,2030,8,20,20,0.0
189,AT_Battery,2030,8,21,21,0.0
190,AT_Battery,2030,8,22,22,0.0
191,AT_Battery,2030,8,23,23,0.0
192,AT_Battery,2030,8,24,24,0.0
193,AT_Battery,2030,9,1,1,0.0
194,AT_Battery,2030,9,2,2,0.0
195,AT_Battery,2030,9,3,3,397.7552829025161
196,AT_Battery,2030,9,4,4,397.7552829025161
197,AT_Battery,2030,9,5,5,980.7944493613946
198,AT_Battery,2030,9,6,6,980.7944493613946
199,AT_Battery,2030,9,7,7,583.0391664588785
200,AT_Battery,2030,9,8,8,0.0
201,AT_Battery,2030,9,9,9,436.6426304122781
202,AT_Battery,2030,9,10,10,0.0
203,AT_Battery,2030,9,11,11,0.0
204,AT_Battery,2030,9,12,12,0.0
205,AT_Battery,2030,9,13,13,0.0
206,AT_Battery,2030,9,14,14,0.0
207,AT_Battery,2030,9,15,15,349.75507471018784
208,AT_Battery,2030,9,16,16,932.7942411690664
209,AT_Battery,2030,9,17,17,980.7944493613946
210,AT_Battery,2030,9,18,18,980.7944493613946
211,AT_Battery,2030,9,19,19,980.7944493613946
212,AT_Battery,2030,9,20,20,397.7552829025161
213,AT_Battery,2030,9,21,21,0.0
214,AT_Battery,2030,9,22,22,0.0
215,AT_Battery,2030,9,23,23,0.0
216,AT_Battery,2030,9,24,24,0.0
217,AT_Battery,2030,10,1,1,0.0
218,AT_Battery,2030,10,2,2,432.9864821738289
219,AT_Battery,2030,10,3,3,980.7944493613946
220,AT_Battery,2030,10,4,4,980.7944493613946
221,AT_Battery,2030,10,5,5,980.7944493613946
222,AT_Battery,2030,10,6,6,980.7944493613946
223,AT_Battery,2030,10,7,7,583.0391664588785
224,AT_Battery,2030,10,8,8,583.0391664588785
225,AT_Battery,2030,10,9,9,0.0
226,AT_Battery,2030,10,10,10,0.0
227,AT_Battery,2030,10,11,11,70.20258410252427
228,AT_Battery,2030,10,12,12,0.0
229,AT_Battery,2030,10,13,13,133.82414745496374
230,AT_Battery,2030,10,14,14,274.0974152892237
231,AT_Battery,2030,10,15,15,576.5027938560894
232,AT_Battery,2030,10,16,16,980.7944493613946
233,AT_Battery,2030,10,17,17,980.7792736523289
234,AT_Battery,2030,10,18,18,583.0391664588785
235,AT_Battery,2030,10,19,19,0.0
236,AT_Battery,2030,10,20,20,0.0
237,AT_Battery,2030,10,21,21,0.0
238,AT_Battery,2030,10,22,22,0.0
239,AT_Battery,2030,10,23,23,0.0
240,AT_Battery,2030,10,24,24,0.0
241,BE_Battery,2030,1,1,1,0.0
242,BE_Battery,2030,1,2,2,0.0
243,BE_Battery,2030,1,3,3,60.54181397612666
244,BE_Battery,2030,1,4,4,60.54181397612666
245,BE_Battery,2030,1,5,5,60.54181397612666
246,BE_Battery,2030,1,6,6,60.54181397612666
247,BE_Battery,2030,1,7,7,0.0
248,BE_Battery,2030,1,8,8,0.0
249,BE_Battery,2030,1,9,9,0.0
250,BE_Battery,2030,1,10,10,0.0
251,BE_Battery,2030,1,11,11,0.0
252,BE_Battery,2030,1,12,12,0.0
253,BE_Battery,2030,1,13,13,0.0
254,BE_Battery,2030,1,14,14,60.54181397612666
255,BE_Battery,2030,1,15,15,60.54181397612666
256,BE_Battery,2030,1,16,16,60.54181397612666
257,BE_Battery,2030,1,17,17,0.0
258,BE_Battery,2030,1,18,18,0.0
259,BE_Battery,2030,1,19,19,12.396744067553641
260,BE_Battery,2030,1,20,20,12.396744067553641
261,BE_Battery,2030,1,21,21,0.0
262,BE_Battery,2030,1,22,22,60.54181397612666
263,BE_Battery,2030,1,23,23,0.0
264,BE_Battery,2030,1,24,24,0.0
265,BE_Battery,2030,2,1,1,0.0
266,BE_Battery,2030,2,2,2,0.0
267,BE_Battery,2030,2,3,3,0.0
268,BE_Battery,2030,2,4,4,0.0
269,BE_Battery,2030,2,5,5,60.54181397612666
270,BE_Battery,2030,2,6,6,60.54181397612666
271,BE_Battery,2030,2,7,7,0.0
272,BE_Battery,2030,2,8,8,0.0
273,BE_Battery,2030,2,9,9,0.0
274,BE_Battery,2030,2,10,10,0.0
275,BE_Battery,2030,2,11,11,0.0
276,BE_Battery,2030,2,12,12,0.0
277,BE_Battery,2030,2,13,13,0.0
278,BE_Battery,2030,2,14,14,0.0
279,BE_Battery,2030,2,15,15,0.0
280,BE_Battery,2030,2,16,16,0.0
281,BE_Battery,2030,2,17,17,0.0
282,BE_Battery,2030,2,18,18,0.0
283,BE_Battery,2030,2,19,19,0.0
284,BE_Battery,2030,2,20,20,60.54181397612666
285,BE_Battery,2030,2,21,21,60.54181397612666
286,BE_Battery,2030,2,22,22,60.54181397612666
287,BE_Battery,2030,2,23,23,0.0
288,BE_Battery,2030,2,24,24,0.0
289,BE_Battery,2030,3,1,1,60.54181397612666
290,BE_Battery,2030,3,2,2,0.0
291,BE_Battery,2030,3,3,3,0.0
292,BE_Battery,2030,3,4,4,0.0
293,BE_Battery,2030,3,5,5,0.0
294,BE_Battery,2030,3,6,6,0.0
295,BE_Battery,2030,3,7,7,0.0
296,BE_Battery,2030,3,8,8,0.0
297,BE_Battery,2030,3,9,9,0.0
298,BE_Battery,2030,3,10,10,0.0
299,BE_Battery,2030,3,11,11,0.0
300,BE_Battery,2030,3,12,12,0.0
301,BE_Battery,2030,3,13,13,0.0
302,BE_Battery,2030,3,14,14,0.0
303,BE_Battery,2030,3,15,15,0.0
304,BE_Battery,2030,3,16,16,0.0
305,BE_Battery,2030,3,17,17,0.0
306,BE_Battery,2030,3,18,18,0.0
307,BE_Battery,2030,3,19,19,0.0
308,BE_Battery,2030,3,20,20,0.0
309,BE_Battery,2030,3,21,21,0.0
310,BE_Battery,2030,3,22,22,0.0
311,BE_Battery,2030,3,23,23,0.0
312,BE_Battery,2030,3,24,24,0.0
313,BE_Battery,2030,4,1,1,0.0
314,BE_Battery,2030,4,2,2,0.0
315,BE_Battery,2030,4,3,3,0.0
316,BE_Battery,2030,4,4,4,0.0
317,BE_Battery,2030,4,5,5,0.0
318,BE_Battery,2030,4,6,6,60.54181397612666
319,BE_Battery,2030,4,7,7,60.54181397612666
320,BE_Battery,2030,4,8,8,60.54181397612666
321,BE_Battery,2030,4,9,9,0.0
322,BE_Battery,2030,4,10,10,0.0
323,BE_Battery,2030,4,11,11,60.54181397612666
324,BE_Battery,2030,4,12,12,0.0
325,BE_Battery,2030,4,13,13,0.0
326,BE_Battery,2030,4,14,14,0.0
327,BE_Battery,2030,4,15,15,60.54181397612666
328,BE_Battery,2030,4,16,16,60.54181397612666
329,BE_Battery,2030,4,17,17,60.54181397612666
330,BE_Battery,2030,4,18,18,0.0
331,BE_Battery,2030,4,19,19,0.0
332,BE_Battery,2030,4,20,20,0.0
333,BE_Battery,2030,4,21,21,0.0
334,BE_Battery,2030,4,22,22,0.0
335,BE_Battery,2030,4,23,23,0.0
336,BE_Battery,2030,4,24,24,0.0
337,BE_Battery,2030,5,1,1,60.54181397612666
338,BE_Battery,2030,5,2,2,60.54181397612666
339,BE_Battery,2030,5,3,3,60.54181397612666
340,BE_Battery,2030,5,4,4,0.0
341,BE_Battery,2030,5,5,5,0.0
342,BE_Battery,2030,5,6,6,0.0
343,BE_Battery,2030,5,7,7,0.0
344,BE_Battery,2030,5,8,8,0.0
345,BE_Battery,2030,5,9,9,0.0
346,BE_Battery,2030,5,10,10,0.0
347,BE_Battery,2030,5,11,11,0.0
348,BE_Battery,2030,5,12,12,0.0
349,BE_Battery,2030,5,13,13,0.0
350,BE_Battery,2030,5,14,14,0.0
351,BE_Battery,2030,5,15,15,0.0
352,BE_Battery,2030,5,16,16,0.0
353,BE_Battery,2030,5,17,17,0.0
354,BE_Battery,2030,5,18,18,0.0
355,BE_Battery,2030,5,19,19,0.0
356,BE_Battery,2030,5,20,20,0.0
357,BE_Battery,2030,5,21,21,0.0
358,BE_Battery,2030,5,22,22,0.0
359,BE_Battery,2030,5,23,23,0.0
360,BE_Battery,2030,5,24,24,0.0
361,BE_Battery,2030,6,1,1,0.0
362,BE_Battery,2030,6,2,2,60.54181397612666
363,BE_Battery,2030,6,3,3,0.0
364,BE_Battery,2030,6,4,4,0.0
365,BE_Battery,2030,6,5,5,0.0
366,BE_Battery,2030,6,6,6,0.0
367,BE_Battery,2030,6,7,7,0.0
368,BE_Battery,2030,6,8,8,0.0
369,BE_Battery,2030,6,9,9,0.0
370,BE_Battery,2030,6,10,10,0.0
371,BE_Battery,2030,6,11,11,0.0
372,BE_Battery,2030,6,12,12,0.0
373,BE_Battery,2030,6,13,13,0.0
374,BE_Battery,2030,6,14,14,0.0
375,BE_Battery,2030,6,15,15,0.0
376,BE_Battery,2030,6,16,16,0.0
377,BE_Battery,2030,6,17,17,0.0
378,BE_Battery,2030,6,18,18,0.0
379,BE_Battery,2030,6,19,19,0.0
380,BE_Battery,2030,6,20,20,0.0
381,BE_Battery,2030,6,21,21,0.0
382,BE_Battery,2030,6,22,22,0.0
383,BE_Battery,2030,6,23,23,0.0
384,BE_Battery,2030,6,24,24,0.0
385,BE_Battery,2030,7,1,1,0.0
386,BE_Battery,2030,7,2,2,0.0
387,BE_Battery,2030,7,3,3,60.54181397612666
388,BE_Battery,2030,7,4,4,60.54181397612666
389,BE_Battery,2030,7,5,5,0.0
390,BE_Battery,2030,7,6,6,60.54181397612666
391,BE_Battery,2030,7,7,7,0.0
392,BE_Battery,2030,7,8,8,0.0
393,BE_Battery,2030,7,9,9,0.0
394,BE_Battery,2030,7,10,10,0.0
395,BE_Battery,2030,7,11,11,0.0
396,BE_Battery,2030,7,12,12,0.0
397,BE_Battery,2030,7,13,13,0.0
398,BE_Battery,2030,7,14,14,0.0
399,BE_Battery,2030,7,15,15,0.0
400,BE_Battery,2030,7,16,16,60.54181397612666
401,BE_Battery,2030,7,17,17,60.54181397612666
402,BE_Battery,2030,7,18,18,60.54181397612666
403,BE_Battery,2030,7,19,19,0.0
404,BE_Battery,2030,7,20,20,0.0
405,BE_Battery,2030,7,21,21,0.0
406,BE_Battery,2030,7,22,22,0.0
407,BE_Battery,2030,7,23,23,0.0
408,BE_Battery,2030,7,24,24,0.0
409,BE_Battery,2030,8,1,1,0.0
410,BE_Battery,2030,8,2,2,0.0
411,BE_Battery,2030,8,3,3,0.0
412,BE_Battery,2030,8,4,4,0.0
413,BE_Battery,2030,8,5,5,0.0
414,BE_Battery,2030,8,6,6,0.0
415,BE_Battery,2030,8,7,7,0.0
416,BE_Battery,2030,8,8,8,0.0
417,BE_Battery,2030,8,9,9,0.0
418,BE_Battery,2030,8,10,10,0.0
419,BE_Battery,2030,8,11,11,0.0
420,BE_Battery,2030,8,12,12,0.0
421,BE_Battery,2030,8,13,13,0.0
422,BE_Battery,2030,8,14,14,0.0
423,BE_Battery,2030,8,15,15,0.0
424,BE_Battery,2030,8,16,16,0.0
425,BE_Battery,2030,8,17,17,0.0
426,BE_Battery,2030,8,18,18,0.0
427,BE_Battery,2030,8,19,19,60.54181397612666
428,BE_Battery,2030,8,20,20,0.0
429,BE_Battery,2030,8,21,21,0.0
430,BE_Battery,2030,8,22,22,0.0
431,BE_Battery,2030,8,23,23,0.0
432,BE_Battery,2030,8,24,24,0.0
433,BE_Battery,2030,9,1,1,0.0
434,BE_Battery,2030,9,2,2,0.0
435,BE_Battery,2030,9,3,3,0.0
436,BE_Battery,2030,9,4,4,60.54181397612666
437,BE_Battery,2030,9,5,5,0.0
438,BE_Battery,2030,9,6,6,60.54181397612666
439,BE_Battery,2030,9,7,7,60.54181397612666
440,BE_Battery,2030,9,8,8,60.54181397612666
441,BE_Battery,2030,9,9,9,60.54181397612666
442,BE_Battery,2030,9,10,10,60.54181397612666
443,BE_Battery,2030,9,11,11,60.54181397612666
444,BE_Battery,2030,9,12,12,0.0
445,BE_Battery,2030,9,13,13,0.0
446,BE_Battery,2030,9,14,14,0.0
447,BE_Battery,2030,9,15,15,0.0
448,BE_Battery,2030,9,16,16,60.54181397612666
449,BE_Battery,2030,9,17,17,60.54181397612666
450,BE_Battery,2030,9,18,18,0.0
451,BE_Battery,2030,9,19,19,0.0
452,BE_Battery,2030,9,20,20,0.0
453,BE_Battery,2030,9,21,21,60.54181397612666
454,BE_Battery,2030,9,22,22,0.0
455,BE_Battery,2030,9,23,23,0.0
456,BE_Battery,2030,9,24,24,0.0
457,BE_Battery,2030,10,1,1,0.0
458,BE_Battery,2030,10,2,2,0.0
459,BE_Battery,2030,10,3,3,0.0
460,BE_Battery,2030,10,4,4,60.54181397612666
461,BE_Battery,2030,10,5,5,60.54181397612666
462,BE_Battery,2030,10,6,6,0.0
463,BE_Battery,2030,10,7,7,60.54181397612666
464,BE_Battery,2030,10,8,8,60.54181397612666
465,BE_Battery,2030,10,9,9,0.0
466,BE_Battery,2030,10,10,10,0.0
467,BE_Battery,2030,10,11,11,0.0
468,BE_Battery,2030,10,12,12,0.0
469,BE_Battery,2030,10,13,13,0.0
470,BE_Battery,2030,10,14,14,60.54181397612666
471,BE_Battery,2030,10,15,15,0.0
472,BE_Battery,2030,10,16,16,60.54181397612666
473,BE_Battery,2030,10,17,17,60.54181397612666
474,BE_Battery,2030,10,18,18,0.0
475,BE_Battery,2030,10,19,19,0.0
476,BE_Battery,2030,10,20,20,0.0
477,BE_Battery,2030,10,21,21,0.0
478,BE_Battery,2030,10,22,22,0.0
479,BE_Battery,2030,10,23,23,0.0
480,BE_Battery,2030,10,24,24,0.0
481,CH_Battery,2030,1,1,1,0.0
482,CH_Battery,2030,1,2,2,0.0
483,CH_Battery,2030,1,3,3,0.0
484,CH_Battery,2030,1,4,4,567.3472268001717
485,CH_Battery,2030,1,5,5,913.6972009318691
486,CH_Battery,2030,1,6,6,495.9069214936062
487,CH_Battery,2030,1,7,7,495.9069214936062
488,CH_Battery,2030,1,8,8,495.9069214936062
489,CH_Battery,2030,1,9,9,0.0
490,CH_Battery,2030,1,10,10,1.397577820076549
491,CH_Battery,2030,1,11,11,1.397577820076549
492,CH_Battery,2030,1,12,12,567.3472268001717
493,CH_Battery,2030,1,13,13,0.0
494,CH_Battery,2030,1,14,14,0.0
495,CH_Battery,2030,1,15,15,0.0
496,CH_Battery,2030,1,16,16,382.29767582698
497,CH_Battery,2030,1,17,17,913.6972009318691
498,CH_Battery,2030,1,18,18,567.3472268001717
499,CH_Battery,2030,1,19,19,567.3472268001717
500,CH_Battery,2030,1,20,20,0.0
501,CH_Battery,2030,1,21,21,0.0
502,CH_Battery,2030,1,22,22,0.0
503,CH_Battery,2030,1,23,23,0.0
504,CH_Battery,2030,1,24,24,0.0
505,CH_Battery,2030,2,1,1,0.0
506,CH_Battery,2030,2,2,2,0.0
507,CH_Battery,2030,2,3,3,0.0
508,CH_Battery,2030,2,4,4,0.0
509,CH_Battery,2030,2,5,5,0.0
510,CH_Battery,2030,2,6,6,0.0
511,CH_Battery,2030,2,7,7,0.0
512,CH_Battery,2030,2,8,8,0.0
513,CH_Battery,2030,2,9,9,0.0
514,CH_Battery,2030,2,10,10,0.0
515,CH_Battery,2030,2,11,11,0.0
516,CH_Battery,2030,2,12,12,0.0
517,CH_Battery,2030,2,13,13,0.0
518,CH_Battery,2030,2,14,14,0.0
519,CH_Battery,2030,2,15,15,448.42487199582956
520,CH_Battery,2030,2,16,16,448.42487199582956
521,CH_Battery,2030,2,17,17,448.42487199582956
522,CH_Battery,2030,2,18,18,567.3472268001717
523,CH_Battery,2030,2,19,19,0.0
524,CH_Battery,2030,2,20,20,0.0
525,CH_Battery,2030,2,21,21,0.0
526,CH_Battery,2030,2,22,22,0.0
527,CH_Battery,2030,2,23,23,0.0
528,CH_Battery,2030,2,24,24,0.0
529,CH_Battery,2030,3,1,1,0.0
530,CH_Battery,2030,3,2,2,0.0
531,CH_Battery,2030,3,3,3,0.0
532,CH_Battery,2030,3,4,4,470.51698209736094
533,CH_Battery,2030,3,5,5,913.6972009318691
534,CH_Battery,2030,3,6,6,832.6421314116973
535,CH_Battery,2030,3,7,7,832.6421314116973
536,CH_Battery,2030,3,8,8,334.4847354789456
537,CH_Battery,2030,3,9,9,0.0
538,CH_Battery,2030,3,10,10,0.0
539,CH_Battery,2030,3,11,11,0.0
540,CH_Battery,2030,3,12,12,0.0
541,CH_Battery,2030,3,13,13,0.0
542,CH_Battery,2030,3,14,14,346.3499741316974
543,CH_Battery,2030,3,15,15,913.6972009318691
544,CH_Battery,2030,3,16,16,860.1231714802165
545,CH_Battery,2030,3,17,17,913.6972009318691
546,CH_Battery,2030,3,18,18,346.3499741316974
547,CH_Battery,2030,3,19,19,0.0
548,CH_Battery,2030,3,20,20,0.0
549,CH_Battery,2030,3,21,21,0.0
550,CH_Battery,2030,3,22,22,225.4950594669872
551,CH_Battery,2030,3,23,23,134.20700165524613
552,CH_Battery,2030,3,24,24,0.0
553,CH_Battery,2030,4,1,1,0.0
554,CH_Battery,2030,4,2,2,0.0
555,CH_Battery,2030,4,3,3,0.0
556,CH_Battery,2030,4,4,4,395.7461633241595
557,CH_Battery,2030,4,5,5,913.6972009318691
558,CH_Battery,2030,4,6,6,835.4105407545643
559,CH_Battery,2030,4,7,7,727.1773832413013
560,CH_Battery,2030,4,8,8,371.1014578959133
561,CH_Battery,2030,4,9,9,0.0
562,CH_Battery,2030,4,10,10,0.0
563,CH_Battery,2030,4,11,11,0.0
564,CH_Battery,2030,4,12,12,0.0
565,CH_Battery,2030,4,13,13,0.0
566,CH_Battery,2030,4,14,14,0.0
567,CH_Battery,2030,4,15,15,567.3472268001717
568,CH_Battery,2030,4,16,16,567.3472268001717
569,CH_Battery,2030,4,17,17,913.6972009318691
570,CH_Battery,2030,4,18,18,710.5632965144341
571,CH_Battery,2030,4,19,19,335.13713470734547
572,CH_Battery,2030,4,20,20,25.146654425607267
573,CH_Battery,2030,4,21,21,0.0
574,CH_Battery,2030,4,22,22,0.0
575,CH_Battery,2030,4,23,23,0.0
576,CH_Battery,2030,4,24,24,0.0
577,CH_Battery,2030,5,1,1,0.0
578,CH_Battery,2030,5,2,2,0.0
579,CH_Battery,2030,5,3,3,0.0
580,CH_Battery,2030,5,4,4,567.3472268001717
581,CH_Battery,2030,5,5,5,567.3472268001717
582,CH_Battery,2030,5,6,6,0.0
583,CH_Battery,2030,5,7,7,127.02871832324529
584,CH_Battery,2030,5,8,8,0.0
585,CH_Battery,2030,5,9,9,0.0
586,CH_Battery,2030,5,10,10,0.0
587,CH_Battery,2030,5,11,11,375.5994556272967
588,CH_Battery,2030,5,12,12,183.10817397455685
589,CH_Battery,2030,5,13,13,183.10817397455685
590,CH_Battery,2030,5,14,14,0.0
591,CH_Battery,2030,5,15,15,0.0
592,CH_Battery,2030,5,16,16,0.0
593,CH_Battery,2030,5,17,17,0.0
594,CH_Battery,2030,5,18,18,60.44243700680777
595,CH_Battery,2030,5,19,19,0.0
596,CH_Battery,2030,5,20,20,0.0
597,CH_Battery,2030,5,21,21,0.0
598,CH_Battery,2030,5,22,22,0.0
599,CH_Battery,2030,5,23,23,0.0
600,CH_Battery,2030,5,24,24,0.0
601,CH_Battery,2030,6,1,1,0.0
602,CH_Battery,2030,6,2,2,0.0
603,CH_Battery,2030,6,3,3,0.0
604,CH_Battery,2030,6,4,4,0.0
605,CH_Battery,2030,6,5,5,0.0
606,CH_Battery,2030,6,6,6,0.0
607,CH_Battery,2030,6,7,7,408.26842702355873
608,CH_Battery,2030,6,8,8,0.0
609,CH_Battery,2030,6,9,9,0.0
610,CH_Battery,2030,6,10,10,0.0
611,CH_Battery,2030,6,11,11,0.0
612,CH_Battery,2030,6,12,12,0.0
613,CH_Battery,2030,6,13,13,0.0
614,CH_Battery,2030,6,14,14,0.0
615,CH_Battery,2030,6,15,15,0.0
616,CH_Battery,2030,6,16,16,0.0
617,CH_Battery,2030,6,17,17,0.0
618,CH_Battery,2030,6,18,18,0.0
619,CH_Battery,2030,6,19,19,0.0
620,CH_Battery,2030,6,20,20,474.08731412773136
621,CH_Battery,2030,6,21,21,0.0
622,CH_Battery,2030,6,22,22,0.0
623,CH_Battery,2030,6,23,23,0.0
624,CH_Battery,2030,6,24,24,0.0
625,CH_Battery,2030,7,1,1,0.0
626,CH_Battery,2030,7,2,2,0.0
627,CH_Battery,2030,7,3,3,567.3472268001717
628,CH_Battery,2030,7,4,4,913.6972009318691
629,CH_Battery,2030,7,5,5,913.6972009318691
630,CH_Battery,2030,7,6,6,913.6972009318691
631,CH_Battery,2030,7,7,7,565.4175004742135
632,CH_Battery,2030,7,8,8,565.4175004742135
633,CH_Battery,2030,7,9,9,0.0
634,CH_Battery,2030,7,10,10,0.0
635,CH_Battery,2030,7,11,11,0.0
636,CH_Battery,2030,7,12,12,0.0
637,CH_Battery,2030,7,13,13,0.0
638,CH_Battery,2030,7,14,14,0.0
639,CH_Battery,2030,7,15,15,346.3499741316974
640,CH_Battery,2030,7,16,16,913.6972009318691
641,CH_Battery,2030,7,17,17,913.6972009318691
642,CH_Battery,2030,7,18,18,913.6972009318691
643,CH_Battery,2030,7,19,19,346.3499741316974
644,CH_Battery,2030,7,20,20,0.0
645,CH_Battery,2030,7,21,21,0.0
646,CH_Battery,2030,7,22,22,0.0
647,CH_Battery,2030,7,23,23,277.88271892043304
648,CH_Battery,2030,7,24,24,0.0
649,CH_Battery,2030,8,1,1,0.0
650,CH_Battery,2030,8,2,2,0.0
651,CH_Battery,2030,8,3,3,0.0
652,CH_Battery,2030,8,4,4,0.0
653,CH_Battery,2030,8,5,5,0.0
654,CH_Battery,2030,8,6,6,0.0
655,CH_Battery,2030,8,7,7,0.0
656,CH_Battery,2030,8,8,8,0.0
657,CH_Battery,2030,8,9,9,0.0
658,CH_Battery,2030,8,10,10,0.0
659,CH_Battery,2030,8,11,11,0.0
660,CH_Battery,2030,8,12,12,0.0
661,CH_Battery,2030,8,13,13,346.3499741316974
662,CH_Battery,2030,8,14,14,346.3499741316974
663,CH_Battery,2030,8,15,15,913.6972009318691
664,CH_Battery,2030,8,16,16,890.0783936987968
665,CH_Battery,2030,8,17,17,459.4323791514705
666,CH_Battery,2030,8,18,18,0.0
667,CH_Battery,2030,8,19,19,0.0
668,CH_Battery,2030,8,20,20,0.0
669,CH_Battery,2030,8,21,21,0.0
670,CH_Battery,2030,8,22,22,0.0
671,CH_Battery,2030,8,23,23,0.0
672,CH_Battery,2030,8,24,24,0.0
673,CH_Battery,2030,9,1,1,0.0
674,CH_Battery,2030,9,2,2,0.0
675,CH_Battery,2030,9,3,3,0.0
676,CH_Battery,2030,9,4,4,0.0
677,CH_Battery,2030,9,5,5,0.0
678,CH_Battery,2030,9,6,6,0.0
679,CH_Battery,2030,9,7,7,0.0
680,CH_Battery,2030,9,8,8,0.0
681,CH_Battery,2030,9,9,9,0.0
682,CH_Battery,2030,9,10,10,0.0
683,CH_Battery,2030,9,11,11,357.6442000485165
684,CH_Battery,2030,9,12,12,0.0
685,CH_Battery,2030,9,13,13,494.24042842372944
686,CH_Battery,2030,9,14,14,494.24042842372944
687,CH_Battery,2030,9,15,15,913.6972009318691
688,CH_Battery,2030,9,16,16,913.6972009318691
689,CH_Battery,2030,9,17,17,913.6972009318691
690,CH_Battery,2030,9,18,18,487.9130931504177
691,CH_Battery,2030,9,19,19,487.9130931504177
692,CH_Battery,2030,9,20,20,487.9130931504177
693,CH_Battery,2030,9,21,21,487.9130931504177
694,CH_Battery,2030,9,22,22,0.0
695,CH_Battery,2030,9,23,23,0.0
696,CH_Battery,2030,9,24,24,0.0
697,CH_Battery,2030,10,1,1,0.0
698,CH_Battery,2030,10,2,2,567.3472268001717
699,CH_Battery,2030,10,3,3,870.2623921730969
700,CH_Battery,2030,10,4,4,870.2623921730969
701,CH_Battery,2030,10,5,5,870.2623921730969
702,CH_Battery,2030,10,6,6,913.6972009318691
703,CH_Battery,2030,10,7,7,567.3472268001717
704,CH_Battery,2030,10,8,8,567.3472268001717
705,CH_Battery,2030,10,9,9,0.0
706,CH_Battery,2030,10,10,10,0.0
707,CH_Battery,2030,10,11,11,0.0
708,CH_Battery,2030,10,12,12,0.0
709,CH_Battery,2030,10,13,13,67.4619141404346
710,CH_Battery,2030,10,14,14,200.21927626375418
711,CH_Battery,2030,10,15,15,574.9806512765489
712,CH_Battery,2030,10,16,16,913.6972009318691
713,CH_Battery,2030,10,17,17,913.6972009318691
714,CH_Battery,2030,10,18,18,637.6890546984471
715,CH_Battery,2030,10,19,19,323.37327194375996
716,CH_Battery,2030,10,20,20,0.0
717,CH_Battery,2030,10,21,21,0.0
718,CH_Battery,2030,10,22,22,0.0
719,CH_Battery,2030,10,23,23,0.0
720,CH_Battery,2030,10,24,24,0.0
721,DE_Battery,2030,1,1,1,20.43788051502088
722,DE_Battery,2030,1,2,2,20.43788051502088
723,DE_Battery,2030,1,3,3,1428.3562025324034
724,DE_Battery,2030,1,4,4,1428.3562025324034
725,DE_Battery,2030,1,5,5,1428.3562025324034
726,DE_Battery,2030,1,6,6,20.43788051502088
727,DE_Battery,2030,1,7,7,0.0
728,DE_Battery,2030,1,8,8,1407.9183220173825
729,DE_Battery,2030,1,9,9,0.0
730,DE_Battery,2030,1,10,10,0.0
731,DE_Battery,2030,1,11,11,0.0
732,DE_Battery,2030,1,12,12,0.0
733,DE_Battery,2030,1,13,13,0.0
734,DE_Battery,2030,1,14,14,0.0
735,DE_Battery,2030,1,15,15,20.43788051502088
736,DE_Battery,2030,1,16,16,1428.3562025324034
737,DE_Battery,2030,1,17,17,1428.3562025324034
738,DE_Battery,2030,1,18,18,533.2780259088636
739,DE_Battery,2030,1,19,19,533.2780259088636
740,DE_Battery,2030,1,20,20,0.0
741,DE_Battery,2030,1,21,21,0.0
742,DE_Battery,2030,1,22,22,0.0
743,DE_Battery,2030,1,23,23,0.0
744,DE_Battery,2030,1,24,24,0.0
745,DE_Battery,2030,2,1,1,1407.9183220173825
746,DE_Battery,2030,2,2,2,1428.3562025324034
747,DE_Battery,2030,2,3,3,1428.3562025324034
748,DE_Battery,2030,2,4,4,20.43788051502088
749,DE_Battery,2030,2,5,5,20.43788051502088
750,DE_Battery,2030,2,6,6,20.43788051502088
751,DE_Battery,2030,2,7,7,20.43788051502088
752,DE_Battery,2030,2,8,8,0.0
753,DE_Battery,2030,2,9,9,0.0
754,DE_Battery,2030,2,10,10,0.0
755,DE_Battery,2030,2,11,11,1407.9183220173825
756,DE_Battery,2030,2,12,12,1407.9183220173825
757,DE_Battery,2030,2,13,13,0.0
758,DE_Battery,2030,2,14,14,0.0
759,DE_Battery,2030,2,15,15,0.0
760,DE_Battery,2030,2,16,16,0.0
761,DE_Battery,2030,2,17,17,0.0
762,DE_Battery,2030,2,18,18,0.0
763,DE_Battery,2030,2,19,19,0.0
764,DE_Battery,2030,2,20,20,0.0
765,DE_Battery,2030,2,21,21,0.0
766,DE_Battery,2030,2,22,22,0.0
767,DE_Battery,2030,2,23,23,0.0
768,DE_Battery,2030,2,24,24,0.0
769,DE_Battery,2030,3,1,1,0.0
770,DE_Battery,2030,3,2,2,0.0
771,DE_Battery,2030,3,3,3,0.0
772,DE_Battery,2030,3,4,4,0.0
773,DE_Battery,2030,3,5,5,0.0
774,DE_Battery,2030,3,6,6,888.9547746508392
775,DE_Battery,2030,3,7,7,888.9547746508392
776,DE_Battery,2030,3,8,8,1416.4016559865045
777,DE_Battery,2030,3,9,9,534.3099503727901
778,DE_Battery,2030,3,10,10,101.80180716864993
779,DE_Battery,2030,3,11,11,1428.3562025324034
780,DE_Battery,2030,3,12,12,37.953082153946525
781,DE_Battery,2030,3,13,13,0.0
782,DE_Battery,2030,3,14,14,0.0
783,DE_Battery,2030,3,15,15,0.0
784,DE_Battery,2030,3,16,16,0.0
785,DE_Battery,2030,3,17,17,1407.9183220173825
786,DE_Battery,2030,3,18,18,1407.9183220173825
787,DE_Battery,2030,3,19,19,0.0
788,DE_Battery,2030,3,20,20,0.0
789,DE_Battery,2030,3,21,21,0.0
790,DE_Battery,2030,3,22,22,0.0
791,DE_Battery,2030,3,23,23,0.0
792,DE_Battery,2030,3,24,24,0.0
793,DE_Battery,2030,4,1,1,0.0
794,DE_Battery,2030,4,2,2,0.0
795,DE_Battery,2030,4,3,3,0.0
796,DE_Battery,2030,4,4,4,0.0
797,DE_Battery,2030,4,5,5,0.0
798,DE_Battery,2030,4,6,6,0.0
799,DE_Battery,2030,4,7,7,0.0
800,DE_Battery,2030,4,8,8,0.0
801,DE_Battery,2030,4,9,9,0.0
802,DE_Battery,2030,4,10,10,0.0
803,DE_Battery,2030,4,11,11,0.0
804,DE_Battery,2030,4,12,12,0.0
805,DE_Battery,2030,4,13,13,0.0
806,DE_Battery,2030,4,14,14,0.0
807,DE_Battery,2030,4,15,15,1407.9183220173825
808,DE_Battery,2030,4,16,16,1407.9183220173825
809,DE_Battery,2030,4,17,17,1407.9183220173825
810,DE_Battery,2030,4,18,18,0.0
811,DE_Battery,2030,4,19,19,0.0
812,DE_Battery,2030,4,20,20,0.0
813,DE_Battery,2030,4,21,21,0.0
814,DE_Battery,2030,4,22,22,0.0
815,DE_Battery,2030,4,23,23,0.0
816,DE_Battery,2030,4,24,24,0.0
817,DE_Battery,2030,5,1,1,0.0
818,DE_Battery,2030,5,2,2,0.0
819,DE_Battery,2030,5,3,3,0.0
820,DE_Battery,2030,5,4,4,0.0
821,DE_Battery,2030,5,5,5,0.0
822,DE_Battery,2030,5,6,6,1407.9183220173825
823,DE_Battery,2030,5,7,7,0.0
824,DE_Battery,2030,5,8,8,0.0
825,DE_Battery,2030,5,9,9,0.0
826,DE_Battery,2030,5,10,10,0.0
827,DE_Battery,2030,5,11,11,0.0
828,DE_Battery,2030,5,12,12,0.0
829,DE_Battery,2030,5,13,13,0.0
830,DE_Battery,2030,5,14,14,0.0
831,DE_Battery,2030,5,15,15,0.0
832,DE_Battery,2030,5,16,16,0.0
833,DE_Battery,2030,5,17,17,0.0
834,DE_Battery,2030,5,18,18,0.0
835,DE_Battery,2030,5,19,19,0.0
836,DE_Battery,2030,5,20,20,0.0
837,DE_Battery,2030,5,21,21,0.0
838,DE_Battery,2030,5,22,22,0.0
839,DE_Battery,2030,5,23,23,0.0
840,DE_Battery,2030,5,24,24,0.0
841,DE_Battery,2030,6,1,1,0.0
842,DE_Battery,2030,6,2,2,0.0
843,DE_Battery,2030,6,3,3,20.43788051502088
844,DE_Battery,2030,6,4,4,1428.3562025324034
845,DE_Battery,2030,6,5,5,1407.9183220173825
846,DE_Battery,2030,6,6,6,0.0
847,DE_Battery,2030,6,7,7,0.0
848,DE_Battery,2030,6,8,8,1407.9183220173825
849,DE_Battery,2030,6,9,9,1407.9183220173825
850,DE_Battery,2030,6,10,10,1407.9183220173825
851,DE_Battery,2030,6,11,11,1407.9183220173825
852,DE_Battery,2030,6,12,12,1407.9183220173825
853,DE_Battery,2030,6,13,13,0.0
854,DE_Battery,2030,6,14,14,0.0
855,DE_Battery,2030,6,15,15,1407.9183220173825
856,DE_Battery,2030,6,16,16,0.0
857,DE_Battery,2030,6,17,17,0.0
858,DE_Battery,2030,6,18,18,0.0
859,DE_Battery,2030,6,19,19,0.0
860,DE_Battery,2030,6,20,20,0.0
861,DE_Battery,2030,6,21,21,0.0
862,DE_Battery,2030,6,22,22,0.0
863,DE_Battery,2030,6,23,23,0.0
864,DE_Battery,2030,6,24,24,0.0
865,DE_Battery,2030,7,1,1,1407.9183220173825
866,DE_Battery,2030,7,2,2,0.0
867,DE_Battery,2030,7,3,3,1407.9183220173825
868,DE_Battery,2030,7,4,4,1428.3562025324034
869,DE_Battery,2030,7,5,5,1428.3562025324034
870,DE_Battery,2030,7,6,6,1428.3562025324034
871,DE_Battery,2030,7,7,7,20.43788051502088
872,DE_Battery,2030,7,8,8,1407.9183220173825
873,DE_Battery,2030,7,9,9,0.0
874,DE_Battery,2030,7,10,10,0.0
875,DE_Battery,2030,7,11,11,0.0
876,DE_Battery,2030,7,12,12,0.0
877,DE_Battery,2030,7,13,13,0.0
878,DE_Battery,2030,7,14,14,0.0
879,DE_Battery,2030,7,15,15,20.43788051502088
880,DE_Battery,2030,7,16,16,1428.3562025324034
881,DE_Battery,2030,7,17,17,1407.9183220173825
882,DE_Battery,2030,7,18,18,1407.9183220173825
883,DE_Battery,2030,7,19,19,0.0
884,DE_Battery,2030,7,20,20,0.0
885,DE_Battery,2030,7,21,21,0.0
886,DE_Battery,2030,7,22,22,0.0
887,DE_Battery,2030,7,23,23,0.0
888,DE_Battery,2030,7,24,24,0.0
889,DE_Battery,2030,8,1,1,0.0
890,DE_Battery,2030,8,2,2,0.0
891,DE_Battery,2030,8,3,3,0.0
892,DE_Battery,2030,8,4,4,436.2629814671004
893,DE_Battery,2030,8,5,5,436.2629814671004
894,DE_Battery,2030,8,6,6,436.2629814671004
895,DE_Battery,2030,8,7,7,0.0
896,DE_Battery,2030,8,8,8,0.0
897,DE_Battery,2030,8,9,9,0.0
898,DE_Battery,2030,8,10,10,0.0
899,DE_Battery,2030,8,11,11,0.0
900,DE_Battery,2030,8,12,12,0.0
901,DE_Battery,2030,8,13,13,0.0
902,DE_Battery,2030,8,14,14,0.0
903,DE_Battery,2030,8,15,15,0.0
904,DE_Battery,2030,8,16,16,0.0
905,DE_Battery,2030,8,17,17,1407.9183220173825
906,DE_Battery,2030,8,18,18,1428.3562025324034
907,DE_Battery,2030,8,19,19,20.43788051502088
908,DE_Battery,2030,8,20,20,0.0
909,DE_Battery,2030,8,21,21,0.0
910,DE_Battery,2030,8,22,22,0.0
911,DE_Battery,2030,8,23,23,0.0
912,DE_Battery,2030,8,24,24,0.0
913,DE_Battery,2030,9,1,1,0.0
914,DE_Battery,2030,9,2,2,0.0
915,DE_Battery,2030,9,3,3,0.0
916,DE_Battery,2030,9,4,4,0.0
917,DE_Battery,2030,9,5,5,0.0
918,DE_Battery,2030,9,6,6,1397.3907488256937
919,DE_Battery,2030,9,7,7,1397.3907488256937
920,DE_Battery,2030,9,8,8,1397.3907488256937
921,DE_Battery,2030,9,9,9,1397.3907488256937
922,DE_Battery,2030,9,10,10,496.049260950133
923,DE_Battery,2030,9,11,11,1407.9183220173825
924,DE_Battery,2030,9,12,12,0.0
925,DE_Battery,2030,9,13,13,0.0
926,DE_Battery,2030,9,14,14,0.0
927,DE_Battery,2030,9,15,15,0.0
928,DE_Battery,2030,9,16,16,1407.9183220173825
929,DE_Battery,2030,9,17,17,1428.3562025324034
930,DE_Battery,2030,9,18,18,1428.3562025324034
931,DE_Battery,2030,9,19,19,20.43788051502088
932,DE_Battery,2030,9,20,20,0.0
933,DE_Battery,2030,9,21,21,0.0
934,DE_Battery,2030,9,22,22,0.0
935,DE_Battery,2030,9,23,23,0.0
936,DE_Battery,2030,9,24,24,0.0
937,DE_Battery,2030,10,1,1,444.2300152204889
938,DE_Battery,2030,10,2,2,784.0086613419255
939,DE_Battery,2030,10,3,3,20.43788051502088
940,DE_Battery,2030,10,4,4,1428.3562025324034
941,DE_Battery,2030,10,5,5,1428.3562025324034
942,DE_Battery,2030,10,6,6,1428.3562025324034
943,DE_Battery,2030,10,7,7,855.3916270846495
944,DE_Battery,2030,10,8,8,855.3916270846495
945,DE_Battery,2030,10,9,9,0.0
946,DE_Battery,2030,10,10,10,0.0
947,DE_Battery,2030,10,11,11,1407.9183220173825
948,DE_Battery,2030,10,12,12,780.8955527684091
949,DE_Battery,2030,10,13,13,1202.6347445129502
950,DE_Battery,2030,10,14,14,1428.3562025324034
951,DE_Battery,2030,10,15,15,891.0206827406844
952,DE_Battery,2030,10,16,16,1428.3562025324034
953,DE_Battery,2030,10,17,17,1407.9183220173825
954,DE_Battery,2030,10,18,18,0.0
955,DE_Battery,2030,10,19,19,0.0
956,DE_Battery,2030,10,20,20,0.0
957,DE_Battery,2030,10,21,21,0.0
958,DE_Battery,2030,10,22,22,0.0
959,DE_Battery,2030,10,23,23,0.0
960,DE_Battery,2030,10,24,24,0.0
961,FR_Battery,2030,1,1,1,0.0
962,FR_Battery,2030,1,2,2,0.0
963,FR_Battery,2030,1,3,3,1341.5559937653607
964,FR_Battery,2030,1,4,4,4866.380594091025
965,FR_Battery,2030,1,5,5,4866.380594091025
966,FR_Battery,2030,1,6,6,3729.8101279131834
967,FR_Battery,2030,1,7,7,4866.380594091025
968,FR_Battery,2030,1,8,8,4866.380594091025
969,FR_Battery,2030,1,9,9,4260.026660434408
970,FR_Battery,2030,1,10,10,1824.7253633389
971,FR_Battery,2030,1,11,11,2250.6886078567886
972,FR_Battery,2030,1,12,12,0.0
973,FR_Battery,2030,1,13,13,0.0
974,FR_Battery,2030,1,14,14,0.0
975,FR_Battery,2030,1,15,15,551.0089794097366
976,FR_Battery,2030,1,16,16,2463.5091209369857
977,FR_Battery,2030,1,17,17,4266.576459750696
978,FR_Battery,2030,1,18,18,1341.5559937653607
979,FR_Battery,2030,1,19,19,4866.380594091025
980,FR_Battery,2030,1,20,20,4866.380594091025
981,FR_Battery,2030,1,21,21,3180.1649200182374
982,FR_Battery,2030,1,22,22,0.0
983,FR_Battery,2030,1,23,23,0.0
984,FR_Battery,2030,1,24,24,0.0
985,FR_Battery,2030,2,1,1,0.0
986,FR_Battery,2030,2,2,2,0.0
987,FR_Battery,2030,2,3,3,0.0
988,FR_Battery,2030,2,4,4,0.0
989,FR_Battery,2030,2,5,5,0.0
990,FR_Battery,2030,2,6,6,0.0
991,FR_Battery,2030,2,7,7,0.0
992,FR_Battery,2030,2,8,8,0.0
993,FR_Battery,2030,2,9,9,0.0
994,FR_Battery,2030,2,10,10,0.0
995,FR_Battery,2030,2,11,11,1853.789820608792
996,FR_Battery,2030,2,12,12,0.0
997,FR_Battery,2030,2,13,13,0.0
998,FR_Battery,2030,2,14,14,0.0
999,FR_Battery,2030,2,15,15,0.0
1000,FR_Battery,2030,2,16,16,0.0
1001,FR_Battery,2030,2,17,17,0.0
1002,FR_Battery,2030,2,18,18,2601.7583464236545
1003,FR_Battery,2030,2,19,19,4442.016844213946
1004,FR_Battery,2030,2,20,20,4866.380594091025
1005,FR_Battery,2030,2,21,21,3894.168136312227
1006,FR_Battery,2030,2,22,22,387.60615994550244
1007,FR_Battery,2030,2,23,23,0.0
1008,FR_Battery,2030,2,24,24,0.0
1009,FR_Battery,2030,3,1,1,0.0
1010,FR_Battery,2030,3,2,2,0.0
1011,FR_Battery,2030,3,3,3,0.0
1012,FR_Battery,2030,3,4,4,0.0
1013,FR_Battery,2030,3,5,5,0.0
1014,FR_Battery,2030,3,6,6,0.0
1015,FR_Battery,2030,3,7,7,0.0
1016,FR_Battery,2030,3,8,8,0.0
1017,FR_Battery,2030,3,9,9,0.0
1018,FR_Battery,2030,3,10,10,2309.338035814103
1019,FR_Battery,2030,3,11,11,3404.6452087534094
1020,FR_Battery,2030,3,12,12,3742.226728321983
1021,FR_Battery,2030,3,13,13,4866.380594091025
1022,FR_Battery,2030,3,14,14,4864.098191610473
1023,FR_Battery,2030,3,15,15,4864.098191610473
1024,FR_Battery,2030,3,16,16,3379.6390508671057
1025,FR_Battery,2030,3,17,17,276.6828164374838
1026,FR_Battery,2030,3,18,18,0.0
1027,FR_Battery,2030,3,19,19,2079.805752371103
1028,FR_Battery,2030,3,20,20,4767.85319149086
1029,FR_Battery,2030,3,21,21,3990.299229878648
1030,FR_Battery,2030,3,22,22,2872.407236030078
1031,FR_Battery,2030,3,23,23,0.0
1032,FR_Battery,2030,3,24,24,0.0
1033,FR_Battery,2030,4,1,1,0.0
1034,FR_Battery,2030,4,2,2,0.0
1035,FR_Battery,2030,4,3,3,0.0
1036,FR_Battery,2030,4,4,4,0.0
1037,FR_Battery,2030,4,5,5,0.0
1038,FR_Battery,2030,4,6,6,0.0
1039,FR_Battery,2030,4,7,7,0.0
1040,FR_Battery,2030,4,8,8,0.0
1041,FR_Battery,2030,4,9,9,0.0
1042,FR_Battery,2030,4,10,10,1273.781683436474
1043,FR_Battery,2030,4,11,11,1273.781683436474
1044,FR_Battery,2030,4,12,12,0.0
1045,FR_Battery,2030,4,13,13,0.0
1046,FR_Battery,2030,4,14,14,0.0
1047,FR_Battery,2030,4,15,15,0.0
1048,FR_Battery,2030,4,16,16,0.0
1049,FR_Battery,2030,4,17,17,0.0
1050,FR_Battery,2030,4,18,18,0.0
1051,FR_Battery,2030,4,19,19,1341.5559937653607
1052,FR_Battery,2030,4,20,20,4866.380594091025
1053,FR_Battery,2030,4,21,21,3317.667460785272
1054,FR_Battery,2030,4,22,22,0.0
1055,FR_Battery,2030,4,23,23,0.0
1056,FR_Battery,2030,4,24,24,0.0
1057,FR_Battery,2030,5,1,1,0.0
1058,FR_Battery,2030,5,2,2,0.0
1059,FR_Battery,2030,5,3,3,0.0
1060,FR_Battery,2030,5,4,4,0.0
1061,FR_Battery,2030,5,5,5,0.0
1062,FR_Battery,2030,5,6,6,0.0
1063,FR_Battery,2030,5,7,7,0.0
1064,FR_Battery,2030,5,8,8,0.0
1065,FR_Battery,2030,5,9,9,0.0
1066,FR_Battery,2030,5,10,10,0.0
1067,FR_Battery,2030,5,11,11,0.0
1068,FR_Battery,2030,5,12,12,0.0
1069,FR_Battery,2030,5,13,13,0.0
1070,FR_Battery,2030,5,14,14,0.0
1071,FR_Battery,2030,5,15,15,0.0
1072,FR_Battery,2030,5,16,16,0.0
1073,FR_Battery,2030,5,17,17,0.0
1074,FR_Battery,2030,5,18,18,3524.8246003256645
1075,FR_Battery,2030,5,19,19,3524.8246003256645
1076,FR_Battery,2030,5,20,20,0.0
1077,FR_Battery,2030,5,21,21,3524.8246003256645
1078,FR_Battery,2030,5,22,22,0.0
1079,FR_Battery,2030,5,23,23,0.0
1080,FR_Battery,2030,5,24,24,0.0
1081,FR_Battery,2030,6,1,1,0.0
1082,FR_Battery,2030,6,2,2,0.0
1083,FR_Battery,2030,6,3,3,0.0
1084,FR_Battery,2030,6,4,4,3524.8246003256645
1085,FR_Battery,2030,6,5,5,3524.8246003256645
1086,FR_Battery,2030,6,6,6,4539.234660494241
1087,FR_Battery,2030,6,7,7,4866.380594091025
1088,FR_Battery,2030,6,8,8,2568.9920157175466
1089,FR_Battery,2030,6,9,9,0.0
1090,FR_Battery,2030,6,10,10,0.0
1091,FR_Battery,2030,6,11,11,68.61106924484534
1092,FR_Battery,2030,6,12,12,0.0
1093,FR_Battery,2030,6,13,13,0.0
1094,FR_Battery,2030,6,14,14,0.0
1095,FR_Battery,2030,6,15,15,0.0
1096,FR_Battery,2030,6,16,16,0.0
1097,FR_Battery,2030,6,17,17,0.0
1098,FR_Battery,2030,6,18,18,0.0
1099,FR_Battery,2030,6,19,19,3524.8246003256645
1100,FR_Battery,2030,6,20,20,4866.380594091025
1101,FR_Battery,2030,6,21,21,4613.807347919816
1102,FR_Battery,2030,6,22,22,1088.982747594151
1103,FR_Battery,2030,6,23,23,0.0
1104,FR_Battery,2030,6,24,24,0.0
1105,FR_Battery,2030,7,1,1,879.7110772958113
1106,FR_Battery,2030,7,2,2,4404.535677621476
1107,FR_Battery,2030,7,3,3,4404.535677621476
1108,FR_Battery,2030,7,4,4,4866.380594091025
1109,FR_Battery,2030,7,5,5,4866.380594091025
1110,FR_Battery,2030,7,6,6,4866.380594091025
1111,FR_Battery,2030,7,7,7,4866.380594091025
1112,FR_Battery,2030,7,8,8,4696.650144480535
1113,FR_Battery,2030,7,9,9,4280.413237210172
1114,FR_Battery,2030,7,10,10,4614.120824665896
1115,FR_Battery,2030,7,11,11,4134.523460139834
1116,FR_Battery,2030,7,12,12,990.2721314821622
1117,FR_Battery,2030,7,13,13,0.0
1118,FR_Battery,2030,7,14,14,0.0
1119,FR_Battery,2030,7,15,15,2094.4393886365206
1120,FR_Battery,2030,7,16,16,4866.380594091025
1121,FR_Battery,2030,7,17,17,4866.380594091025
1122,FR_Battery,2030,7,18,18,3953.6191056166044
1123,FR_Battery,2030,7,19,19,2775.548574160658
1124,FR_Battery,2030,7,20,20,4433.2140718591845
1125,FR_Battery,2030,7,21,21,4866.380594091025
1126,FR_Battery,2030,7,22,22,1341.5559937653607
1127,FR_Battery,2030,7,23,23,101.28812425289016
1128,FR_Battery,2030,7,24,24,0.0
1129,FR_Battery,2030,8,1,1,0.0
1130,FR_Battery,2030,8,2,2,0.0
1131,FR_Battery,2030,8,3,3,0.0
1132,FR_Battery,2030,8,4,4,0.0
1133,FR_Battery,2030,8,5,5,0.0
1134,FR_Battery,2030,8,6,6,0.0
1135,FR_Battery,2030,8,7,7,0.0
1136,FR_Battery,2030,8,8,8,0.0
1137,FR_Battery,2030,8,9,9,0.0
1138,FR_Battery,2030,8,10,10,0.0
1139,FR_Battery,2030,8,11,11,0.0
1140,FR_Battery,2030,8,12,12,0.0
1141,FR_Battery,2030,8,13,13,0.0
1142,FR_Battery,2030,8,14,14,0.0
1143,FR_Battery,2030,8,15,15,0.0
1144,FR_Battery,2030,8,16,16,0.0
1145,FR_Battery,2030,8,17,17,0.0
1146,FR_Battery,2030,8,18,18,0.0
1147,FR_Battery,2030,8,19,19,432.4202623306608
1148,FR_Battery,2030,8,20,20,432.4202623306608
1149,FR_Battery,2030,8,21,21,0.0
1150,FR_Battery,2030,8,22,22,0.0
1151,FR_Battery,2030,8,23,23,0.0
1152,FR_Battery,2030,8,24,24,0.0
1153,FR_Battery,2030,9,1,1,0.0
1154,FR_Battery,2030,9,2,2,0.0
1155,FR_Battery,2030,9,3,3,0.0
1156,FR_Battery,2030,9,4,4,3524.8246003256645
1157,FR_Battery,2030,9,5,5,3524.8246003256645
1158,FR_Battery,2030,9,6,6,4796.4259445842545
1159,FR_Battery,2030,9,7,7,4796.4259445842545
1160,FR_Battery,2030,9,8,8,4246.938849591694
1161,FR_Battery,2030,9,9,9,2025.461237944076
1162,FR_Battery,2030,9,10,10,826.4500856690938
1163,FR_Battery,2030,9,11,11,3524.8246003256645
1164,FR_Battery,2030,9,12,12,0.0
1165,FR_Battery,2030,9,13,13,0.0
1166,FR_Battery,2030,9,14,14,0.0
1167,FR_Battery,2030,9,15,15,0.0
1168,FR_Battery,2030,9,16,16,1355.9542578495561
1169,FR_Battery,2030,9,17,17,4866.380594091025
1170,FR_Battery,2030,9,18,18,4866.380594091025
1171,FR_Battery,2030,9,19,19,2931.5576709659917
1172,FR_Battery,2030,9,20,20,0.0
1173,FR_Battery,2030,9,21,21,0.0
1174,FR_Battery,2030,9,22,22,0.0
1175,FR_Battery,2030,9,23,23,0.0
1176,FR_Battery,2030,9,24,24,0.0
1177,FR_Battery,2030,10,1,1,0.0
1178,FR_Battery,2030,10,2,2,231.29081631492772
1179,FR_Battery,2030,10,3,3,246.55365795319995
1180,FR_Battery,2030,10,4,4,246.55365795319995
1181,FR_Battery,2030,10,5,5,3771.3782582788645
1182,FR_Battery,2030,10,6,6,4866.380594091025
1183,FR_Battery,2030,10,7,7,3464.5210509415774
1184,FR_Battery,2030,10,8,8,2070.0001124225328
1185,FR_Battery,2030,10,9,9,4543.758694856337
1186,FR_Battery,2030,10,10,10,3269.8659117875354
1187,FR_Battery,2030,10,11,11,1694.2217761668007
1188,FR_Battery,2030,10,12,12,165.36496464416268
1189,FR_Battery,2030,10,13,13,0.0
1190,FR_Battery,2030,10,14,14,1409.2005175497434
1191,FR_Battery,2030,10,15,15,3603.2309210896065
1192,FR_Battery,2030,10,16,16,4743.96540466698
1193,FR_Battery,2030,10,17,17,4539.017444031973
1194,FR_Battery,2030,10,18,18,2292.9806302531015
1195,FR_Battery,2030,10,19,19,1914.0098129800094
1196,FR_Battery,2030,10,20,20,3166.591979616625
1197,FR_Battery,2030,10,21,21,3166.591979616625
1198,FR_Battery,2030,10,22,22,1662.0327505090522
1199,FR_Battery,2030,10,23,23,0.0
1200,FR_Battery,2030,10,24,24,0.0
1201,LU_Battery,2030,1,1,1,0.0
1202,LU_Battery,2030,1,2,2,0.0
1203,LU_Battery,2030,1,3,3,0.0
1204,LU_Battery,2030,1,4,4,460.0348116202181
1205,LU_Battery,2030,1,5,5,460.0348116202181
1206,LU_Battery,2030,1,6,6,0.0
1207,LU_Battery,2030,1,7,7,0.0
1208,LU_Battery,2030,1,8,8,47.6669019018006
1209,LU_Battery,2030,1,9,9,0.0
1210,LU_Battery,2030,1,10,10,0.0
1211,LU_Battery,2030,1,11,11,0.0
1212,LU_Battery,2030,1,12,12,0.0
1213,LU_Battery,2030,1,13,13,0.0
1214,LU_Battery,2030,1,14,14,0.0
1215,LU_Battery,2030,1,15,15,460.0348116202181
1216,LU_Battery,2030,1,16,16,460.0348116202181
1217,LU_Battery,2030,1,17,17,460.0348116202181
1218,LU_Battery,2030,1,18,18,460.0348116202181
1219,LU_Battery,2030,1,19,19,460.0348116202181
1220,LU_Battery,2030,1,20,20,0.0
1221,LU_Battery,2030,1,21,21,0.0
1222,LU_Battery,2030,1,22,22,228.47166996129903
1223,LU_Battery,2030,1,23,23,0.0
1224,LU_Battery,2030,1,24,24,0.0
1225,LU_Battery,2030,2,1,1,0.0
1226,LU_Battery,2030,2,2,2,0.0
1227,LU_Battery,2030,2,3,3,6.806928994035957
1228,LU_Battery,2030,2,4,4,234.68932109949048
1229,LU_Battery,2030,2,5,5,460.0348116202181
1230,LU_Battery,2030,2,6,6,460.0348116202181
1231,LU_Battery,2030,2,7,7,460.0348116202181
1232,LU_Battery,2030,2,8,8,460.0348116202181
1233,LU_Battery,2030,2,9,9,460.0348116202181
1234,LU_Battery,2030,2,10,10,0.0
1235,LU_Battery,2030,2,11,11,312.54765336945434
1236,LU_Battery,2030,2,12,12,312.54765336945434
1237,LU_Battery,2030,2,13,13,0.0
1238,LU_Battery,2030,2,14,14,0.0
1239,LU_Battery,2030,2,15,15,0.0
1240,LU_Battery,2030,2,16,16,0.0
1241,LU_Battery,2030,2,17,17,0.0
1242,LU_Battery,2030,2,18,18,0.0
1243,LU_Battery,2030,2,19,19,0.0
1244,LU_Battery,2030,2,20,20,460.0348116202181
1245,LU_Battery,2030,2,21,21,0.0
1246,LU_Battery,2030,2,22,22,0.0
1247,LU_Battery,2030,2,23,23,0.0
1248,LU_Battery,2030,2,24,24,0.0
1249,LU_Battery,2030,3,1,1,460.0348116202181
1250,LU_Battery,2030,3,2,2,0.0
1251,LU_Battery,2030,3,3,3,0.0
1252,LU_Battery,2030,3,4,4,0.0
1253,LU_Battery,2030,3,5,5,0.0
1254,LU_Battery,2030,3,6,6,0.0
1255,LU_Battery,2030,3,7,7,0.0
1256,LU_Battery,2030,3,8,8,22.48004826427598
1257,LU_Battery,2030,3,9,9,0.0
1258,LU_Battery,2030,3,10,10,0.0
1259,LU_Battery,2030,3,11,11,294.9061469932409
1260,LU_Battery,2030,3,12,12,460.0348116202181
1261,LU_Battery,2030,3,13,13,460.0348116202181
1262,LU_Battery,2030,3,14,14,460.0348116202181
1263,LU_Battery,2030,3,15,15,0.0
1264,LU_Battery,2030,3,16,16,0.0
1265,LU_Battery,2030,3,17,17,0.0
1266,LU_Battery,2030,3,18,18,0.0
1267,LU_Battery,2030,3,19,19,0.0
1268,LU_Battery,2030,3,20,20,0.0
1269,LU_Battery,2030,3,21,21,0.0
1270,LU_Battery,2030,3,22,22,0.0
1271,LU_Battery,2030,3,23,23,0.0
1272,LU_Battery,2030,3,24,24,0.0
1273,LU_Battery,2030,4,1,1,94.80770554886976
1274,LU_Battery,2030,4,2,2,197.47462812591334
1275,LU_Battery,2030,4,3,3,308.65283231686954
1276,LU_Battery,2030,4,4,4,426.1670515099131
1277,LU_Battery,2030,4,5,5,460.0348116202181
1278,LU_Battery,2030,4,6,6,460.0348116202181
1279,LU_Battery,2030,4,7,7,460.0348116202181
1280,LU_Battery,2030,4,8,8,228.60792712910757
1281,LU_Battery,2030,4,9,9,0.0
1282,LU_Battery,2030,4,10,10,0.0
1283,LU_Battery,2030,4,11,11,460.0348116202181
1284,LU_Battery,2030,4,12,12,0.0
1285,LU_Battery,2030,4,13,13,0.0
1286,LU_Battery,2030,4,14,14,26.474802140578333
1287,LU_Battery,2030,4,15,15,460.0348116202181
1288,LU_Battery,2030,4,16,16,460.0348116202181
1289,LU_Battery,2030,4,17,17,460.0348116202181
1290,LU_Battery,2030,4,18,18,308.46783628310635
1291,LU_Battery,2030,4,19,19,0.0
1292,LU_Battery,2030,4,20,20,0.0
1293,LU_Battery,2030,4,21,21,93.33111608304716
1294,LU_Battery,2030,4,22,22,93.33111608304716
1295,LU_Battery,2030,4,23,23,0.0
1296,LU_Battery,2030,4,24,24,0.0
1297,LU_Battery,2030,5,1,1,0.0
1298,LU_Battery,2030,5,2,2,0.0
1299,LU_Battery,2030,5,3,3,0.0
1300,LU_Battery,2030,5,4,4,0.0
1301,LU_Battery,2030,5,5,5,0.0
1302,LU_Battery,2030,5,6,6,0.0
1303,LU_Battery,2030,5,7,7,0.0
1304,LU_Battery,2030,5,8,8,0.0
1305,LU_Battery,2030,5,9,9,0.0
1306,LU_Battery,2030,5,10,10,0.0
1307,LU_Battery,2030,5,11,11,0.0
1308,LU_Battery,2030,5,12,12,0.0
1309,LU_Battery,2030,5,13,13,0.0
1310,LU_Battery,2030,5,14,14,0.0
1311,LU_Battery,2030,5,15,15,0.0
1312,LU_Battery,2030,5,16,16,0.0
1313,LU_Battery,2030,5,17,17,0.0
1314,LU_Battery,2030,5,18,18,0.0
1315,LU_Battery,2030,5,19,19,0.0
1316,LU_Battery,2030,5,20,20,0.0
1317,LU_Battery,2030,5,21,21,0.0
1318,LU_Battery,2030,5,22,22,0.0
1319,LU_Battery,2030,5,23,23,0.0
1320,LU_Battery,2030,5,24,24,0.0
1321,LU_Battery,2030,6,1,1,0.0
1322,LU_Battery,2030,6,2,2,0.0
1323,LU_Battery,2030,6,3,3,0.0
1324,LU_Battery,2030,6,4,4,100.97828054114416
1325,LU_Battery,2030,6,5,5,100.97828054114416
1326,LU_Battery,2030,6,6,6,460.0348116202181
1327,LU_Battery,2030,6,7,7,0.0
1328,LU_Battery,2030,6,8,8,0.0
1329,LU_Battery,2030,6,9,9,0.0
1330,LU_Battery,2030,6,10,10,0.0
1331,LU_Battery,2030,6,11,11,0.0
1332,LU_Battery,2030,6,12,12,348.2332439133686
1333,LU_Battery,2030,6,13,13,348.2332439133686
1334,LU_Battery,2030,6,14,14,348.2332439133686
1335,LU_Battery,2030,6,15,15,348.2332439133686
1336,LU_Battery,2030,6,16,16,348.2332439133686
1337,LU_Battery,2030,6,17,17,348.2332439133686
1338,LU_Battery,2030,6,18,18,348.2332439133686
1339,LU_Battery,2030,6,19,19,348.2332439133686
1340,LU_Battery,2030,6,20,20,0.0
1341,LU_Battery,2030,6,21,21,0.0
1342,LU_Battery,2030,6,22,22,0.0
1343,LU_Battery,2030,6,23,23,0.0
1344,LU_Battery,2030,6,24,24,0.0
1345,LU_Battery,2030,7,1,1,254.43713433708115
1346,LU_Battery,2030,7,2,2,0.0
1347,LU_Battery,2030,7,3,3,460.0348116202181
1348,LU_Battery,2030,7,4,4,460.0348116202181
1349,LU_Battery,2030,7,5,5,460.0348116202181
1350,LU_Battery,2030,7,6,6,460.0348116202181
1351,LU_Battery,2030,7,7,7,0.0
1352,LU_Battery,2030,7,8,8,460.0348116202181
1353,LU_Battery,2030,7,9,9,0.0
1354,LU_Battery,2030,7,10,10,120.36846543907723
1355,LU_Battery,2030,7,11,11,0.0
1356,LU_Battery,2030,7,12,12,0.0
1357,LU_Battery,2030,7,13,13,0.0
1358,LU_Battery,2030,7,14,14,0.0
1359,LU_Battery,2030,7,15,15,460.0348116202181
1360,LU_Battery,2030,7,16,16,460.0348116202181
1361,LU_Battery,2030,7,17,17,460.0348116202181
1362,LU_Battery,2030,7,18,18,0.0
1363,LU_Battery,2030,7,19,19,0.0
1364,LU_Battery,2030,7,20,20,0.0
1365,LU_Battery,2030,7,21,21,0.0
1366,LU_Battery,2030,7,22,22,0.0
1367,LU_Battery,2030,7,23,23,0.0
1368,LU_Battery,2030,7,24,24,0.0
1369,LU_Battery,2030,8,1,1,0.0
1370,LU_Battery,2030,8,2,2,0.0
1371,LU_Battery,2030,8,3,3,0.0
1372,LU_Battery,2030,8,4,4,0.0
1373,LU_Battery,2030,8,5,5,0.0
1374,LU_Battery,2030,8,6,6,0.0
1375,LU_Battery,2030,8,7,7,0.0
1376,LU_Battery,2030,8,8,8,0.0
1377,LU_Battery,2030,8,9,9,0.0
1378,LU_Battery,2030,8,10,10,0.0
1379,LU_Battery,2030,8,11,11,0.0
1380,LU_Battery,2030,8,12,12,0.0
1381,LU_Battery,2030,8,13,13,0.0
1382,LU_Battery,2030,8,14,14,0.0
1383,LU_Battery,2030,8,15,15,0.0
1384,LU_Battery,2030,8,16,16,0.0
1385,LU_Battery,2030,8,17,17,0.0
1386,LU_Battery,2030,8,18,18,0.0
1387,LU_Battery,2030,8,19,19,460.0348116202181
1388,LU_Battery,2030,8,20,20,0.0
1389,LU_Battery,2030,8,21,21,0.0
1390,LU_Battery,2030,8,22,22,0.0
1391,LU_Battery,2030,8,23,23,0.0
1392,LU_Battery,2030,8,24,24,0.0
1393,LU_Battery,2030,9,1,1,0.0
1394,LU_Battery,2030,9,2,2,0.0
1395,LU_Battery,2030,9,3,3,0.0
1396,LU_Battery,2030,9,4,4,0.0
1397,LU_Battery,2030,9,5,5,0.0
1398,LU_Battery,2030,9,6,6,0.0
1399,LU_Battery,2030,9,7,7,460.0348116202181
1400,LU_Battery,2030,9,8,8,0.0
1401,LU_Battery,2030,9,9,9,0.0
1402,LU_Battery,2030,9,10,10,0.0
1403,LU_Battery,2030,9,11,11,460.0348116202181
1404,LU_Battery,2030,9,12,12,0.0
1405,LU_Battery,2030,9,13,13,0.0
1406,LU_Battery,2030,9,14,14,0.0
1407,LU_Battery,2030,9,15,15,0.0
1408,LU_Battery,2030,9,16,16,0.0
1409,LU_Battery,2030,9,17,17,460.0348116202181
1410,LU_Battery,2030,9,18,18,460.0348116202181
1411,LU_Battery,2030,9,19,19,0.0
1412,LU_Battery,2030,9,20,20,0.0
1413,LU_Battery,2030,9,21,21,0.0
1414,LU_Battery,2030,9,22,22,0.0
1415,LU_Battery,2030,9,23,23,0.0
1416,LU_Battery,2030,9,24,24,0.0
1417,LU_Battery,2030,10,1,1,0.0
1418,LU_Battery,2030,10,2,2,0.0
1419,LU_Battery,2030,10,3,3,209.08028182021826
1420,LU_Battery,2030,10,4,4,460.0348116202181
1421,LU_Battery,2030,10,5,5,460.0348116202181
1422,LU_Battery,2030,10,6,6,266.8057158093367
1423,LU_Battery,2030,10,7,7,455.2084620409888
1424,LU_Battery,2030,10,8,8,137.87186645112865
1425,LU_Battery,2030,10,9,9,127.94694438110639
1426,LU_Battery,2030,10,10,10,145.88668410725984
1427,LU_Battery,2030,10,11,11,230.73500327721285
1428,LU_Battery,2030,10,12,12,0.0
1429,LU_Battery,2030,10,13,13,0.0
1430,LU_Battery,2030,10,14,14,460.0348116202181
1431,LU_Battery,2030,10,15,15,460.0348116202181
1432,LU_Battery,2030,10,16,16,460.0348116202181
1433,LU_Battery,2030,10,17,17,460.0348116202181
1434,LU_Battery,2030,10,18,18,0.0
1435,LU_Battery,2030,10,19,19,0.0
1436,LU_Battery,2030,10,20,20,0.0
1437,LU_Battery,2030,10,21,21,0.0
1438,LU_Battery,2030,10,22,22,0.0
1439,LU_Battery,2030,10,23,23,0.0
1440,LU_Battery,2030,10,24,24,0.0
1441,NL_Battery,2030,1,1,1,0.0
1442,NL_Battery,2030,1,2,2,56.36122921327774
1443,NL_Battery,2030,1,3,3,0.0
1444,NL_Battery,2030,1,4,4,0.0
1445,NL_Battery,2030,1,5,5,56.36122921327774
1446,NL_Battery,2030,1,6,6,0.0
1447,NL_Battery,2030,1,7,7,0.0
1448,NL_Battery,2030,1,8,8,0.0
1449,NL_Battery,2030,1,9,9,0.0
1450,NL_Battery,2030,1,10,10,0.0
1451,NL_Battery,2030,1,11,11,0.0
1452,NL_Battery,2030,1,12,12,2.460092168554411
1453,NL_Battery,2030,1,13,13,2.460092168554411
1454,NL_Battery,2030,1,14,14,56.36122921327774
1455,NL_Battery,2030,1,15,15,52.39469545690872
1456,NL_Battery,2030,1,16,16,0.0
1457,NL_Battery,2030,1,17,17,0.0
1458,NL_Battery,2030,1,18,18,0.0
1459,NL_Battery,2030,1,19,19,0.0
1460,NL_Battery,2030,1,20,20,0.0
1461,NL_Battery,2030,1,21,21,0.0
1462,NL_Battery,2030,1,22,22,0.0
1463,NL_Battery,2030,1,23,23,0.0
1464,NL_Battery,2030,1,24,24,0.0
1465,NL_Battery,2030,2,1,1,0.0
1466,NL_Battery,2030,2,2,2,0.0
1467,NL_Battery,2030,2,3,3,0.0
1468,NL_Battery,2030,2,4,4,0.0
1469,NL_Battery,2030,2,5,5,56.36122921327774
1470,NL_Battery,2030,2,6,6,0.0
1471,NL_Battery,2030,2,7,7,0.0
1472,NL_Battery,2030,2,8,8,0.0
1473,NL_Battery,2030,2,9,9,0.0
1474,NL_Battery,2030,2,10,10,0.0
1475,NL_Battery,2030,2,11,11,0.0
1476,NL_Battery,2030,2,12,12,0.0
1477,NL_Battery,2030,2,13,13,0.0
1478,NL_Battery,2030,2,14,14,0.0
1479,NL_Battery,2030,2,15,15,0.0
1480,NL_Battery,2030,2,16,16,0.0
1481,NL_Battery,2030,2,17,17,0.0
1482,NL_Battery,2030,2,18,18,0.0
1483,NL_Battery,2030,2,19,19,0.0
1484,NL_Battery,2030,2,20,20,0.0
1485,NL_Battery,2030,2,21,21,0.0
1486,NL_Battery,2030,2,22,22,0.0
1487,NL_Battery,2030,2,23,23,0.0
1488,NL_Battery,2030,2,24,24,0.0
1489,NL_Battery,2030,3,1,1,0.0
1490,NL_Battery,2030,3,2,2,0.0
1491,NL_Battery,2030,3,3,3,0.0
1492,NL_Battery,2030,3,4,4,0.0
1493,NL_Battery,2030,3,5,5,0.0
1494,NL_Battery,2030,3,6,6,0.0
1495,NL_Battery,2030,3,7,7,0.0
1496,NL_Battery,2030,3,8,8,0.0
1497,NL_Battery,2030,3,9,9,0.0
1498,NL_Battery,2030,3,10,10,0.0
1499,NL_Battery,2030,3,11,11,0.0
1500,NL_Battery,2030,3,12,12,0.0
1501,NL_Battery,2030,3,13,13,0.0
1502,NL_Battery,2030,3,14,14,0.0
1503,NL_Battery,2030,3,15,15,0.0
1504,NL_Battery,2030,3,16,16,0.0
1505,NL_Battery,2030,3,17,17,56.36122921327774
1506,NL_Battery,2030,3,18,18,56.36122921327774
1507,NL_Battery,2030,3,19,19,56.36122921327774
1508,NL_Battery,2030,3,20,20,0.0
1509,NL_Battery,2030,3,21,21,0.0
1510,NL_Battery,2030,3,22,22,0.0
1511,NL_Battery,2030,3,23,23,0.0
1512,NL_Battery,2030,3,24,24,0.0
1513,NL_Battery,2030,4,1,1,0.0
1514,NL_Battery,2030,4,2,2,0.0
1515,NL_Battery,2030,4,3,3,0.0
1516,NL_Battery,2030,4,4,4,0.0
1517,NL_Battery,2030,4,5,5,0.0
1518,NL_Battery,2030,4,6,6,34.15580628326802
1519,NL_Battery,2030,4,7,7,56.36122921327774
1520,NL_Battery,2030,4,8,8,56.36122921327774
1521,NL_Battery,2030,4,9,9,0.0
1522,NL_Battery,2030,4,10,10,0.0
1523,NL_Battery,2030,4,11,11,56.36122921327774
1524,NL_Battery,2030,4,12,12,56.36122921327774
1525,NL_Battery,2030,4,13,13,56.36122921327774
1526,NL_Battery,2030,4,14,14,0.0
1527,NL_Battery,2030,4,15,15,0.0
1528,NL_Battery,2030,4,16,16,56.36122921327774
1529,NL_Battery,2030,4,17,17,0.0
1530,NL_Battery,2030,4,18,18,0.0
1531,NL_Battery,2030,4,19,19,0.0
1532,NL_Battery,2030,4,20,20,0.0
1533,NL_Battery,2030,4,21,21,0.0
1534,NL_Battery,2030,4,22,22,0.0
1535,NL_Battery,2030,4,23,23,0.0
1536,NL_Battery,2030,4,24,24,0.0
1537,NL_Battery,2030,5,1,1,0.0
1538,NL_Battery,2030,5,2,2,0.0
1539,NL_Battery,2030,5,3,3,0.0
1540,NL_Battery,2030,5,4,4,0.0
1541,NL_Battery,2030,5,5,5,0.0
1542,NL_Battery,2030,5,6,6,0.0
1543,NL_Battery,2030,5,7,7,0.0
1544,NL_Battery,2030,5,8,8,0.0
1545,NL_Battery,2030,5,9,9,0.0
1546,NL_Battery,2030,5,10,10,0.0
1547,NL_Battery,2030,5,11,11,0.0
1548,NL_Battery,2030,5,12,12,0.0
1549,NL_Battery,2030,5,13,13,0.0
1550,NL_Battery,2030,5,14,14,0.0
1551,NL_Battery,2030,5,15,15,0.0
1552,NL_Battery,2030,5,16,16,0.0
1553,NL_Battery,2030,5,17,17,0.0
1554,NL_Battery,2030,5,18,18,0.0
1555,NL_Battery,2030,5,19,19,0.0
1556,NL_Battery,2030,5,20,20,0.0
1557,NL_Battery,2030,5,21,21,0.0
1558,NL_Battery,2030,5,22,22,0.0
1559,NL_Battery,2030,5,23,23,0.0
1560,NL_Battery,2030,5,24,24,0.0
1561,NL_Battery,2030,6,1,1,0.0
1562,NL_Battery,2030,6,2,2,11.621409486411949
1563,NL_Battery,2030,6,3,3,0.0
1564,NL_Battery,2030,6,4,4,0.0
1565,NL_Battery,2030,6,5,5,0.0
1566,NL_Battery,2030,6,6,6,0.0
1567,NL_Battery,2030,6,7,7,0.0
1568,NL_Battery,2030,6,8,8,0.0
1569,NL_Battery,2030,6,9,9,0.0
1570,NL_Battery,2030,6,10,10,0.0
1571,NL_Battery,2030,6,11,11,0.0
1572,NL_Battery,2030,6,12,12,0.0
1573,NL_Battery,2030,6,13,13,0.0
1574,NL_Battery,2030,6,14,14,0.0
1575,NL_Battery,2030,6,15,15,0.0
1576,NL_Battery,2030,6,16,16,0.0
1577,NL_Battery,2030,6,17,17,0.0
1578,NL_Battery,2030,6,18,18,0.0
1579,NL_Battery,2030,6,19,19,0.0
1580,NL_Battery,2030,6,20,20,0.0
1581,NL_Battery,2030,6,21,21,0.0
1582,NL_Battery,2030,6,22,22,0.0
1583,NL_Battery,2030,6,23,23,0.0
1584,NL_Battery,2030,6,24,24,0.0
1585,NL_Battery,2030,7,1,1,0.0
1586,NL_Battery,2030,7,2,2,0.0
1587,NL_Battery,2030,7,3,3,56.36122921327774
1588,NL_Battery,2030,7,4,4,56.36122921327774
1589,NL_Battery,2030,7,5,5,0.0
1590,NL_Battery,2030,7,6,6,56.36122921327774
1591,NL_Battery,2030,7,7,7,0.0
1592,NL_Battery,2030,7,8,8,0.0
1593,NL_Battery,2030,7,9,9,0.0
1594,NL_Battery,2030,7,10,10,0.0
1595,NL_Battery,2030,7,11,11,0.0
1596,NL_Battery,2030,7,12,12,0.0
1597,NL_Battery,2030,7,13,13,0.0
1598,NL_Battery,2030,7,14,14,0.0
1599,NL_Battery,2030,7,15,15,27.362791414579988
1600,NL_Battery,2030,7,16,16,0.0
1601,NL_Battery,2030,7,17,17,56.36122921327774
1602,NL_Battery,2030,7,18,18,56.36122921327774
1603,NL_Battery,2030,7,19,19,0.0
1604,NL_Battery,2030,7,20,20,0.0
1605,NL_Battery,2030,7,21,21,0.0
1606,NL_Battery,2030,7,22,22,0.0
1607,NL_Battery,2030,7,23,23,0.0
1608,NL_Battery,2030,7,24,24,0.0
1609,NL_Battery,2030,8,1,1,0.0
1610,NL_Battery,2030,8,2,2,0.0
1611,NL_Battery,2030,8,3,3,0.0
1612,NL_Battery,2030,8,4,4,0.0
1613,NL_Battery,2030,8,5,5,0.0
1614,NL_Battery,2030,8,6,6,0.0
1615,NL_Battery,2030,8,7,7,0.0
1616,NL_Battery,2030,8,8,8,0.0
1617,NL_Battery,2030,8,9,9,0.0
1618,NL_Battery,2030,8,10,10,0.0
1619,NL_Battery,2030,8,11,11,0.0
1620,NL_Battery,2030,8,12,12,0.0
1621,NL_Battery,2030,8,13,13,0.0
1622,NL_Battery,2030,8,14,14,0.0
1623,NL_Battery,2030,8,15,15,0.0
1624,NL_Battery,2030,8,16,16,0.0
1625,NL_Battery,2030,8,17,17,0.0
1626,NL_Battery,2030,8,18,18,56.36122921327774
1627,NL_Battery,2030,8,19,19,56.36122921327774
1628,NL_Battery,2030,8,20,20,0.0
1629,NL_Battery,2030,8,21,21,0.0
1630,NL_Battery,2030,8,22,22,0.0
1631,NL_Battery,2030,8,23,23,0.0
1632,NL_Battery,2030,8,24,24,0.0
1633,NL_Battery,2030,9,1,1,0.0
1634,NL_Battery,2030,9,2,2,0.0
1635,NL_Battery,2030,9,3,3,0.0
1636,NL_Battery,2030,9,4,4,0.0
1637,NL_Battery,2030,9,5,5,0.0
1638,NL_Battery,2030,9,6,6,0.0
1639,NL_Battery,2030,9,7,7,56.36122921327774
1640,NL_Battery,2030,9,8,8,0.0
1641,NL_Battery,2030,9,9,9,0.0
1642,NL_Battery,2030,9,10,10,0.0
1643,NL_Battery,2030,9,11,11,56.36122921327774
1644,NL_Battery,2030,9,12,12,0.0
1645,NL_Battery,2030,9,13,13,0.0
1646,NL_Battery,2030,9,14,14,0.0
1647,NL_Battery,2030,9,15,15,0.0
1648,NL_Battery,2030,9,16,16,56.36122921327774
1649,NL_Battery,2030,9,17,17,56.36122921327774
1650,NL_Battery,2030,9,18,18,56.36122921327774
1651,NL_Battery,2030,9,19,19,0.0
1652,NL_Battery,2030,9,20,20,0.0
1653,NL_Battery,2030,9,21,21,0.0
1654,NL_Battery,2030,9,22,22,0.0
1655,NL_Battery,2030,9,23,23,0.0
1656,NL_Battery,2030,9,24,24,0.0
1657,NL_Battery,2030,10,1,1,0.0
1658,NL_Battery,2030,10,2,2,0.0
1659,NL_Battery,2030,10,3,3,0.0
1660,NL_Battery,2030,10,4,4,56.36122921327774
1661,NL_Battery,2030,10,5,5,56.36122921327774
1662,NL_Battery,2030,10,6,6,0.0
1663,NL_Battery,2030,10,7,7,56.36122921327774
1664,NL_Battery,2030,10,8,8,56.36122921327774
1665,NL_Battery,2030,10,9,9,0.0
1666,NL_Battery,2030,10,10,10,0.0
1667,NL_Battery,2030,10,11,11,0.0
1668,NL_Battery,2030,10,12,12,0.0
1669,NL_Battery,2030,10,13,13,0.0
1670,NL_Battery,2030,10,14,14,56.36122921327774
1671,NL_Battery,2030,10,15,15,56.36122921327774
1672,NL_Battery,2030,10,16,16,56.36122921327774
1673,NL_Battery,2030,10,17,17,56.36122921327774
1674,NL_Battery,2030,10,18,18,0.0
1675,NL_Battery,2030,10,19,19,0.0
1676,NL_Battery,2030,10,20,20,0.0
1677,NL_Battery,2030,10,21,21,0.0
1678,NL_Battery,2030,10,22,22,0.0
1679,NL_Battery,2030,10,23,23,0.0
1680,NL_Battery,2030,10,24,24,0.0
