id,asset,year,rep_period,time_block_start,time_block_end,dual_max_output_flow_with_basic_unit_commitment
1,AT_CCGT,2030,1,1,3,0.0
2,AT_CCGT,2030,1,4,6,0.0
3,AT_CCGT,2030,1,7,9,0.0
4,AT_CCGT,2030,1,10,12,0.0
5,AT_CCGT,2030,1,13,15,0.0
6,AT_CCGT,2030,1,16,18,0.0
7,AT_CCGT,2030,1,19,21,0.0
8,AT_CCGT,2030,1,22,24,0.0
9,AT_CCGT,2030,2,1,3,0.0
10,AT_CCGT,2030,2,4,6,0.0
11,AT_CCGT,2030,2,7,9,0.0
12,AT_CCGT,2030,2,10,12,0.0
13,AT_CCGT,2030,2,13,15,0.0
14,AT_CCGT,2030,2,16,18,0.0
15,AT_CCGT,2030,2,19,21,0.0
16,AT_CCGT,2030,2,22,24,0.0
17,AT_CCGT,2030,3,1,3,0.0
18,AT_CCGT,2030,3,4,6,0.0
19,AT_CCGT,2030,3,7,9,0.0
20,AT_CCGT,2030,3,10,12,0.0
21,AT_CCGT,2030,3,13,15,0.0
22,AT_CCGT,2030,3,16,18,0.0
23,AT_CCGT,2030,3,19,21,0.0
24,AT_CCGT,2030,3,22,24,0.0
25,AT_CCGT,2030,4,1,3,0.0
26,AT_CCGT,2030,4,4,6,0.0
27,AT_CCGT,2030,4,7,9,0.0
28,AT_CCGT,2030,4,10,12,0.0
29,AT_CCGT,2030,4,13,15,0.0
30,AT_CCGT,2030,4,16,18,0.0
31,AT_CCGT,2030,4,19,21,0.0
32,AT_CCGT,2030,4,22,24,0.0
33,AT_CCGT,2030,5,1,3,0.0
34,AT_CCGT,2030,5,4,6,0.0
35,AT_CCGT,2030,5,7,9,0.0
36,AT_CCGT,2030,5,10,12,0.0
37,AT_CCGT,2030,5,13,15,0.0
38,AT_CCGT,2030,5,16,18,0.0
39,AT_CCGT,2030,5,19,21,0.0
40,AT_CCGT,2030,5,22,24,0.0
41,AT_CCGT,2030,6,1,3,0.0
42,AT_CCGT,2030,6,4,6,0.0
43,AT_CCGT,2030,6,7,9,0.0
44,AT_CCGT,2030,6,10,12,0.0
45,AT_CCGT,2030,6,13,15,0.0
46,AT_CCGT,2030,6,16,18,0.0
47,AT_CCGT,2030,6,19,21,0.0
48,AT_CCGT,2030,6,22,24,0.0
49,AT_CCGT,2030,7,1,3,0.0
50,AT_CCGT,2030,7,4,6,0.0
51,AT_CCGT,2030,7,7,9,0.0
52,AT_CCGT,2030,7,10,12,0.0
53,AT_CCGT,2030,7,13,15,0.0
54,AT_CCGT,2030,7,16,18,0.0
55,AT_CCGT,2030,7,19,21,0.0
56,AT_CCGT,2030,7,22,24,0.0
57,AT_CCGT,2030,8,1,3,0.0
58,AT_CCGT,2030,8,4,6,0.0
59,AT_CCGT,2030,8,7,9,0.0
60,AT_CCGT,2030,8,10,12,0.0
61,AT_CCGT,2030,8,13,15,0.0
62,AT_CCGT,2030,8,16,18,0.0
63,AT_CCGT,2030,8,19,21,0.0
64,AT_CCGT,2030,8,22,24,0.0
65,AT_CCGT,2030,9,1,3,0.0
66,AT_CCGT,2030,9,4,6,0.0
67,AT_CCGT,2030,9,7,9,0.0
68,AT_CCGT,2030,9,10,12,0.0
69,AT_CCGT,2030,9,13,15,0.0
70,AT_CCGT,2030,9,16,18,0.0
71,AT_CCGT,2030,9,19,21,0.0
72,AT_CCGT,2030,9,22,24,0.0
73,AT_CCGT,2030,10,1,3,0.0
74,AT_CCGT,2030,10,4,6,0.0
75,AT_CCGT,2030,10,7,9,0.0
76,AT_CCGT,2030,10,10,12,0.0
77,AT_CCGT,2030,10,13,15,0.0
78,AT_CCGT,2030,10,16,18,0.0
79,AT_CCGT,2030,10,19,21,0.0
80,AT_CCGT,2030,10,22,24,0.0
81,AT_Coal,2030,1,1,3,0.0
82,AT_Coal,2030,1,4,6,0.0
83,AT_Coal,2030,1,7,9,0.0
84,AT_Coal,2030,1,10,12,0.0
85,AT_Coal,2030,1,13,15,0.0
86,AT_Coal,2030,1,16,18,0.0
87,AT_Coal,2030,1,19,21,0.0
88,AT_Coal,2030,1,22,24,0.0
89,AT_Coal,2030,2,1,3,0.0
90,AT_Coal,2030,2,4,6,0.0
91,AT_Coal,2030,2,7,9,0.0
92,AT_Coal,2030,2,10,12,0.0
93,AT_Coal,2030,2,13,15,0.0
94,AT_Coal,2030,2,16,18,0.0
95,AT_Coal,2030,2,19,21,0.0
96,AT_Coal,2030,2,22,24,0.0
97,AT_Coal,2030,3,1,3,0.0
98,AT_Coal,2030,3,4,6,0.0
99,AT_Coal,2030,3,7,9,0.0
100,AT_Coal,2030,3,10,12,0.0
101,AT_Coal,2030,3,13,15,0.0
102,AT_Coal,2030,3,16,18,0.0
103,AT_Coal,2030,3,19,21,0.0
104,AT_Coal,2030,3,22,24,0.0
105,AT_Coal,2030,4,1,3,0.0
106,AT_Coal,2030,4,4,6,0.0
107,AT_Coal,2030,4,7,9,0.0
108,AT_Coal,2030,4,10,12,0.0
109,AT_Coal,2030,4,13,15,0.0
110,AT_Coal,2030,4,16,18,0.0
111,AT_Coal,2030,4,19,21,0.0
112,AT_Coal,2030,4,22,24,0.0
113,AT_Coal,2030,5,1,3,0.0
114,AT_Coal,2030,5,4,6,0.0
115,AT_Coal,2030,5,7,9,0.0
116,AT_Coal,2030,5,10,12,0.0
117,AT_Coal,2030,5,13,15,0.0
118,AT_Coal,2030,5,16,18,0.0
119,AT_Coal,2030,5,19,21,0.0
120,AT_Coal,2030,5,22,24,0.0
121,AT_Coal,2030,6,1,3,0.0
122,AT_Coal,2030,6,4,6,0.0
123,AT_Coal,2030,6,7,9,0.0
124,AT_Coal,2030,6,10,12,0.0
125,AT_Coal,2030,6,13,15,0.0
126,AT_Coal,2030,6,16,18,0.0
127,AT_Coal,2030,6,19,21,0.0
128,AT_Coal,2030,6,22,24,0.0
129,AT_Coal,2030,7,1,3,0.0
130,AT_Coal,2030,7,4,6,0.0
131,AT_Coal,2030,7,7,9,0.0
132,AT_Coal,2030,7,10,12,0.0
133,AT_Coal,2030,7,13,15,0.0
134,AT_Coal,2030,7,16,18,0.0
135,AT_Coal,2030,7,19,21,0.0
136,AT_Coal,2030,7,22,24,0.0
137,AT_Coal,2030,8,1,3,0.0
138,AT_Coal,2030,8,4,6,0.0
139,AT_Coal,2030,8,7,9,0.0
140,AT_Coal,2030,8,10,12,0.0
141,AT_Coal,2030,8,13,15,0.0
142,AT_Coal,2030,8,16,18,0.0
143,AT_Coal,2030,8,19,21,0.0
144,AT_Coal,2030,8,22,24,0.0
145,AT_Coal,2030,9,1,3,0.0
146,AT_Coal,2030,9,4,6,0.0
147,AT_Coal,2030,9,7,9,0.0
148,AT_Coal,2030,9,10,12,0.0
149,AT_Coal,2030,9,13,15,0.0
150,AT_Coal,2030,9,16,18,0.0
151,AT_Coal,2030,9,19,21,0.0
152,AT_Coal,2030,9,22,24,0.0
153,AT_Coal,2030,10,1,3,0.0
154,AT_Coal,2030,10,4,6,0.0
155,AT_Coal,2030,10,7,9,0.0
156,AT_Coal,2030,10,10,12,0.0
157,AT_Coal,2030,10,13,15,0.0
158,AT_Coal,2030,10,16,18,0.0
159,AT_Coal,2030,10,19,21,0.0
160,AT_Coal,2030,10,22,24,0.0
161,AT_Nuclear,2030,1,1,3,0.0
162,AT_Nuclear,2030,1,4,6,0.0
163,AT_Nuclear,2030,1,7,9,0.0
164,AT_Nuclear,2030,1,10,12,0.0
165,AT_Nuclear,2030,1,13,15,0.0
166,AT_Nuclear,2030,1,16,18,0.0
167,AT_Nuclear,2030,1,19,21,0.0
168,AT_Nuclear,2030,1,22,24,0.0
169,AT_Nuclear,2030,2,1,3,0.0
170,AT_Nuclear,2030,2,4,6,0.0
171,AT_Nuclear,2030,2,7,9,0.0
172,AT_Nuclear,2030,2,10,12,0.0
173,AT_Nuclear,2030,2,13,15,0.0
174,AT_Nuclear,2030,2,16,18,0.0
175,AT_Nuclear,2030,2,19,21,0.0
176,AT_Nuclear,2030,2,22,24,0.0
177,AT_Nuclear,2030,3,1,3,0.0
178,AT_Nuclear,2030,3,4,6,0.0
179,AT_Nuclear,2030,3,7,9,0.0
180,AT_Nuclear,2030,3,10,12,0.0
181,AT_Nuclear,2030,3,13,15,0.0
182,AT_Nuclear,2030,3,16,18,0.0
183,AT_Nuclear,2030,3,19,21,0.0
184,AT_Nuclear,2030,3,22,24,0.0
185,AT_Nuclear,2030,4,1,3,0.0
186,AT_Nuclear,2030,4,4,6,0.0
187,AT_Nuclear,2030,4,7,9,0.0
188,AT_Nuclear,2030,4,10,12,0.0
189,AT_Nuclear,2030,4,13,15,0.0
190,AT_Nuclear,2030,4,16,18,0.0
191,AT_Nuclear,2030,4,19,21,0.0
192,AT_Nuclear,2030,4,22,24,0.0
193,AT_Nuclear,2030,5,1,3,0.0
194,AT_Nuclear,2030,5,4,6,0.0
195,AT_Nuclear,2030,5,7,9,0.0
196,AT_Nuclear,2030,5,10,12,0.0
197,AT_Nuclear,2030,5,13,15,0.0
198,AT_Nuclear,2030,5,16,18,0.0
199,AT_Nuclear,2030,5,19,21,0.0
200,AT_Nuclear,2030,5,22,24,0.0
201,AT_Nuclear,2030,6,1,3,0.0
202,AT_Nuclear,2030,6,4,6,0.0
203,AT_Nuclear,2030,6,7,9,0.0
204,AT_Nuclear,2030,6,10,12,0.0
205,AT_Nuclear,2030,6,13,15,0.0
206,AT_Nuclear,2030,6,16,18,0.0
207,AT_Nuclear,2030,6,19,21,0.0
208,AT_Nuclear,2030,6,22,24,0.0
209,AT_Nuclear,2030,7,1,3,0.0
210,AT_Nuclear,2030,7,4,6,0.0
211,AT_Nuclear,2030,7,7,9,0.0
212,AT_Nuclear,2030,7,10,12,0.0
213,AT_Nuclear,2030,7,13,15,0.0
214,AT_Nuclear,2030,7,16,18,0.0
215,AT_Nuclear,2030,7,19,21,0.0
216,AT_Nuclear,2030,7,22,24,0.0
217,AT_Nuclear,2030,8,1,3,0.0
218,AT_Nuclear,2030,8,4,6,0.0
219,AT_Nuclear,2030,8,7,9,0.0
220,AT_Nuclear,2030,8,10,12,0.0
221,AT_Nuclear,2030,8,13,15,0.0
222,AT_Nuclear,2030,8,16,18,0.0
223,AT_Nuclear,2030,8,19,21,0.0
224,AT_Nuclear,2030,8,22,24,0.0
225,AT_Nuclear,2030,9,1,3,0.0
226,AT_Nuclear,2030,9,4,6,0.0
227,AT_Nuclear,2030,9,7,9,0.0
228,AT_Nuclear,2030,9,10,12,0.0
229,AT_Nuclear,2030,9,13,15,0.0
230,AT_Nuclear,2030,9,16,18,0.0
231,AT_Nuclear,2030,9,19,21,0.0
232,AT_Nuclear,2030,9,22,24,0.0
233,AT_Nuclear,2030,10,1,3,0.0
234,AT_Nuclear,2030,10,4,6,0.0
235,AT_Nuclear,2030,10,7,9,0.0
236,AT_Nuclear,2030,10,10,12,0.0
237,AT_Nuclear,2030,10,13,15,0.0
238,AT_Nuclear,2030,10,16,18,0.0
239,AT_Nuclear,2030,10,19,21,0.0
240,AT_Nuclear,2030,10,22,24,0.0
241,AT_OCGT,2030,1,1,3,0.0
242,AT_OCGT,2030,1,4,6,0.0
243,AT_OCGT,2030,1,7,9,0.0
244,AT_OCGT,2030,1,10,12,0.0
245,AT_OCGT,2030,1,13,15,0.0
246,AT_OCGT,2030,1,16,18,0.0
247,AT_OCGT,2030,1,19,21,0.0
248,AT_OCGT,2030,1,22,24,0.0
249,AT_OCGT,2030,2,1,3,0.0
250,AT_OCGT,2030,2,4,6,0.0
251,AT_OCGT,2030,2,7,9,0.0
252,AT_OCGT,2030,2,10,12,0.0
253,AT_OCGT,2030,2,13,15,0.0
254,AT_OCGT,2030,2,16,18,0.0
255,AT_OCGT,2030,2,19,21,0.0
256,AT_OCGT,2030,2,22,24,0.0
257,AT_OCGT,2030,3,1,3,0.0
258,AT_OCGT,2030,3,4,6,0.0
259,AT_OCGT,2030,3,7,9,0.0
260,AT_OCGT,2030,3,10,12,0.0
261,AT_OCGT,2030,3,13,15,0.0
262,AT_OCGT,2030,3,16,18,0.0
263,AT_OCGT,2030,3,19,21,0.0
264,AT_OCGT,2030,3,22,24,0.0
265,AT_OCGT,2030,4,1,3,0.0
266,AT_OCGT,2030,4,4,6,0.0
267,AT_OCGT,2030,4,7,9,0.0
268,AT_OCGT,2030,4,10,12,0.0
269,AT_OCGT,2030,4,13,15,0.0
270,AT_OCGT,2030,4,16,18,0.0
271,AT_OCGT,2030,4,19,21,0.0
272,AT_OCGT,2030,4,22,24,0.0
273,AT_OCGT,2030,5,1,3,0.0
274,AT_OCGT,2030,5,4,6,0.0
275,AT_OCGT,2030,5,7,9,0.0
276,AT_OCGT,2030,5,10,12,0.0
277,AT_OCGT,2030,5,13,15,0.0
278,AT_OCGT,2030,5,16,18,0.0
279,AT_OCGT,2030,5,19,21,0.0
280,AT_OCGT,2030,5,22,24,0.0
281,AT_OCGT,2030,6,1,3,0.0
282,AT_OCGT,2030,6,4,6,0.0
283,AT_OCGT,2030,6,7,9,0.0
284,AT_OCGT,2030,6,10,12,0.0
285,AT_OCGT,2030,6,13,15,0.0
286,AT_OCGT,2030,6,16,18,0.0
287,AT_OCGT,2030,6,19,21,0.0
288,AT_OCGT,2030,6,22,24,0.0
289,AT_OCGT,2030,7,1,3,0.0
290,AT_OCGT,2030,7,4,6,0.0
291,AT_OCGT,2030,7,7,9,0.0
292,AT_OCGT,2030,7,10,12,0.0
293,AT_OCGT,2030,7,13,15,0.0
294,AT_OCGT,2030,7,16,18,0.0
295,AT_OCGT,2030,7,19,21,0.0
296,AT_OCGT,2030,7,22,24,0.0
297,AT_OCGT,2030,8,1,3,0.0
298,AT_OCGT,2030,8,4,6,0.0
299,AT_OCGT,2030,8,7,9,0.0
300,AT_OCGT,2030,8,10,12,0.0
301,AT_OCGT,2030,8,13,15,0.0
302,AT_OCGT,2030,8,16,18,0.0
303,AT_OCGT,2030,8,19,21,0.0
304,AT_OCGT,2030,8,22,24,0.0
305,AT_OCGT,2030,9,1,3,0.0
306,AT_OCGT,2030,9,4,6,0.0
307,AT_OCGT,2030,9,7,9,0.0
308,AT_OCGT,2030,9,10,12,0.0
309,AT_OCGT,2030,9,13,15,0.0
310,AT_OCGT,2030,9,16,18,0.0
311,AT_OCGT,2030,9,19,21,0.0
312,AT_OCGT,2030,9,22,24,0.0
313,AT_OCGT,2030,10,1,3,0.0
314,AT_OCGT,2030,10,4,6,0.0
315,AT_OCGT,2030,10,7,9,0.0
316,AT_OCGT,2030,10,10,12,0.0
317,AT_OCGT,2030,10,13,15,0.0
318,AT_OCGT,2030,10,16,18,0.0
319,AT_OCGT,2030,10,19,21,0.0
320,AT_OCGT,2030,10,22,24,0.0
321,BE_CCGT,2030,1,1,3,0.0
322,BE_CCGT,2030,1,4,6,0.0
323,BE_CCGT,2030,1,7,9,0.0
324,BE_CCGT,2030,1,10,12,0.0
325,BE_CCGT,2030,1,13,15,0.0
326,BE_CCGT,2030,1,16,18,0.0
327,BE_CCGT,2030,1,19,21,0.0
328,BE_CCGT,2030,1,22,24,0.0
329,BE_CCGT,2030,2,1,3,0.0
330,BE_CCGT,2030,2,4,6,0.0
331,BE_CCGT,2030,2,7,9,0.0
332,BE_CCGT,2030,2,10,12,0.0
333,BE_CCGT,2030,2,13,15,0.0
334,BE_CCGT,2030,2,16,18,0.0
335,BE_CCGT,2030,2,19,21,0.0
336,BE_CCGT,2030,2,22,24,0.0
337,BE_CCGT,2030,3,1,3,0.0
338,BE_CCGT,2030,3,4,6,0.0
339,BE_CCGT,2030,3,7,9,0.0
340,BE_CCGT,2030,3,10,12,0.0
341,BE_CCGT,2030,3,13,15,0.0
342,BE_CCGT,2030,3,16,18,0.0
343,BE_CCGT,2030,3,19,21,0.0
344,BE_CCGT,2030,3,22,24,0.0
345,BE_CCGT,2030,4,1,3,0.0
346,BE_CCGT,2030,4,4,6,0.0
347,BE_CCGT,2030,4,7,9,0.0
348,BE_CCGT,2030,4,10,12,0.0
349,BE_CCGT,2030,4,13,15,0.0
350,BE_CCGT,2030,4,16,18,0.0
351,BE_CCGT,2030,4,19,21,0.0
352,BE_CCGT,2030,4,22,24,0.0
353,BE_CCGT,2030,5,1,3,0.0
354,BE_CCGT,2030,5,4,6,0.0
355,BE_CCGT,2030,5,7,9,0.0
356,BE_CCGT,2030,5,10,12,0.0
357,BE_CCGT,2030,5,13,15,0.0
358,BE_CCGT,2030,5,16,18,0.0
359,BE_CCGT,2030,5,19,21,0.0
360,BE_CCGT,2030,5,22,24,0.0
361,BE_CCGT,2030,6,1,3,0.0
362,BE_CCGT,2030,6,4,6,0.0
363,BE_CCGT,2030,6,7,9,0.0
364,BE_CCGT,2030,6,10,12,0.0
365,BE_CCGT,2030,6,13,15,0.0
366,BE_CCGT,2030,6,16,18,0.0
367,BE_CCGT,2030,6,19,21,0.0
368,BE_CCGT,2030,6,22,24,0.0
369,BE_CCGT,2030,7,1,3,0.0
370,BE_CCGT,2030,7,4,6,0.0
371,BE_CCGT,2030,7,7,9,0.0
372,BE_CCGT,2030,7,10,12,0.0
373,BE_CCGT,2030,7,13,15,0.0
374,BE_CCGT,2030,7,16,18,0.0
375,BE_CCGT,2030,7,19,21,0.0
376,BE_CCGT,2030,7,22,24,0.0
377,BE_CCGT,2030,8,1,3,0.0
378,BE_CCGT,2030,8,4,6,0.0
379,BE_CCGT,2030,8,7,9,0.0
380,BE_CCGT,2030,8,10,12,0.0
381,BE_CCGT,2030,8,13,15,0.0
382,BE_CCGT,2030,8,16,18,0.0
383,BE_CCGT,2030,8,19,21,0.0
384,BE_CCGT,2030,8,22,24,0.0
385,BE_CCGT,2030,9,1,3,0.0
386,BE_CCGT,2030,9,4,6,0.0
387,BE_CCGT,2030,9,7,9,0.0
388,BE_CCGT,2030,9,10,12,0.0
389,BE_CCGT,2030,9,13,15,0.0
390,BE_CCGT,2030,9,16,18,0.0
391,BE_CCGT,2030,9,19,21,0.0
392,BE_CCGT,2030,9,22,24,0.0
393,BE_CCGT,2030,10,1,3,0.0
394,BE_CCGT,2030,10,4,6,0.0
395,BE_CCGT,2030,10,7,9,0.0
396,BE_CCGT,2030,10,10,12,0.0
397,BE_CCGT,2030,10,13,15,0.0
398,BE_CCGT,2030,10,16,18,0.0
399,BE_CCGT,2030,10,19,21,0.0
400,BE_CCGT,2030,10,22,24,0.0
401,BE_Coal,2030,1,1,3,0.0
402,BE_Coal,2030,1,4,6,0.0
403,BE_Coal,2030,1,7,9,0.0
404,BE_Coal,2030,1,10,12,0.0
405,BE_Coal,2030,1,13,15,0.0
406,BE_Coal,2030,1,16,18,0.0
407,BE_Coal,2030,1,19,21,0.0
408,BE_Coal,2030,1,22,24,0.0
409,BE_Coal,2030,2,1,3,0.0
410,BE_Coal,2030,2,4,6,0.0
411,BE_Coal,2030,2,7,9,0.0
412,BE_Coal,2030,2,10,12,0.0
413,BE_Coal,2030,2,13,15,0.0
414,BE_Coal,2030,2,16,18,0.0
415,BE_Coal,2030,2,19,21,0.0
416,BE_Coal,2030,2,22,24,0.0
417,BE_Coal,2030,3,1,3,0.0
418,BE_Coal,2030,3,4,6,0.0
419,BE_Coal,2030,3,7,9,0.0
420,BE_Coal,2030,3,10,12,0.0
421,BE_Coal,2030,3,13,15,0.0
422,BE_Coal,2030,3,16,18,0.0
423,BE_Coal,2030,3,19,21,0.0
424,BE_Coal,2030,3,22,24,0.0
425,BE_Coal,2030,4,1,3,0.0
426,BE_Coal,2030,4,4,6,0.0
427,BE_Coal,2030,4,7,9,0.0
428,BE_Coal,2030,4,10,12,0.0
429,BE_Coal,2030,4,13,15,0.0
430,BE_Coal,2030,4,16,18,0.0
431,BE_Coal,2030,4,19,21,0.0
432,BE_Coal,2030,4,22,24,0.0
433,BE_Coal,2030,5,1,3,0.0
434,BE_Coal,2030,5,4,6,0.0
435,BE_Coal,2030,5,7,9,0.0
436,BE_Coal,2030,5,10,12,0.0
437,BE_Coal,2030,5,13,15,0.0
438,BE_Coal,2030,5,16,18,0.0
439,BE_Coal,2030,5,19,21,0.0
440,BE_Coal,2030,5,22,24,0.0
441,BE_Coal,2030,6,1,3,0.0
442,BE_Coal,2030,6,4,6,0.0
443,BE_Coal,2030,6,7,9,0.0
444,BE_Coal,2030,6,10,12,0.0
445,BE_Coal,2030,6,13,15,0.0
446,BE_Coal,2030,6,16,18,0.0
447,BE_Coal,2030,6,19,21,0.0
448,BE_Coal,2030,6,22,24,0.0
449,BE_Coal,2030,7,1,3,0.0
450,BE_Coal,2030,7,4,6,0.0
451,BE_Coal,2030,7,7,9,0.0
452,BE_Coal,2030,7,10,12,0.0
453,BE_Coal,2030,7,13,15,0.0
454,BE_Coal,2030,7,16,18,0.0
455,BE_Coal,2030,7,19,21,0.0
456,BE_Coal,2030,7,22,24,0.0
457,BE_Coal,2030,8,1,3,0.0
458,BE_Coal,2030,8,4,6,0.0
459,BE_Coal,2030,8,7,9,0.0
460,BE_Coal,2030,8,10,12,0.0
461,BE_Coal,2030,8,13,15,0.0
462,BE_Coal,2030,8,16,18,0.0
463,BE_Coal,2030,8,19,21,0.0
464,BE_Coal,2030,8,22,24,0.0
465,BE_Coal,2030,9,1,3,0.0
466,BE_Coal,2030,9,4,6,0.0
467,BE_Coal,2030,9,7,9,0.0
468,BE_Coal,2030,9,10,12,0.0
469,BE_Coal,2030,9,13,15,0.0
470,BE_Coal,2030,9,16,18,0.0
471,BE_Coal,2030,9,19,21,0.0
472,BE_Coal,2030,9,22,24,0.0
473,BE_Coal,2030,10,1,3,0.0
474,BE_Coal,2030,10,4,6,0.0
475,BE_Coal,2030,10,7,9,0.0
476,BE_Coal,2030,10,10,12,0.0
477,BE_Coal,2030,10,13,15,0.0
478,BE_Coal,2030,10,16,18,0.0
479,BE_Coal,2030,10,19,21,0.0
480,BE_Coal,2030,10,22,24,0.0
481,BE_Nuclear,2030,1,1,3,0.0
482,BE_Nuclear,2030,1,4,6,0.0
483,BE_Nuclear,2030,1,7,9,0.0
484,BE_Nuclear,2030,1,10,12,0.0
485,BE_Nuclear,2030,1,13,15,0.0
486,BE_Nuclear,2030,1,16,18,0.0
487,BE_Nuclear,2030,1,19,21,0.0
488,BE_Nuclear,2030,1,22,24,0.0
489,BE_Nuclear,2030,2,1,3,0.0
490,BE_Nuclear,2030,2,4,6,0.0
491,BE_Nuclear,2030,2,7,9,0.0
492,BE_Nuclear,2030,2,10,12,0.0
493,BE_Nuclear,2030,2,13,15,0.0
494,BE_Nuclear,2030,2,16,18,0.0
495,BE_Nuclear,2030,2,19,21,0.0
496,BE_Nuclear,2030,2,22,24,0.0
497,BE_Nuclear,2030,3,1,3,0.0
498,BE_Nuclear,2030,3,4,6,0.0
499,BE_Nuclear,2030,3,7,9,0.0
500,BE_Nuclear,2030,3,10,12,0.0
501,BE_Nuclear,2030,3,13,15,0.0
502,BE_Nuclear,2030,3,16,18,0.0
503,BE_Nuclear,2030,3,19,21,0.0
504,BE_Nuclear,2030,3,22,24,0.0
505,BE_Nuclear,2030,4,1,3,0.0
506,BE_Nuclear,2030,4,4,6,0.0
507,BE_Nuclear,2030,4,7,9,0.0
508,BE_Nuclear,2030,4,10,12,0.0
509,BE_Nuclear,2030,4,13,15,0.0
510,BE_Nuclear,2030,4,16,18,0.0
511,BE_Nuclear,2030,4,19,21,0.0
512,BE_Nuclear,2030,4,22,24,0.0
513,BE_Nuclear,2030,5,1,3,0.0
514,BE_Nuclear,2030,5,4,6,0.0
515,BE_Nuclear,2030,5,7,9,0.0
516,BE_Nuclear,2030,5,10,12,0.0
517,BE_Nuclear,2030,5,13,15,0.0
518,BE_Nuclear,2030,5,16,18,0.0
519,BE_Nuclear,2030,5,19,21,0.0
520,BE_Nuclear,2030,5,22,24,0.0
521,BE_Nuclear,2030,6,1,3,0.0
522,BE_Nuclear,2030,6,4,6,0.0
523,BE_Nuclear,2030,6,7,9,0.0
524,BE_Nuclear,2030,6,10,12,0.0
525,BE_Nuclear,2030,6,13,15,0.0
526,BE_Nuclear,2030,6,16,18,0.0
527,BE_Nuclear,2030,6,19,21,0.0
528,BE_Nuclear,2030,6,22,24,0.0
529,BE_Nuclear,2030,7,1,3,0.0
530,BE_Nuclear,2030,7,4,6,0.0
531,BE_Nuclear,2030,7,7,9,0.0
532,BE_Nuclear,2030,7,10,12,0.0
533,BE_Nuclear,2030,7,13,15,0.0
534,BE_Nuclear,2030,7,16,18,0.0
535,BE_Nuclear,2030,7,19,21,0.0
536,BE_Nuclear,2030,7,22,24,0.0
537,BE_Nuclear,2030,8,1,3,0.0
538,BE_Nuclear,2030,8,4,6,0.0
539,BE_Nuclear,2030,8,7,9,0.0
540,BE_Nuclear,2030,8,10,12,0.0
541,BE_Nuclear,2030,8,13,15,0.0
542,BE_Nuclear,2030,8,16,18,0.0
543,BE_Nuclear,2030,8,19,21,0.0
544,BE_Nuclear,2030,8,22,24,0.0
545,BE_Nuclear,2030,9,1,3,0.0
546,BE_Nuclear,2030,9,4,6,0.0
547,BE_Nuclear,2030,9,7,9,0.0
548,BE_Nuclear,2030,9,10,12,0.0
549,BE_Nuclear,2030,9,13,15,0.0
550,BE_Nuclear,2030,9,16,18,0.0
551,BE_Nuclear,2030,9,19,21,0.0
552,BE_Nuclear,2030,9,22,24,0.0
553,BE_Nuclear,2030,10,1,3,0.0
554,BE_Nuclear,2030,10,4,6,0.0
555,BE_Nuclear,2030,10,7,9,0.0
556,BE_Nuclear,2030,10,10,12,0.0
557,BE_Nuclear,2030,10,13,15,0.0
558,BE_Nuclear,2030,10,16,18,0.0
559,BE_Nuclear,2030,10,19,21,0.0
560,BE_Nuclear,2030,10,22,24,0.0
561,BE_OCGT,2030,1,1,3,0.0
562,BE_OCGT,2030,1,4,6,0.0
563,BE_OCGT,2030,1,7,9,0.0
564,BE_OCGT,2030,1,10,12,0.0
565,BE_OCGT,2030,1,13,15,0.0
566,BE_OCGT,2030,1,16,18,0.0
567,BE_OCGT,2030,1,19,21,0.0
568,BE_OCGT,2030,1,22,24,0.0
569,BE_OCGT,2030,2,1,3,0.0
570,BE_OCGT,2030,2,4,6,0.0
571,BE_OCGT,2030,2,7,9,0.0
572,BE_OCGT,2030,2,10,12,0.0
573,BE_OCGT,2030,2,13,15,0.0
574,BE_OCGT,2030,2,16,18,0.0
575,BE_OCGT,2030,2,19,21,0.0
576,BE_OCGT,2030,2,22,24,0.0
577,BE_OCGT,2030,3,1,3,0.0
578,BE_OCGT,2030,3,4,6,0.0
579,BE_OCGT,2030,3,7,9,0.0
580,BE_OCGT,2030,3,10,12,0.0
581,BE_OCGT,2030,3,13,15,0.0
582,BE_OCGT,2030,3,16,18,0.0
583,BE_OCGT,2030,3,19,21,0.0
584,BE_OCGT,2030,3,22,24,0.0
585,BE_OCGT,2030,4,1,3,0.0
586,BE_OCGT,2030,4,4,6,0.0
587,BE_OCGT,2030,4,7,9,0.0
588,BE_OCGT,2030,4,10,12,0.0
589,BE_OCGT,2030,4,13,15,0.0
590,BE_OCGT,2030,4,16,18,0.0
591,BE_OCGT,2030,4,19,21,0.0
592,BE_OCGT,2030,4,22,24,0.0
593,BE_OCGT,2030,5,1,3,0.0
594,BE_OCGT,2030,5,4,6,0.0
595,BE_OCGT,2030,5,7,9,0.0
596,BE_OCGT,2030,5,10,12,0.0
597,BE_OCGT,2030,5,13,15,0.0
598,BE_OCGT,2030,5,16,18,0.0
599,BE_OCGT,2030,5,19,21,0.0
600,BE_OCGT,2030,5,22,24,0.0
601,BE_OCGT,2030,6,1,3,0.0
602,BE_OCGT,2030,6,4,6,0.0
603,BE_OCGT,2030,6,7,9,0.0
604,BE_OCGT,2030,6,10,12,0.0
605,BE_OCGT,2030,6,13,15,0.0
606,BE_OCGT,2030,6,16,18,0.0
607,BE_OCGT,2030,6,19,21,0.0
608,BE_OCGT,2030,6,22,24,0.0
609,BE_OCGT,2030,7,1,3,0.0
610,BE_OCGT,2030,7,4,6,0.0
611,BE_OCGT,2030,7,7,9,0.0
612,BE_OCGT,2030,7,10,12,0.0
613,BE_OCGT,2030,7,13,15,0.0
614,BE_OCGT,2030,7,16,18,0.0
615,BE_OCGT,2030,7,19,21,0.0
616,BE_OCGT,2030,7,22,24,0.0
617,BE_OCGT,2030,8,1,3,0.0
618,BE_OCGT,2030,8,4,6,0.0
619,BE_OCGT,2030,8,7,9,0.0
620,BE_OCGT,2030,8,10,12,0.0
621,BE_OCGT,2030,8,13,15,0.0
622,BE_OCGT,2030,8,16,18,0.0
623,BE_OCGT,2030,8,19,21,0.0
624,BE_OCGT,2030,8,22,24,0.0
625,BE_OCGT,2030,9,1,3,0.0
626,BE_OCGT,2030,9,4,6,0.0
627,BE_OCGT,2030,9,7,9,0.0
628,BE_OCGT,2030,9,10,12,0.0
629,BE_OCGT,2030,9,13,15,0.0
630,BE_OCGT,2030,9,16,18,0.0
631,BE_OCGT,2030,9,19,21,0.0
632,BE_OCGT,2030,9,22,24,0.0
633,BE_OCGT,2030,10,1,3,0.0
634,BE_OCGT,2030,10,4,6,0.0
635,BE_OCGT,2030,10,7,9,0.0
636,BE_OCGT,2030,10,10,12,0.0
637,BE_OCGT,2030,10,13,15,0.0
638,BE_OCGT,2030,10,16,18,0.0
639,BE_OCGT,2030,10,19,21,0.0
640,BE_OCGT,2030,10,22,24,0.0
641,CH_CCGT,2030,1,1,3,0.0
642,CH_CCGT,2030,1,4,6,0.0
643,CH_CCGT,2030,1,7,9,0.0
644,CH_CCGT,2030,1,10,12,0.0
645,CH_CCGT,2030,1,13,15,0.0
646,CH_CCGT,2030,1,16,18,0.0
647,CH_CCGT,2030,1,19,21,0.0
648,CH_CCGT,2030,1,22,24,0.0
649,CH_CCGT,2030,2,1,3,0.0
650,CH_CCGT,2030,2,4,6,0.0
651,CH_CCGT,2030,2,7,9,0.0
652,CH_CCGT,2030,2,10,12,0.0
653,CH_CCGT,2030,2,13,15,0.0
654,CH_CCGT,2030,2,16,18,0.0
655,CH_CCGT,2030,2,19,21,0.0
656,CH_CCGT,2030,2,22,24,0.0
657,CH_CCGT,2030,3,1,3,0.0
658,CH_CCGT,2030,3,4,6,0.0
659,CH_CCGT,2030,3,7,9,0.0
660,CH_CCGT,2030,3,10,12,0.0
661,CH_CCGT,2030,3,13,15,0.0
662,CH_CCGT,2030,3,16,18,0.0
663,CH_CCGT,2030,3,19,21,0.0
664,CH_CCGT,2030,3,22,24,0.0
665,CH_CCGT,2030,4,1,3,0.0
666,CH_CCGT,2030,4,4,6,0.0
667,CH_CCGT,2030,4,7,9,0.0
668,CH_CCGT,2030,4,10,12,0.0
669,CH_CCGT,2030,4,13,15,0.0
670,CH_CCGT,2030,4,16,18,0.0
671,CH_CCGT,2030,4,19,21,0.0
672,CH_CCGT,2030,4,22,24,0.0
673,CH_CCGT,2030,5,1,3,0.0
674,CH_CCGT,2030,5,4,6,0.0
675,CH_CCGT,2030,5,7,9,0.0
676,CH_CCGT,2030,5,10,12,0.0
677,CH_CCGT,2030,5,13,15,0.0
678,CH_CCGT,2030,5,16,18,0.0
679,CH_CCGT,2030,5,19,21,0.0
680,CH_CCGT,2030,5,22,24,0.0
681,CH_CCGT,2030,6,1,3,0.0
682,CH_CCGT,2030,6,4,6,0.0
683,CH_CCGT,2030,6,7,9,0.0
684,CH_CCGT,2030,6,10,12,0.0
685,CH_CCGT,2030,6,13,15,0.0
686,CH_CCGT,2030,6,16,18,0.0
687,CH_CCGT,2030,6,19,21,0.0
688,CH_CCGT,2030,6,22,24,0.0
689,CH_CCGT,2030,7,1,3,0.0
690,CH_CCGT,2030,7,4,6,0.0
691,CH_CCGT,2030,7,7,9,0.0
692,CH_CCGT,2030,7,10,12,0.0
693,CH_CCGT,2030,7,13,15,0.0
694,CH_CCGT,2030,7,16,18,0.0
695,CH_CCGT,2030,7,19,21,0.0
696,CH_CCGT,2030,7,22,24,0.0
697,CH_CCGT,2030,8,1,3,0.0
698,CH_CCGT,2030,8,4,6,0.0
699,CH_CCGT,2030,8,7,9,0.0
700,CH_CCGT,2030,8,10,12,0.0
701,CH_CCGT,2030,8,13,15,0.0
702,CH_CCGT,2030,8,16,18,0.0
703,CH_CCGT,2030,8,19,21,0.0
704,CH_CCGT,2030,8,22,24,0.0
705,CH_CCGT,2030,9,1,3,0.0
706,CH_CCGT,2030,9,4,6,0.0
707,CH_CCGT,2030,9,7,9,0.0
708,CH_CCGT,2030,9,10,12,0.0
709,CH_CCGT,2030,9,13,15,0.0
710,CH_CCGT,2030,9,16,18,0.0
711,CH_CCGT,2030,9,19,21,0.0
712,CH_CCGT,2030,9,22,24,0.0
713,CH_CCGT,2030,10,1,3,0.0
714,CH_CCGT,2030,10,4,6,0.0
715,CH_CCGT,2030,10,7,9,0.0
716,CH_CCGT,2030,10,10,12,0.0
717,CH_CCGT,2030,10,13,15,0.0
718,CH_CCGT,2030,10,16,18,0.0
719,CH_CCGT,2030,10,19,21,0.0
720,CH_CCGT,2030,10,22,24,0.0
721,CH_Coal,2030,1,1,3,0.0
722,CH_Coal,2030,1,4,6,0.0
723,CH_Coal,2030,1,7,9,0.0
724,CH_Coal,2030,1,10,12,0.0
725,CH_Coal,2030,1,13,15,0.0
726,CH_Coal,2030,1,16,18,0.0
727,CH_Coal,2030,1,19,21,0.0
728,CH_Coal,2030,1,22,24,0.0
729,CH_Coal,2030,2,1,3,0.0
730,CH_Coal,2030,2,4,6,0.0
731,CH_Coal,2030,2,7,9,0.0
732,CH_Coal,2030,2,10,12,0.0
733,CH_Coal,2030,2,13,15,0.0
734,CH_Coal,2030,2,16,18,0.0
735,CH_Coal,2030,2,19,21,0.0
736,CH_Coal,2030,2,22,24,0.0
737,CH_Coal,2030,3,1,3,0.0
738,CH_Coal,2030,3,4,6,0.0
739,CH_Coal,2030,3,7,9,0.0
740,CH_Coal,2030,3,10,12,0.0
741,CH_Coal,2030,3,13,15,0.0
742,CH_Coal,2030,3,16,18,0.0
743,CH_Coal,2030,3,19,21,0.0
744,CH_Coal,2030,3,22,24,0.0
745,CH_Coal,2030,4,1,3,0.0
746,CH_Coal,2030,4,4,6,0.0
747,CH_Coal,2030,4,7,9,0.0
748,CH_Coal,2030,4,10,12,0.0
749,CH_Coal,2030,4,13,15,0.0
750,CH_Coal,2030,4,16,18,0.0
751,CH_Coal,2030,4,19,21,0.0
752,CH_Coal,2030,4,22,24,0.0
753,CH_Coal,2030,5,1,3,0.0
754,CH_Coal,2030,5,4,6,0.0
755,CH_Coal,2030,5,7,9,0.0
756,CH_Coal,2030,5,10,12,0.0
757,CH_Coal,2030,5,13,15,0.0
758,CH_Coal,2030,5,16,18,0.0
759,CH_Coal,2030,5,19,21,0.0
760,CH_Coal,2030,5,22,24,0.0
761,CH_Coal,2030,6,1,3,0.0
762,CH_Coal,2030,6,4,6,0.0
763,CH_Coal,2030,6,7,9,0.0
764,CH_Coal,2030,6,10,12,0.0
765,CH_Coal,2030,6,13,15,0.0
766,CH_Coal,2030,6,16,18,0.0
767,CH_Coal,2030,6,19,21,0.0
768,CH_Coal,2030,6,22,24,0.0
769,CH_Coal,2030,7,1,3,0.0
770,CH_Coal,2030,7,4,6,0.0
771,CH_Coal,2030,7,7,9,0.0
772,CH_Coal,2030,7,10,12,0.0
773,CH_Coal,2030,7,13,15,0.0
774,CH_Coal,2030,7,16,18,0.0
775,CH_Coal,2030,7,19,21,0.0
776,CH_Coal,2030,7,22,24,0.0
777,CH_Coal,2030,8,1,3,0.0
778,CH_Coal,2030,8,4,6,0.0
779,CH_Coal,2030,8,7,9,0.0
780,CH_Coal,2030,8,10,12,0.0
781,CH_Coal,2030,8,13,15,0.0
782,CH_Coal,2030,8,16,18,0.0
783,CH_Coal,2030,8,19,21,0.0
784,CH_Coal,2030,8,22,24,0.0
785,CH_Coal,2030,9,1,3,0.0
786,CH_Coal,2030,9,4,6,0.0
787,CH_Coal,2030,9,7,9,0.0
788,CH_Coal,2030,9,10,12,0.0
789,CH_Coal,2030,9,13,15,0.0
790,CH_Coal,2030,9,16,18,0.0
791,CH_Coal,2030,9,19,21,0.0
792,CH_Coal,2030,9,22,24,0.0
793,CH_Coal,2030,10,1,3,0.0
794,CH_Coal,2030,10,4,6,0.0
795,CH_Coal,2030,10,7,9,0.0
796,CH_Coal,2030,10,10,12,0.0
797,CH_Coal,2030,10,13,15,0.0
798,CH_Coal,2030,10,16,18,0.0
799,CH_Coal,2030,10,19,21,0.0
800,CH_Coal,2030,10,22,24,0.0
801,CH_Nuclear,2030,1,1,3,0.0
802,CH_Nuclear,2030,1,4,6,0.0
803,CH_Nuclear,2030,1,7,9,0.0
804,CH_Nuclear,2030,1,10,12,0.0
805,CH_Nuclear,2030,1,13,15,0.0
806,CH_Nuclear,2030,1,16,18,0.0
807,CH_Nuclear,2030,1,19,21,0.0
808,CH_Nuclear,2030,1,22,24,0.0
809,CH_Nuclear,2030,2,1,3,0.0
810,CH_Nuclear,2030,2,4,6,0.0
811,CH_Nuclear,2030,2,7,9,0.0
812,CH_Nuclear,2030,2,10,12,0.0
813,CH_Nuclear,2030,2,13,15,0.0
814,CH_Nuclear,2030,2,16,18,0.0
815,CH_Nuclear,2030,2,19,21,0.0
816,CH_Nuclear,2030,2,22,24,0.0
817,CH_Nuclear,2030,3,1,3,0.0
818,CH_Nuclear,2030,3,4,6,0.0
819,CH_Nuclear,2030,3,7,9,0.0
820,CH_Nuclear,2030,3,10,12,0.0
821,CH_Nuclear,2030,3,13,15,0.0
822,CH_Nuclear,2030,3,16,18,0.0
823,CH_Nuclear,2030,3,19,21,0.0
824,CH_Nuclear,2030,3,22,24,0.0
825,CH_Nuclear,2030,4,1,3,0.0
826,CH_Nuclear,2030,4,4,6,0.0
827,CH_Nuclear,2030,4,7,9,0.0
828,CH_Nuclear,2030,4,10,12,0.0
829,CH_Nuclear,2030,4,13,15,0.0
830,CH_Nuclear,2030,4,16,18,0.0
831,CH_Nuclear,2030,4,19,21,0.0
832,CH_Nuclear,2030,4,22,24,0.0
833,CH_Nuclear,2030,5,1,3,0.0
834,CH_Nuclear,2030,5,4,6,0.0
835,CH_Nuclear,2030,5,7,9,0.0
836,CH_Nuclear,2030,5,10,12,0.0
837,CH_Nuclear,2030,5,13,15,0.0
838,CH_Nuclear,2030,5,16,18,0.0
839,CH_Nuclear,2030,5,19,21,0.0
840,CH_Nuclear,2030,5,22,24,0.0
841,CH_Nuclear,2030,6,1,3,0.0
842,CH_Nuclear,2030,6,4,6,0.0
843,CH_Nuclear,2030,6,7,9,0.0
844,CH_Nuclear,2030,6,10,12,0.0
845,CH_Nuclear,2030,6,13,15,0.0
846,CH_Nuclear,2030,6,16,18,0.0
847,CH_Nuclear,2030,6,19,21,0.0
848,CH_Nuclear,2030,6,22,24,0.0
849,CH_Nuclear,2030,7,1,3,0.0
850,CH_Nuclear,2030,7,4,6,0.0
851,CH_Nuclear,2030,7,7,9,0.0
852,CH_Nuclear,2030,7,10,12,0.0
853,CH_Nuclear,2030,7,13,15,0.0
854,CH_Nuclear,2030,7,16,18,0.0
855,CH_Nuclear,2030,7,19,21,0.0
856,CH_Nuclear,2030,7,22,24,0.0
857,CH_Nuclear,2030,8,1,3,0.0
858,CH_Nuclear,2030,8,4,6,0.0
859,CH_Nuclear,2030,8,7,9,0.0
860,CH_Nuclear,2030,8,10,12,0.0
861,CH_Nuclear,2030,8,13,15,0.0
862,CH_Nuclear,2030,8,16,18,0.0
863,CH_Nuclear,2030,8,19,21,0.0
864,CH_Nuclear,2030,8,22,24,0.0
865,CH_Nuclear,2030,9,1,3,0.0
866,CH_Nuclear,2030,9,4,6,0.0
867,CH_Nuclear,2030,9,7,9,0.0
868,CH_Nuclear,2030,9,10,12,0.0
869,CH_Nuclear,2030,9,13,15,0.0
870,CH_Nuclear,2030,9,16,18,0.0
871,CH_Nuclear,2030,9,19,21,0.0
872,CH_Nuclear,2030,9,22,24,0.0
873,CH_Nuclear,2030,10,1,3,0.0
874,CH_Nuclear,2030,10,4,6,0.0
875,CH_Nuclear,2030,10,7,9,0.0
876,CH_Nuclear,2030,10,10,12,0.0
877,CH_Nuclear,2030,10,13,15,0.0
878,CH_Nuclear,2030,10,16,18,0.0
879,CH_Nuclear,2030,10,19,21,0.0
880,CH_Nuclear,2030,10,22,24,0.0
881,CH_OCGT,2030,1,1,3,0.0
882,CH_OCGT,2030,1,4,6,0.0
883,CH_OCGT,2030,1,7,9,0.0
884,CH_OCGT,2030,1,10,12,0.0
885,CH_OCGT,2030,1,13,15,0.0
886,CH_OCGT,2030,1,16,18,0.0
887,CH_OCGT,2030,1,19,21,0.0
888,CH_OCGT,2030,1,22,24,0.0
889,CH_OCGT,2030,2,1,3,0.0
890,CH_OCGT,2030,2,4,6,0.0
891,CH_OCGT,2030,2,7,9,0.0
892,CH_OCGT,2030,2,10,12,0.0
893,CH_OCGT,2030,2,13,15,0.0
894,CH_OCGT,2030,2,16,18,0.0
895,CH_OCGT,2030,2,19,21,0.0
896,CH_OCGT,2030,2,22,24,0.0
897,CH_OCGT,2030,3,1,3,0.0
898,CH_OCGT,2030,3,4,6,0.0
899,CH_OCGT,2030,3,7,9,0.0
900,CH_OCGT,2030,3,10,12,0.0
901,CH_OCGT,2030,3,13,15,0.0
902,CH_OCGT,2030,3,16,18,0.0
903,CH_OCGT,2030,3,19,21,0.0
904,CH_OCGT,2030,3,22,24,0.0
905,CH_OCGT,2030,4,1,3,0.0
906,CH_OCGT,2030,4,4,6,0.0
907,CH_OCGT,2030,4,7,9,0.0
908,CH_OCGT,2030,4,10,12,0.0
909,CH_OCGT,2030,4,13,15,0.0
910,CH_OCGT,2030,4,16,18,0.0
911,CH_OCGT,2030,4,19,21,0.0
912,CH_OCGT,2030,4,22,24,0.0
913,CH_OCGT,2030,5,1,3,0.0
914,CH_OCGT,2030,5,4,6,0.0
915,CH_OCGT,2030,5,7,9,0.0
916,CH_OCGT,2030,5,10,12,0.0
917,CH_OCGT,2030,5,13,15,0.0
918,CH_OCGT,2030,5,16,18,0.0
919,CH_OCGT,2030,5,19,21,0.0
920,CH_OCGT,2030,5,22,24,0.0
921,CH_OCGT,2030,6,1,3,0.0
922,CH_OCGT,2030,6,4,6,0.0
923,CH_OCGT,2030,6,7,9,0.0
924,CH_OCGT,2030,6,10,12,0.0
925,CH_OCGT,2030,6,13,15,0.0
926,CH_OCGT,2030,6,16,18,0.0
927,CH_OCGT,2030,6,19,21,0.0
928,CH_OCGT,2030,6,22,24,0.0
929,CH_OCGT,2030,7,1,3,0.0
930,CH_OCGT,2030,7,4,6,0.0
931,CH_OCGT,2030,7,7,9,0.0
932,CH_OCGT,2030,7,10,12,0.0
933,CH_OCGT,2030,7,13,15,0.0
934,CH_OCGT,2030,7,16,18,0.0
935,CH_OCGT,2030,7,19,21,0.0
936,CH_OCGT,2030,7,22,24,0.0
937,CH_OCGT,2030,8,1,3,0.0
938,CH_OCGT,2030,8,4,6,0.0
939,CH_OCGT,2030,8,7,9,0.0
940,CH_OCGT,2030,8,10,12,0.0
941,CH_OCGT,2030,8,13,15,0.0
942,CH_OCGT,2030,8,16,18,0.0
943,CH_OCGT,2030,8,19,21,0.0
944,CH_OCGT,2030,8,22,24,0.0
945,CH_OCGT,2030,9,1,3,0.0
946,CH_OCGT,2030,9,4,6,0.0
947,CH_OCGT,2030,9,7,9,0.0
948,CH_OCGT,2030,9,10,12,0.0
949,CH_OCGT,2030,9,13,15,0.0
950,CH_OCGT,2030,9,16,18,0.0
951,CH_OCGT,2030,9,19,21,0.0
952,CH_OCGT,2030,9,22,24,0.0
953,CH_OCGT,2030,10,1,3,0.0
954,CH_OCGT,2030,10,4,6,0.0
955,CH_OCGT,2030,10,7,9,0.0
956,CH_OCGT,2030,10,10,12,0.0
957,CH_OCGT,2030,10,13,15,0.0
958,CH_OCGT,2030,10,16,18,0.0
959,CH_OCGT,2030,10,19,21,0.0
960,CH_OCGT,2030,10,22,24,0.0
961,DE_CCGT,2030,1,1,3,0.0
962,DE_CCGT,2030,1,4,6,0.0
963,DE_CCGT,2030,1,7,9,0.0
964,DE_CCGT,2030,1,10,12,0.0
965,DE_CCGT,2030,1,13,15,0.0
966,DE_CCGT,2030,1,16,18,0.0
967,DE_CCGT,2030,1,19,21,0.0
968,DE_CCGT,2030,1,22,24,0.0
969,DE_CCGT,2030,2,1,3,0.0
970,DE_CCGT,2030,2,4,6,0.0
971,DE_CCGT,2030,2,7,9,0.0
972,DE_CCGT,2030,2,10,12,0.0
973,DE_CCGT,2030,2,13,15,0.0
974,DE_CCGT,2030,2,16,18,0.0
975,DE_CCGT,2030,2,19,21,0.0
976,DE_CCGT,2030,2,22,24,0.0
977,DE_CCGT,2030,3,1,3,0.0
978,DE_CCGT,2030,3,4,6,0.0
979,DE_CCGT,2030,3,7,9,0.0
980,DE_CCGT,2030,3,10,12,0.0
981,DE_CCGT,2030,3,13,15,0.0
982,DE_CCGT,2030,3,16,18,0.0
983,DE_CCGT,2030,3,19,21,0.0
984,DE_CCGT,2030,3,22,24,0.0
985,DE_CCGT,2030,4,1,3,0.0
986,DE_CCGT,2030,4,4,6,0.0
987,DE_CCGT,2030,4,7,9,0.0
988,DE_CCGT,2030,4,10,12,0.0
989,DE_CCGT,2030,4,13,15,0.0
990,DE_CCGT,2030,4,16,18,0.0
991,DE_CCGT,2030,4,19,21,0.0
992,DE_CCGT,2030,4,22,24,0.0
993,DE_CCGT,2030,5,1,3,0.0
994,DE_CCGT,2030,5,4,6,0.0
995,DE_CCGT,2030,5,7,9,0.0
996,DE_CCGT,2030,5,10,12,0.0
997,DE_CCGT,2030,5,13,15,0.0
998,DE_CCGT,2030,5,16,18,0.0
999,DE_CCGT,2030,5,19,21,0.0
1000,DE_CCGT,2030,5,22,24,0.0
1001,DE_CCGT,2030,6,1,3,0.0
1002,DE_CCGT,2030,6,4,6,0.0
1003,DE_CCGT,2030,6,7,9,0.0
1004,DE_CCGT,2030,6,10,12,0.0
1005,DE_CCGT,2030,6,13,15,0.0
1006,DE_CCGT,2030,6,16,18,0.0
1007,DE_CCGT,2030,6,19,21,0.0
1008,DE_CCGT,2030,6,22,24,0.0
1009,DE_CCGT,2030,7,1,3,0.0
1010,DE_CCGT,2030,7,4,6,0.0
1011,DE_CCGT,2030,7,7,9,0.0
1012,DE_CCGT,2030,7,10,12,0.0
1013,DE_CCGT,2030,7,13,15,0.0
1014,DE_CCGT,2030,7,16,18,0.0
1015,DE_CCGT,2030,7,19,21,0.0
1016,DE_CCGT,2030,7,22,24,0.0
1017,DE_CCGT,2030,8,1,3,0.0
1018,DE_CCGT,2030,8,4,6,0.0
1019,DE_CCGT,2030,8,7,9,0.0
1020,DE_CCGT,2030,8,10,12,0.0
1021,DE_CCGT,2030,8,13,15,0.0
1022,DE_CCGT,2030,8,16,18,0.0
1023,DE_CCGT,2030,8,19,21,0.0
1024,DE_CCGT,2030,8,22,24,0.0
1025,DE_CCGT,2030,9,1,3,0.0
1026,DE_CCGT,2030,9,4,6,0.0
1027,DE_CCGT,2030,9,7,9,0.0
1028,DE_CCGT,2030,9,10,12,0.0
1029,DE_CCGT,2030,9,13,15,0.0
1030,DE_CCGT,2030,9,16,18,0.0
1031,DE_CCGT,2030,9,19,21,0.0
1032,DE_CCGT,2030,9,22,24,0.0
1033,DE_CCGT,2030,10,1,3,0.0
1034,DE_CCGT,2030,10,4,6,0.0
1035,DE_CCGT,2030,10,7,9,0.0
1036,DE_CCGT,2030,10,10,12,0.0
1037,DE_CCGT,2030,10,13,15,0.0
1038,DE_CCGT,2030,10,16,18,0.0
1039,DE_CCGT,2030,10,19,21,0.0
1040,DE_CCGT,2030,10,22,24,0.0
1041,DE_Coal,2030,1,1,3,0.0
1042,DE_Coal,2030,1,4,6,0.0
1043,DE_Coal,2030,1,7,9,0.0
1044,DE_Coal,2030,1,10,12,0.0
1045,DE_Coal,2030,1,13,15,0.0
1046,DE_Coal,2030,1,16,18,0.0
1047,DE_Coal,2030,1,19,21,0.0
1048,DE_Coal,2030,1,22,24,0.0
1049,DE_Coal,2030,2,1,3,0.0
1050,DE_Coal,2030,2,4,6,0.0
1051,DE_Coal,2030,2,7,9,0.0
1052,DE_Coal,2030,2,10,12,0.0
1053,DE_Coal,2030,2,13,15,0.0
1054,DE_Coal,2030,2,16,18,0.0
1055,DE_Coal,2030,2,19,21,0.0
1056,DE_Coal,2030,2,22,24,0.0
1057,DE_Coal,2030,3,1,3,0.0
1058,DE_Coal,2030,3,4,6,0.0
1059,DE_Coal,2030,3,7,9,0.0
1060,DE_Coal,2030,3,10,12,-1.3311
1061,DE_Coal,2030,3,13,15,0.0
1062,DE_Coal,2030,3,16,18,0.0
1063,DE_Coal,2030,3,19,21,0.0
1064,DE_Coal,2030,3,22,24,0.0
1065,DE_Coal,2030,4,1,3,0.0
1066,DE_Coal,2030,4,4,6,0.0
1067,DE_Coal,2030,4,7,9,0.0
1068,DE_Coal,2030,4,10,12,0.0
1069,DE_Coal,2030,4,13,15,0.0
1070,DE_Coal,2030,4,16,18,0.0
1071,DE_Coal,2030,4,19,21,0.0
1072,DE_Coal,2030,4,22,24,0.0
1073,DE_Coal,2030,5,1,3,0.0
1074,DE_Coal,2030,5,4,6,0.0
1075,DE_Coal,2030,5,7,9,0.0
1076,DE_Coal,2030,5,10,12,0.0
1077,DE_Coal,2030,5,13,15,0.0
1078,DE_Coal,2030,5,16,18,0.0
1079,DE_Coal,2030,5,19,21,0.0
1080,DE_Coal,2030,5,22,24,0.0
1081,DE_Coal,2030,6,1,3,0.0
1082,DE_Coal,2030,6,4,6,0.0
1083,DE_Coal,2030,6,7,9,0.0
1084,DE_Coal,2030,6,10,12,0.0
1085,DE_Coal,2030,6,13,15,0.0
1086,DE_Coal,2030,6,16,18,0.0
1087,DE_Coal,2030,6,19,21,0.0
1088,DE_Coal,2030,6,22,24,0.0
1089,DE_Coal,2030,7,1,3,0.0
1090,DE_Coal,2030,7,4,6,0.0
1091,DE_Coal,2030,7,7,9,0.0
1092,DE_Coal,2030,7,10,12,0.0
1093,DE_Coal,2030,7,13,15,0.0
1094,DE_Coal,2030,7,16,18,0.0
1095,DE_Coal,2030,7,19,21,0.0
1096,DE_Coal,2030,7,22,24,0.0
1097,DE_Coal,2030,8,1,3,0.0
1098,DE_Coal,2030,8,4,6,0.0
1099,DE_Coal,2030,8,7,9,0.0
1100,DE_Coal,2030,8,10,12,0.0
1101,DE_Coal,2030,8,13,15,0.0
1102,DE_Coal,2030,8,16,18,0.0
1103,DE_Coal,2030,8,19,21,0.0
1104,DE_Coal,2030,8,22,24,0.0
1105,DE_Coal,2030,9,1,3,0.0
1106,DE_Coal,2030,9,4,6,0.0
1107,DE_Coal,2030,9,7,9,0.0
1108,DE_Coal,2030,9,10,12,0.0
1109,DE_Coal,2030,9,13,15,0.0
1110,DE_Coal,2030,9,16,18,0.0
1111,DE_Coal,2030,9,19,21,0.0
1112,DE_Coal,2030,9,22,24,0.0
1113,DE_Coal,2030,10,1,3,0.0
1114,DE_Coal,2030,10,4,6,0.0
1115,DE_Coal,2030,10,7,9,0.0
1116,DE_Coal,2030,10,10,12,0.0
1117,DE_Coal,2030,10,13,15,0.0
1118,DE_Coal,2030,10,16,18,0.0
1119,DE_Coal,2030,10,19,21,0.0
1120,DE_Coal,2030,10,22,24,0.0
1121,DE_Nuclear,2030,1,1,3,0.0
1122,DE_Nuclear,2030,1,4,6,0.0
1123,DE_Nuclear,2030,1,7,9,0.0
1124,DE_Nuclear,2030,1,10,12,0.0
1125,DE_Nuclear,2030,1,13,15,0.0
1126,DE_Nuclear,2030,1,16,18,0.0
1127,DE_Nuclear,2030,1,19,21,0.0
1128,DE_Nuclear,2030,1,22,24,0.0
1129,DE_Nuclear,2030,2,1,3,0.0
1130,DE_Nuclear,2030,2,4,6,0.0
1131,DE_Nuclear,2030,2,7,9,0.0
1132,DE_Nuclear,2030,2,10,12,0.0
1133,DE_Nuclear,2030,2,13,15,0.0
1134,DE_Nuclear,2030,2,16,18,0.0
1135,DE_Nuclear,2030,2,19,21,0.0
1136,DE_Nuclear,2030,2,22,24,0.0
1137,DE_Nuclear,2030,3,1,3,0.0
1138,DE_Nuclear,2030,3,4,6,0.0
1139,DE_Nuclear,2030,3,7,9,0.0
1140,DE_Nuclear,2030,3,10,12,0.0
1141,DE_Nuclear,2030,3,13,15,0.0
1142,DE_Nuclear,2030,3,16,18,0.0
1143,DE_Nuclear,2030,3,19,21,0.0
1144,DE_Nuclear,2030,3,22,24,0.0
1145,DE_Nuclear,2030,4,1,3,0.0
1146,DE_Nuclear,2030,4,4,6,0.0
1147,DE_Nuclear,2030,4,7,9,0.0
1148,DE_Nuclear,2030,4,10,12,0.0
1149,DE_Nuclear,2030,4,13,15,0.0
1150,DE_Nuclear,2030,4,16,18,0.0
1151,DE_Nuclear,2030,4,19,21,0.0
1152,DE_Nuclear,2030,4,22,24,0.0
1153,DE_Nuclear,2030,5,1,3,0.0
1154,DE_Nuclear,2030,5,4,6,0.0
1155,DE_Nuclear,2030,5,7,9,0.0
1156,DE_Nuclear,2030,5,10,12,0.0
1157,DE_Nuclear,2030,5,13,15,0.0
1158,DE_Nuclear,2030,5,16,18,0.0
1159,DE_Nuclear,2030,5,19,21,0.0
1160,DE_Nuclear,2030,5,22,24,0.0
1161,DE_Nuclear,2030,6,1,3,0.0
1162,DE_Nuclear,2030,6,4,6,0.0
1163,DE_Nuclear,2030,6,7,9,0.0
1164,DE_Nuclear,2030,6,10,12,0.0
1165,DE_Nuclear,2030,6,13,15,0.0
1166,DE_Nuclear,2030,6,16,18,0.0
1167,DE_Nuclear,2030,6,19,21,0.0
1168,DE_Nuclear,2030,6,22,24,0.0
1169,DE_Nuclear,2030,7,1,3,0.0
1170,DE_Nuclear,2030,7,4,6,0.0
1171,DE_Nuclear,2030,7,7,9,0.0
1172,DE_Nuclear,2030,7,10,12,0.0
1173,DE_Nuclear,2030,7,13,15,0.0
1174,DE_Nuclear,2030,7,16,18,0.0
1175,DE_Nuclear,2030,7,19,21,0.0
1176,DE_Nuclear,2030,7,22,24,0.0
1177,DE_Nuclear,2030,8,1,3,0.0
1178,DE_Nuclear,2030,8,4,6,0.0
1179,DE_Nuclear,2030,8,7,9,0.0
1180,DE_Nuclear,2030,8,10,12,0.0
1181,DE_Nuclear,2030,8,13,15,0.0
1182,DE_Nuclear,2030,8,16,18,0.0
1183,DE_Nuclear,2030,8,19,21,0.0
1184,DE_Nuclear,2030,8,22,24,0.0
1185,DE_Nuclear,2030,9,1,3,0.0
1186,DE_Nuclear,2030,9,4,6,0.0
1187,DE_Nuclear,2030,9,7,9,0.0
1188,DE_Nuclear,2030,9,10,12,0.0
1189,DE_Nuclear,2030,9,13,15,0.0
1190,DE_Nuclear,2030,9,16,18,0.0
1191,DE_Nuclear,2030,9,19,21,0.0
1192,DE_Nuclear,2030,9,22,24,0.0
1193,DE_Nuclear,2030,10,1,3,0.0
1194,DE_Nuclear,2030,10,4,6,0.0
1195,DE_Nuclear,2030,10,7,9,0.0
1196,DE_Nuclear,2030,10,10,12,0.0
1197,DE_Nuclear,2030,10,13,15,0.0
1198,DE_Nuclear,2030,10,16,18,0.0
1199,DE_Nuclear,2030,10,19,21,0.0
1200,DE_Nuclear,2030,10,22,24,0.0
1201,DE_OCGT,2030,1,1,3,0.0
1202,DE_OCGT,2030,1,4,6,0.0
1203,DE_OCGT,2030,1,7,9,0.0
1204,DE_OCGT,2030,1,10,12,0.0
1205,DE_OCGT,2030,1,13,15,0.0
1206,DE_OCGT,2030,1,16,18,0.0
1207,DE_OCGT,2030,1,19,21,0.0
1208,DE_OCGT,2030,1,22,24,0.0
1209,DE_OCGT,2030,2,1,3,0.0
1210,DE_OCGT,2030,2,4,6,0.0
1211,DE_OCGT,2030,2,7,9,0.0
1212,DE_OCGT,2030,2,10,12,0.0
1213,DE_OCGT,2030,2,13,15,0.0
1214,DE_OCGT,2030,2,16,18,0.0
1215,DE_OCGT,2030,2,19,21,0.0
1216,DE_OCGT,2030,2,22,24,0.0
1217,DE_OCGT,2030,3,1,3,0.0
1218,DE_OCGT,2030,3,4,6,0.0
1219,DE_OCGT,2030,3,7,9,0.0
1220,DE_OCGT,2030,3,10,12,0.0
1221,DE_OCGT,2030,3,13,15,0.0
1222,DE_OCGT,2030,3,16,18,0.0
1223,DE_OCGT,2030,3,19,21,0.0
1224,DE_OCGT,2030,3,22,24,0.0
1225,DE_OCGT,2030,4,1,3,0.0
1226,DE_OCGT,2030,4,4,6,0.0
1227,DE_OCGT,2030,4,7,9,0.0
1228,DE_OCGT,2030,4,10,12,0.0
1229,DE_OCGT,2030,4,13,15,0.0
1230,DE_OCGT,2030,4,16,18,0.0
1231,DE_OCGT,2030,4,19,21,0.0
1232,DE_OCGT,2030,4,22,24,0.0
1233,DE_OCGT,2030,5,1,3,0.0
1234,DE_OCGT,2030,5,4,6,0.0
1235,DE_OCGT,2030,5,7,9,0.0
1236,DE_OCGT,2030,5,10,12,0.0
1237,DE_OCGT,2030,5,13,15,0.0
1238,DE_OCGT,2030,5,16,18,0.0
1239,DE_OCGT,2030,5,19,21,0.0
1240,DE_OCGT,2030,5,22,24,0.0
1241,DE_OCGT,2030,6,1,3,0.0
1242,DE_OCGT,2030,6,4,6,0.0
1243,DE_OCGT,2030,6,7,9,0.0
1244,DE_OCGT,2030,6,10,12,0.0
1245,DE_OCGT,2030,6,13,15,0.0
1246,DE_OCGT,2030,6,16,18,0.0
1247,DE_OCGT,2030,6,19,21,0.0
1248,DE_OCGT,2030,6,22,24,0.0
1249,DE_OCGT,2030,7,1,3,0.0
1250,DE_OCGT,2030,7,4,6,0.0
1251,DE_OCGT,2030,7,7,9,0.0
1252,DE_OCGT,2030,7,10,12,0.0
1253,DE_OCGT,2030,7,13,15,0.0
1254,DE_OCGT,2030,7,16,18,0.0
1255,DE_OCGT,2030,7,19,21,0.0
1256,DE_OCGT,2030,7,22,24,0.0
1257,DE_OCGT,2030,8,1,3,0.0
1258,DE_OCGT,2030,8,4,6,0.0
1259,DE_OCGT,2030,8,7,9,0.0
1260,DE_OCGT,2030,8,10,12,0.0
1261,DE_OCGT,2030,8,13,15,0.0
1262,DE_OCGT,2030,8,16,18,0.0
1263,DE_OCGT,2030,8,19,21,0.0
1264,DE_OCGT,2030,8,22,24,0.0
1265,DE_OCGT,2030,9,1,3,0.0
1266,DE_OCGT,2030,9,4,6,0.0
1267,DE_OCGT,2030,9,7,9,0.0
1268,DE_OCGT,2030,9,10,12,0.0
1269,DE_OCGT,2030,9,13,15,0.0
1270,DE_OCGT,2030,9,16,18,0.0
1271,DE_OCGT,2030,9,19,21,0.0
1272,DE_OCGT,2030,9,22,24,0.0
1273,DE_OCGT,2030,10,1,3,0.0
1274,DE_OCGT,2030,10,4,6,0.0
1275,DE_OCGT,2030,10,7,9,0.0
1276,DE_OCGT,2030,10,10,12,0.0
1277,DE_OCGT,2030,10,13,15,0.0
1278,DE_OCGT,2030,10,16,18,0.0
1279,DE_OCGT,2030,10,19,21,0.0
1280,DE_OCGT,2030,10,22,24,0.0
1281,FR_CCGT,2030,1,1,3,0.0
1282,FR_CCGT,2030,1,4,6,0.0
1283,FR_CCGT,2030,1,7,9,0.0
1284,FR_CCGT,2030,1,10,12,0.0
1285,FR_CCGT,2030,1,13,15,0.0
1286,FR_CCGT,2030,1,16,18,0.0
1287,FR_CCGT,2030,1,19,21,0.0
1288,FR_CCGT,2030,1,22,24,0.0
1289,FR_CCGT,2030,2,1,3,0.0
1290,FR_CCGT,2030,2,4,6,0.0
1291,FR_CCGT,2030,2,7,9,0.0
1292,FR_CCGT,2030,2,10,12,0.0
1293,FR_CCGT,2030,2,13,15,0.0
1294,FR_CCGT,2030,2,16,18,0.0
1295,FR_CCGT,2030,2,19,21,0.0
1296,FR_CCGT,2030,2,22,24,0.0
1297,FR_CCGT,2030,3,1,3,0.0
1298,FR_CCGT,2030,3,4,6,0.0
1299,FR_CCGT,2030,3,7,9,0.0
1300,FR_CCGT,2030,3,10,12,0.0
1301,FR_CCGT,2030,3,13,15,0.0
1302,FR_CCGT,2030,3,16,18,0.0
1303,FR_CCGT,2030,3,19,21,0.0
1304,FR_CCGT,2030,3,22,24,0.0
1305,FR_CCGT,2030,4,1,3,0.0
1306,FR_CCGT,2030,4,4,6,0.0
1307,FR_CCGT,2030,4,7,9,0.0
1308,FR_CCGT,2030,4,10,12,0.0
1309,FR_CCGT,2030,4,13,15,0.0
1310,FR_CCGT,2030,4,16,18,0.0
1311,FR_CCGT,2030,4,19,21,0.0
1312,FR_CCGT,2030,4,22,24,0.0
1313,FR_CCGT,2030,5,1,3,0.0
1314,FR_CCGT,2030,5,4,6,0.0
1315,FR_CCGT,2030,5,7,9,0.0
1316,FR_CCGT,2030,5,10,12,0.0
1317,FR_CCGT,2030,5,13,15,0.0
1318,FR_CCGT,2030,5,16,18,0.0
1319,FR_CCGT,2030,5,19,21,0.0
1320,FR_CCGT,2030,5,22,24,0.0
1321,FR_CCGT,2030,6,1,3,0.0
1322,FR_CCGT,2030,6,4,6,0.0
1323,FR_CCGT,2030,6,7,9,0.0
1324,FR_CCGT,2030,6,10,12,0.0
1325,FR_CCGT,2030,6,13,15,0.0
1326,FR_CCGT,2030,6,16,18,0.0
1327,FR_CCGT,2030,6,19,21,0.0
1328,FR_CCGT,2030,6,22,24,0.0
1329,FR_CCGT,2030,7,1,3,0.0
1330,FR_CCGT,2030,7,4,6,0.0
1331,FR_CCGT,2030,7,7,9,0.0
1332,FR_CCGT,2030,7,10,12,0.0
1333,FR_CCGT,2030,7,13,15,0.0
1334,FR_CCGT,2030,7,16,18,0.0
1335,FR_CCGT,2030,7,19,21,0.0
1336,FR_CCGT,2030,7,22,24,0.0
1337,FR_CCGT,2030,8,1,3,0.0
1338,FR_CCGT,2030,8,4,6,0.0
1339,FR_CCGT,2030,8,7,9,0.0
1340,FR_CCGT,2030,8,10,12,0.0
1341,FR_CCGT,2030,8,13,15,0.0
1342,FR_CCGT,2030,8,16,18,0.0
1343,FR_CCGT,2030,8,19,21,0.0
1344,FR_CCGT,2030,8,22,24,0.0
1345,FR_CCGT,2030,9,1,3,0.0
1346,FR_CCGT,2030,9,4,6,0.0
1347,FR_CCGT,2030,9,7,9,0.0
1348,FR_CCGT,2030,9,10,12,0.0
1349,FR_CCGT,2030,9,13,15,0.0
1350,FR_CCGT,2030,9,16,18,0.0
1351,FR_CCGT,2030,9,19,21,0.0
1352,FR_CCGT,2030,9,22,24,0.0
1353,FR_CCGT,2030,10,1,3,0.0
1354,FR_CCGT,2030,10,4,6,0.0
1355,FR_CCGT,2030,10,7,9,0.0
1356,FR_CCGT,2030,10,10,12,0.0
1357,FR_CCGT,2030,10,13,15,0.0
1358,FR_CCGT,2030,10,16,18,0.0
1359,FR_CCGT,2030,10,19,21,0.0
1360,FR_CCGT,2030,10,22,24,0.0
1361,FR_Coal,2030,1,1,3,0.0
1362,FR_Coal,2030,1,4,6,0.0
1363,FR_Coal,2030,1,7,9,0.0
1364,FR_Coal,2030,1,10,12,0.0
1365,FR_Coal,2030,1,13,15,0.0
1366,FR_Coal,2030,1,16,18,0.0
1367,FR_Coal,2030,1,19,21,0.0
1368,FR_Coal,2030,1,22,24,0.0
1369,FR_Coal,2030,2,1,3,0.0
1370,FR_Coal,2030,2,4,6,0.0
1371,FR_Coal,2030,2,7,9,0.0
1372,FR_Coal,2030,2,10,12,0.0
1373,FR_Coal,2030,2,13,15,0.0
1374,FR_Coal,2030,2,16,18,0.0
1375,FR_Coal,2030,2,19,21,0.0
1376,FR_Coal,2030,2,22,24,0.0
1377,FR_Coal,2030,3,1,3,0.0
1378,FR_Coal,2030,3,4,6,0.0
1379,FR_Coal,2030,3,7,9,0.0
1380,FR_Coal,2030,3,10,12,0.0
1381,FR_Coal,2030,3,13,15,0.0
1382,FR_Coal,2030,3,16,18,0.0
1383,FR_Coal,2030,3,19,21,0.0
1384,FR_Coal,2030,3,22,24,0.0
1385,FR_Coal,2030,4,1,3,0.0
1386,FR_Coal,2030,4,4,6,0.0
1387,FR_Coal,2030,4,7,9,0.0
1388,FR_Coal,2030,4,10,12,0.0
1389,FR_Coal,2030,4,13,15,0.0
1390,FR_Coal,2030,4,16,18,0.0
1391,FR_Coal,2030,4,19,21,0.0
1392,FR_Coal,2030,4,22,24,0.0
1393,FR_Coal,2030,5,1,3,0.0
1394,FR_Coal,2030,5,4,6,0.0
1395,FR_Coal,2030,5,7,9,0.0
1396,FR_Coal,2030,5,10,12,0.0
1397,FR_Coal,2030,5,13,15,0.0
1398,FR_Coal,2030,5,16,18,0.0
1399,FR_Coal,2030,5,19,21,0.0
1400,FR_Coal,2030,5,22,24,0.0
1401,FR_Coal,2030,6,1,3,0.0
1402,FR_Coal,2030,6,4,6,0.0
1403,FR_Coal,2030,6,7,9,0.0
1404,FR_Coal,2030,6,10,12,0.0
1405,FR_Coal,2030,6,13,15,0.0
1406,FR_Coal,2030,6,16,18,0.0
1407,FR_Coal,2030,6,19,21,0.0
1408,FR_Coal,2030,6,22,24,0.0
1409,FR_Coal,2030,7,1,3,0.0
1410,FR_Coal,2030,7,4,6,0.0
1411,FR_Coal,2030,7,7,9,0.0
1412,FR_Coal,2030,7,10,12,0.0
1413,FR_Coal,2030,7,13,15,0.0
1414,FR_Coal,2030,7,16,18,0.0
1415,FR_Coal,2030,7,19,21,0.0
1416,FR_Coal,2030,7,22,24,0.0
1417,FR_Coal,2030,8,1,3,0.0
1418,FR_Coal,2030,8,4,6,0.0
1419,FR_Coal,2030,8,7,9,0.0
1420,FR_Coal,2030,8,10,12,0.0
1421,FR_Coal,2030,8,13,15,0.0
1422,FR_Coal,2030,8,16,18,0.0
1423,FR_Coal,2030,8,19,21,0.0
1424,FR_Coal,2030,8,22,24,0.0
1425,FR_Coal,2030,9,1,3,0.0
1426,FR_Coal,2030,9,4,6,0.0
1427,FR_Coal,2030,9,7,9,0.0
1428,FR_Coal,2030,9,10,12,0.0
1429,FR_Coal,2030,9,13,15,0.0
1430,FR_Coal,2030,9,16,18,0.0
1431,FR_Coal,2030,9,19,21,0.0
1432,FR_Coal,2030,9,22,24,0.0
1433,FR_Coal,2030,10,1,3,0.0
1434,FR_Coal,2030,10,4,6,0.0
1435,FR_Coal,2030,10,7,9,0.0
1436,FR_Coal,2030,10,10,12,0.0
1437,FR_Coal,2030,10,13,15,0.0
1438,FR_Coal,2030,10,16,18,0.0
1439,FR_Coal,2030,10,19,21,0.0
1440,FR_Coal,2030,10,22,24,0.0
1441,FR_Nuclear,2030,1,1,3,0.0
1442,FR_Nuclear,2030,1,4,6,0.0
1443,FR_Nuclear,2030,1,7,9,0.0
1444,FR_Nuclear,2030,1,10,12,0.0
1445,FR_Nuclear,2030,1,13,15,0.0
1446,FR_Nuclear,2030,1,16,18,0.0
1447,FR_Nuclear,2030,1,19,21,0.0
1448,FR_Nuclear,2030,1,22,24,0.0
1449,FR_Nuclear,2030,2,1,3,0.0
1450,FR_Nuclear,2030,2,4,6,0.0
1451,FR_Nuclear,2030,2,7,9,0.0
1452,FR_Nuclear,2030,2,10,12,0.0
1453,FR_Nuclear,2030,2,13,15,0.0
1454,FR_Nuclear,2030,2,16,18,0.0
1455,FR_Nuclear,2030,2,19,21,0.0
1456,FR_Nuclear,2030,2,22,24,0.0
1457,FR_Nuclear,2030,3,1,3,0.0
1458,FR_Nuclear,2030,3,4,6,0.0
1459,FR_Nuclear,2030,3,7,9,0.0
1460,FR_Nuclear,2030,3,10,12,0.0
1461,FR_Nuclear,2030,3,13,15,0.0
1462,FR_Nuclear,2030,3,16,18,0.0
1463,FR_Nuclear,2030,3,19,21,0.0
1464,FR_Nuclear,2030,3,22,24,0.0
1465,FR_Nuclear,2030,4,1,3,0.0
1466,FR_Nuclear,2030,4,4,6,0.0
1467,FR_Nuclear,2030,4,7,9,0.0
1468,FR_Nuclear,2030,4,10,12,0.0
1469,FR_Nuclear,2030,4,13,15,0.0
1470,FR_Nuclear,2030,4,16,18,0.0
1471,FR_Nuclear,2030,4,19,21,0.0
1472,FR_Nuclear,2030,4,22,24,0.0
1473,FR_Nuclear,2030,5,1,3,0.0
1474,FR_Nuclear,2030,5,4,6,0.0
1475,FR_Nuclear,2030,5,7,9,0.0
1476,FR_Nuclear,2030,5,10,12,0.0
1477,FR_Nuclear,2030,5,13,15,0.0
1478,FR_Nuclear,2030,5,16,18,0.0
1479,FR_Nuclear,2030,5,19,21,0.0
1480,FR_Nuclear,2030,5,22,24,0.0
1481,FR_Nuclear,2030,6,1,3,0.0
1482,FR_Nuclear,2030,6,4,6,0.0
1483,FR_Nuclear,2030,6,7,9,0.0
1484,FR_Nuclear,2030,6,10,12,0.0
1485,FR_Nuclear,2030,6,13,15,0.0
1486,FR_Nuclear,2030,6,16,18,0.0
1487,FR_Nuclear,2030,6,19,21,0.0
1488,FR_Nuclear,2030,6,22,24,0.0
1489,FR_Nuclear,2030,7,1,3,0.0
1490,FR_Nuclear,2030,7,4,6,0.0
1491,FR_Nuclear,2030,7,7,9,0.0
1492,FR_Nuclear,2030,7,10,12,0.0
1493,FR_Nuclear,2030,7,13,15,0.0
1494,FR_Nuclear,2030,7,16,18,0.0
1495,FR_Nuclear,2030,7,19,21,0.0
1496,FR_Nuclear,2030,7,22,24,0.0
1497,FR_Nuclear,2030,8,1,3,0.0
1498,FR_Nuclear,2030,8,4,6,0.0
1499,FR_Nuclear,2030,8,7,9,0.0
1500,FR_Nuclear,2030,8,10,12,0.0
1501,FR_Nuclear,2030,8,13,15,0.0
1502,FR_Nuclear,2030,8,16,18,0.0
1503,FR_Nuclear,2030,8,19,21,0.0
1504,FR_Nuclear,2030,8,22,24,0.0
1505,FR_Nuclear,2030,9,1,3,0.0
1506,FR_Nuclear,2030,9,4,6,0.0
1507,FR_Nuclear,2030,9,7,9,0.0
1508,FR_Nuclear,2030,9,10,12,0.0
1509,FR_Nuclear,2030,9,13,15,0.0
1510,FR_Nuclear,2030,9,16,18,0.0
1511,FR_Nuclear,2030,9,19,21,0.0
1512,FR_Nuclear,2030,9,22,24,0.0
1513,FR_Nuclear,2030,10,1,3,0.0
1514,FR_Nuclear,2030,10,4,6,0.0
1515,FR_Nuclear,2030,10,7,9,0.0
1516,FR_Nuclear,2030,10,10,12,0.0
1517,FR_Nuclear,2030,10,13,15,0.0
1518,FR_Nuclear,2030,10,16,18,0.0
1519,FR_Nuclear,2030,10,19,21,0.0
1520,FR_Nuclear,2030,10,22,24,0.0
1521,FR_OCGT,2030,1,1,3,0.0
1522,FR_OCGT,2030,1,4,6,0.0
1523,FR_OCGT,2030,1,7,9,0.0
1524,FR_OCGT,2030,1,10,12,0.0
1525,FR_OCGT,2030,1,13,15,0.0
1526,FR_OCGT,2030,1,16,18,0.0
1527,FR_OCGT,2030,1,19,21,0.0
1528,FR_OCGT,2030,1,22,24,0.0
1529,FR_OCGT,2030,2,1,3,0.0
1530,FR_OCGT,2030,2,4,6,0.0
1531,FR_OCGT,2030,2,7,9,0.0
1532,FR_OCGT,2030,2,10,12,0.0
1533,FR_OCGT,2030,2,13,15,0.0
1534,FR_OCGT,2030,2,16,18,0.0
1535,FR_OCGT,2030,2,19,21,0.0
1536,FR_OCGT,2030,2,22,24,0.0
1537,FR_OCGT,2030,3,1,3,0.0
1538,FR_OCGT,2030,3,4,6,0.0
1539,FR_OCGT,2030,3,7,9,0.0
1540,FR_OCGT,2030,3,10,12,0.0
1541,FR_OCGT,2030,3,13,15,0.0
1542,FR_OCGT,2030,3,16,18,0.0
1543,FR_OCGT,2030,3,19,21,0.0
1544,FR_OCGT,2030,3,22,24,0.0
1545,FR_OCGT,2030,4,1,3,0.0
1546,FR_OCGT,2030,4,4,6,0.0
1547,FR_OCGT,2030,4,7,9,0.0
1548,FR_OCGT,2030,4,10,12,0.0
1549,FR_OCGT,2030,4,13,15,0.0
1550,FR_OCGT,2030,4,16,18,0.0
1551,FR_OCGT,2030,4,19,21,0.0
1552,FR_OCGT,2030,4,22,24,0.0
1553,FR_OCGT,2030,5,1,3,0.0
1554,FR_OCGT,2030,5,4,6,0.0
1555,FR_OCGT,2030,5,7,9,0.0
1556,FR_OCGT,2030,5,10,12,0.0
1557,FR_OCGT,2030,5,13,15,0.0
1558,FR_OCGT,2030,5,16,18,0.0
1559,FR_OCGT,2030,5,19,21,0.0
1560,FR_OCGT,2030,5,22,24,0.0
1561,FR_OCGT,2030,6,1,3,0.0
1562,FR_OCGT,2030,6,4,6,0.0
1563,FR_OCGT,2030,6,7,9,0.0
1564,FR_OCGT,2030,6,10,12,0.0
1565,FR_OCGT,2030,6,13,15,0.0
1566,FR_OCGT,2030,6,16,18,0.0
1567,FR_OCGT,2030,6,19,21,0.0
1568,FR_OCGT,2030,6,22,24,0.0
1569,FR_OCGT,2030,7,1,3,0.0
1570,FR_OCGT,2030,7,4,6,0.0
1571,FR_OCGT,2030,7,7,9,0.0
1572,FR_OCGT,2030,7,10,12,0.0
1573,FR_OCGT,2030,7,13,15,0.0
1574,FR_OCGT,2030,7,16,18,0.0
1575,FR_OCGT,2030,7,19,21,0.0
1576,FR_OCGT,2030,7,22,24,0.0
1577,FR_OCGT,2030,8,1,3,0.0
1578,FR_OCGT,2030,8,4,6,0.0
1579,FR_OCGT,2030,8,7,9,0.0
1580,FR_OCGT,2030,8,10,12,0.0
1581,FR_OCGT,2030,8,13,15,0.0
1582,FR_OCGT,2030,8,16,18,0.0
1583,FR_OCGT,2030,8,19,21,0.0
1584,FR_OCGT,2030,8,22,24,0.0
1585,FR_OCGT,2030,9,1,3,0.0
1586,FR_OCGT,2030,9,4,6,0.0
1587,FR_OCGT,2030,9,7,9,0.0
1588,FR_OCGT,2030,9,10,12,0.0
1589,FR_OCGT,2030,9,13,15,0.0
1590,FR_OCGT,2030,9,16,18,0.0
1591,FR_OCGT,2030,9,19,21,0.0
1592,FR_OCGT,2030,9,22,24,0.0
1593,FR_OCGT,2030,10,1,3,0.0
1594,FR_OCGT,2030,10,4,6,0.0
1595,FR_OCGT,2030,10,7,9,0.0
1596,FR_OCGT,2030,10,10,12,0.0
1597,FR_OCGT,2030,10,13,15,0.0
1598,FR_OCGT,2030,10,16,18,0.0
1599,FR_OCGT,2030,10,19,21,0.0
1600,FR_OCGT,2030,10,22,24,0.0
1601,LU_CCGT,2030,1,1,3,0.0
1602,LU_CCGT,2030,1,4,6,0.0
1603,LU_CCGT,2030,1,7,9,0.0
1604,LU_CCGT,2030,1,10,12,0.0
1605,LU_CCGT,2030,1,13,15,0.0
1606,LU_CCGT,2030,1,16,18,0.0
1607,LU_CCGT,2030,1,19,21,0.0
1608,LU_CCGT,2030,1,22,24,0.0
1609,LU_CCGT,2030,2,1,3,0.0
1610,LU_CCGT,2030,2,4,6,0.0
1611,LU_CCGT,2030,2,7,9,0.0
1612,LU_CCGT,2030,2,10,12,0.0
1613,LU_CCGT,2030,2,13,15,0.0
1614,LU_CCGT,2030,2,16,18,0.0
1615,LU_CCGT,2030,2,19,21,0.0
1616,LU_CCGT,2030,2,22,24,0.0
1617,LU_CCGT,2030,3,1,3,0.0
1618,LU_CCGT,2030,3,4,6,0.0
1619,LU_CCGT,2030,3,7,9,0.0
1620,LU_CCGT,2030,3,10,12,0.0
1621,LU_CCGT,2030,3,13,15,0.0
1622,LU_CCGT,2030,3,16,18,0.0
1623,LU_CCGT,2030,3,19,21,0.0
1624,LU_CCGT,2030,3,22,24,0.0
1625,LU_CCGT,2030,4,1,3,0.0
1626,LU_CCGT,2030,4,4,6,0.0
1627,LU_CCGT,2030,4,7,9,0.0
1628,LU_CCGT,2030,4,10,12,0.0
1629,LU_CCGT,2030,4,13,15,0.0
1630,LU_CCGT,2030,4,16,18,0.0
1631,LU_CCGT,2030,4,19,21,0.0
1632,LU_CCGT,2030,4,22,24,0.0
1633,LU_CCGT,2030,5,1,3,0.0
1634,LU_CCGT,2030,5,4,6,0.0
1635,LU_CCGT,2030,5,7,9,0.0
1636,LU_CCGT,2030,5,10,12,0.0
1637,LU_CCGT,2030,5,13,15,0.0
1638,LU_CCGT,2030,5,16,18,0.0
1639,LU_CCGT,2030,5,19,21,0.0
1640,LU_CCGT,2030,5,22,24,0.0
1641,LU_CCGT,2030,6,1,3,0.0
1642,LU_CCGT,2030,6,4,6,0.0
1643,LU_CCGT,2030,6,7,9,0.0
1644,LU_CCGT,2030,6,10,12,0.0
1645,LU_CCGT,2030,6,13,15,0.0
1646,LU_CCGT,2030,6,16,18,0.0
1647,LU_CCGT,2030,6,19,21,0.0
1648,LU_CCGT,2030,6,22,24,0.0
1649,LU_CCGT,2030,7,1,3,0.0
1650,LU_CCGT,2030,7,4,6,0.0
1651,LU_CCGT,2030,7,7,9,0.0
1652,LU_CCGT,2030,7,10,12,0.0
1653,LU_CCGT,2030,7,13,15,0.0
1654,LU_CCGT,2030,7,16,18,0.0
1655,LU_CCGT,2030,7,19,21,0.0
1656,LU_CCGT,2030,7,22,24,0.0
1657,LU_CCGT,2030,8,1,3,0.0
1658,LU_CCGT,2030,8,4,6,0.0
1659,LU_CCGT,2030,8,7,9,0.0
1660,LU_CCGT,2030,8,10,12,0.0
1661,LU_CCGT,2030,8,13,15,0.0
1662,LU_CCGT,2030,8,16,18,0.0
1663,LU_CCGT,2030,8,19,21,0.0
1664,LU_CCGT,2030,8,22,24,0.0
1665,LU_CCGT,2030,9,1,3,0.0
1666,LU_CCGT,2030,9,4,6,0.0
1667,LU_CCGT,2030,9,7,9,0.0
1668,LU_CCGT,2030,9,10,12,0.0
1669,LU_CCGT,2030,9,13,15,0.0
1670,LU_CCGT,2030,9,16,18,0.0
1671,LU_CCGT,2030,9,19,21,0.0
1672,LU_CCGT,2030,9,22,24,0.0
1673,LU_CCGT,2030,10,1,3,0.0
1674,LU_CCGT,2030,10,4,6,0.0
1675,LU_CCGT,2030,10,7,9,0.0
1676,LU_CCGT,2030,10,10,12,0.0
1677,LU_CCGT,2030,10,13,15,0.0
1678,LU_CCGT,2030,10,16,18,0.0
1679,LU_CCGT,2030,10,19,21,0.0
1680,LU_CCGT,2030,10,22,24,0.0
1681,LU_Coal,2030,1,1,3,0.0
1682,LU_Coal,2030,1,4,6,0.0
1683,LU_Coal,2030,1,7,9,0.0
1684,LU_Coal,2030,1,10,12,0.0
1685,LU_Coal,2030,1,13,15,0.0
1686,LU_Coal,2030,1,16,18,0.0
1687,LU_Coal,2030,1,19,21,0.0
1688,LU_Coal,2030,1,22,24,0.0
1689,LU_Coal,2030,2,1,3,0.0
1690,LU_Coal,2030,2,4,6,0.0
1691,LU_Coal,2030,2,7,9,0.0
1692,LU_Coal,2030,2,10,12,0.0
1693,LU_Coal,2030,2,13,15,0.0
1694,LU_Coal,2030,2,16,18,0.0
1695,LU_Coal,2030,2,19,21,0.0
1696,LU_Coal,2030,2,22,24,0.0
1697,LU_Coal,2030,3,1,3,0.0
1698,LU_Coal,2030,3,4,6,0.0
1699,LU_Coal,2030,3,7,9,0.0
1700,LU_Coal,2030,3,10,12,0.0
1701,LU_Coal,2030,3,13,15,0.0
1702,LU_Coal,2030,3,16,18,0.0
1703,LU_Coal,2030,3,19,21,0.0
1704,LU_Coal,2030,3,22,24,0.0
1705,LU_Coal,2030,4,1,3,0.0
1706,LU_Coal,2030,4,4,6,0.0
1707,LU_Coal,2030,4,7,9,0.0
1708,LU_Coal,2030,4,10,12,0.0
1709,LU_Coal,2030,4,13,15,0.0
1710,LU_Coal,2030,4,16,18,0.0
1711,LU_Coal,2030,4,19,21,0.0
1712,LU_Coal,2030,4,22,24,0.0
1713,LU_Coal,2030,5,1,3,0.0
1714,LU_Coal,2030,5,4,6,0.0
1715,LU_Coal,2030,5,7,9,0.0
1716,LU_Coal,2030,5,10,12,0.0
1717,LU_Coal,2030,5,13,15,0.0
1718,LU_Coal,2030,5,16,18,0.0
1719,LU_Coal,2030,5,19,21,0.0
1720,LU_Coal,2030,5,22,24,0.0
1721,LU_Coal,2030,6,1,3,0.0
1722,LU_Coal,2030,6,4,6,0.0
1723,LU_Coal,2030,6,7,9,0.0
1724,LU_Coal,2030,6,10,12,0.0
1725,LU_Coal,2030,6,13,15,0.0
1726,LU_Coal,2030,6,16,18,0.0
1727,LU_Coal,2030,6,19,21,0.0
1728,LU_Coal,2030,6,22,24,0.0
1729,LU_Coal,2030,7,1,3,0.0
1730,LU_Coal,2030,7,4,6,0.0
1731,LU_Coal,2030,7,7,9,0.0
1732,LU_Coal,2030,7,10,12,0.0
1733,LU_Coal,2030,7,13,15,0.0
1734,LU_Coal,2030,7,16,18,0.0
1735,LU_Coal,2030,7,19,21,0.0
1736,LU_Coal,2030,7,22,24,0.0
1737,LU_Coal,2030,8,1,3,0.0
1738,LU_Coal,2030,8,4,6,0.0
1739,LU_Coal,2030,8,7,9,0.0
1740,LU_Coal,2030,8,10,12,0.0
1741,LU_Coal,2030,8,13,15,0.0
1742,LU_Coal,2030,8,16,18,0.0
1743,LU_Coal,2030,8,19,21,0.0
1744,LU_Coal,2030,8,22,24,0.0
1745,LU_Coal,2030,9,1,3,0.0
1746,LU_Coal,2030,9,4,6,0.0
1747,LU_Coal,2030,9,7,9,0.0
1748,LU_Coal,2030,9,10,12,0.0
1749,LU_Coal,2030,9,13,15,0.0
1750,LU_Coal,2030,9,16,18,0.0
1751,LU_Coal,2030,9,19,21,0.0
1752,LU_Coal,2030,9,22,24,0.0
1753,LU_Coal,2030,10,1,3,0.0
1754,LU_Coal,2030,10,4,6,0.0
1755,LU_Coal,2030,10,7,9,0.0
1756,LU_Coal,2030,10,10,12,0.0
1757,LU_Coal,2030,10,13,15,0.0
1758,LU_Coal,2030,10,16,18,0.0
1759,LU_Coal,2030,10,19,21,0.0
1760,LU_Coal,2030,10,22,24,0.0
1761,LU_Nuclear,2030,1,1,3,0.0
1762,LU_Nuclear,2030,1,4,6,0.0
1763,LU_Nuclear,2030,1,7,9,0.0
1764,LU_Nuclear,2030,1,10,12,0.0
1765,LU_Nuclear,2030,1,13,15,0.0
1766,LU_Nuclear,2030,1,16,18,0.0
1767,LU_Nuclear,2030,1,19,21,0.0
1768,LU_Nuclear,2030,1,22,24,0.0
1769,LU_Nuclear,2030,2,1,3,0.0
1770,LU_Nuclear,2030,2,4,6,0.0
1771,LU_Nuclear,2030,2,7,9,0.0
1772,LU_Nuclear,2030,2,10,12,0.0
1773,LU_Nuclear,2030,2,13,15,0.0
1774,LU_Nuclear,2030,2,16,18,0.0
1775,LU_Nuclear,2030,2,19,21,0.0
1776,LU_Nuclear,2030,2,22,24,0.0
1777,LU_Nuclear,2030,3,1,3,0.0
1778,LU_Nuclear,2030,3,4,6,0.0
1779,LU_Nuclear,2030,3,7,9,0.0
1780,LU_Nuclear,2030,3,10,12,0.0
1781,LU_Nuclear,2030,3,13,15,0.0
1782,LU_Nuclear,2030,3,16,18,0.0
1783,LU_Nuclear,2030,3,19,21,0.0
1784,LU_Nuclear,2030,3,22,24,0.0
1785,LU_Nuclear,2030,4,1,3,0.0
1786,LU_Nuclear,2030,4,4,6,0.0
1787,LU_Nuclear,2030,4,7,9,0.0
1788,LU_Nuclear,2030,4,10,12,0.0
1789,LU_Nuclear,2030,4,13,15,0.0
1790,LU_Nuclear,2030,4,16,18,0.0
1791,LU_Nuclear,2030,4,19,21,0.0
1792,LU_Nuclear,2030,4,22,24,0.0
1793,LU_Nuclear,2030,5,1,3,0.0
1794,LU_Nuclear,2030,5,4,6,0.0
1795,LU_Nuclear,2030,5,7,9,0.0
1796,LU_Nuclear,2030,5,10,12,0.0
1797,LU_Nuclear,2030,5,13,15,0.0
1798,LU_Nuclear,2030,5,16,18,0.0
1799,LU_Nuclear,2030,5,19,21,0.0
1800,LU_Nuclear,2030,5,22,24,0.0
1801,LU_Nuclear,2030,6,1,3,0.0
1802,LU_Nuclear,2030,6,4,6,0.0
1803,LU_Nuclear,2030,6,7,9,0.0
1804,LU_Nuclear,2030,6,10,12,0.0
1805,LU_Nuclear,2030,6,13,15,0.0
1806,LU_Nuclear,2030,6,16,18,0.0
1807,LU_Nuclear,2030,6,19,21,0.0
1808,LU_Nuclear,2030,6,22,24,0.0
1809,LU_Nuclear,2030,7,1,3,0.0
1810,LU_Nuclear,2030,7,4,6,0.0
1811,LU_Nuclear,2030,7,7,9,0.0
1812,LU_Nuclear,2030,7,10,12,0.0
1813,LU_Nuclear,2030,7,13,15,0.0
1814,LU_Nuclear,2030,7,16,18,0.0
1815,LU_Nuclear,2030,7,19,21,0.0
1816,LU_Nuclear,2030,7,22,24,0.0
1817,LU_Nuclear,2030,8,1,3,0.0
1818,LU_Nuclear,2030,8,4,6,0.0
1819,LU_Nuclear,2030,8,7,9,0.0
1820,LU_Nuclear,2030,8,10,12,0.0
1821,LU_Nuclear,2030,8,13,15,0.0
1822,LU_Nuclear,2030,8,16,18,0.0
1823,LU_Nuclear,2030,8,19,21,0.0
1824,LU_Nuclear,2030,8,22,24,0.0
1825,LU_Nuclear,2030,9,1,3,0.0
1826,LU_Nuclear,2030,9,4,6,0.0
1827,LU_Nuclear,2030,9,7,9,0.0
1828,LU_Nuclear,2030,9,10,12,0.0
1829,LU_Nuclear,2030,9,13,15,0.0
1830,LU_Nuclear,2030,9,16,18,0.0
1831,LU_Nuclear,2030,9,19,21,0.0
1832,LU_Nuclear,2030,9,22,24,0.0
1833,LU_Nuclear,2030,10,1,3,0.0
1834,LU_Nuclear,2030,10,4,6,0.0
1835,LU_Nuclear,2030,10,7,9,0.0
1836,LU_Nuclear,2030,10,10,12,0.0
1837,LU_Nuclear,2030,10,13,15,0.0
1838,LU_Nuclear,2030,10,16,18,0.0
1839,LU_Nuclear,2030,10,19,21,0.0
1840,LU_Nuclear,2030,10,22,24,0.0
1841,LU_OCGT,2030,1,1,3,0.0
1842,LU_OCGT,2030,1,4,6,0.0
1843,LU_OCGT,2030,1,7,9,0.0
1844,LU_OCGT,2030,1,10,12,0.0
1845,LU_OCGT,2030,1,13,15,0.0
1846,LU_OCGT,2030,1,16,18,0.0
1847,LU_OCGT,2030,1,19,21,0.0
1848,LU_OCGT,2030,1,22,24,0.0
1849,LU_OCGT,2030,2,1,3,0.0
1850,LU_OCGT,2030,2,4,6,0.0
1851,LU_OCGT,2030,2,7,9,0.0
1852,LU_OCGT,2030,2,10,12,0.0
1853,LU_OCGT,2030,2,13,15,0.0
1854,LU_OCGT,2030,2,16,18,0.0
1855,LU_OCGT,2030,2,19,21,0.0
1856,LU_OCGT,2030,2,22,24,0.0
1857,LU_OCGT,2030,3,1,3,0.0
1858,LU_OCGT,2030,3,4,6,0.0
1859,LU_OCGT,2030,3,7,9,0.0
1860,LU_OCGT,2030,3,10,12,0.0
1861,LU_OCGT,2030,3,13,15,0.0
1862,LU_OCGT,2030,3,16,18,0.0
1863,LU_OCGT,2030,3,19,21,0.0
1864,LU_OCGT,2030,3,22,24,0.0
1865,LU_OCGT,2030,4,1,3,0.0
1866,LU_OCGT,2030,4,4,6,0.0
1867,LU_OCGT,2030,4,7,9,0.0
1868,LU_OCGT,2030,4,10,12,0.0
1869,LU_OCGT,2030,4,13,15,0.0
1870,LU_OCGT,2030,4,16,18,0.0
1871,LU_OCGT,2030,4,19,21,0.0
1872,LU_OCGT,2030,4,22,24,0.0
1873,LU_OCGT,2030,5,1,3,0.0
1874,LU_OCGT,2030,5,4,6,0.0
1875,LU_OCGT,2030,5,7,9,0.0
1876,LU_OCGT,2030,5,10,12,0.0
1877,LU_OCGT,2030,5,13,15,0.0
1878,LU_OCGT,2030,5,16,18,0.0
1879,LU_OCGT,2030,5,19,21,0.0
1880,LU_OCGT,2030,5,22,24,0.0
1881,LU_OCGT,2030,6,1,3,0.0
1882,LU_OCGT,2030,6,4,6,0.0
1883,LU_OCGT,2030,6,7,9,0.0
1884,LU_OCGT,2030,6,10,12,0.0
1885,LU_OCGT,2030,6,13,15,0.0
1886,LU_OCGT,2030,6,16,18,0.0
1887,LU_OCGT,2030,6,19,21,0.0
1888,LU_OCGT,2030,6,22,24,0.0
1889,LU_OCGT,2030,7,1,3,0.0
1890,LU_OCGT,2030,7,4,6,0.0
1891,LU_OCGT,2030,7,7,9,0.0
1892,LU_OCGT,2030,7,10,12,0.0
1893,LU_OCGT,2030,7,13,15,0.0
1894,LU_OCGT,2030,7,16,18,0.0
1895,LU_OCGT,2030,7,19,21,0.0
1896,LU_OCGT,2030,7,22,24,0.0
1897,LU_OCGT,2030,8,1,3,0.0
1898,LU_OCGT,2030,8,4,6,0.0
1899,LU_OCGT,2030,8,7,9,0.0
1900,LU_OCGT,2030,8,10,12,0.0
1901,LU_OCGT,2030,8,13,15,0.0
1902,LU_OCGT,2030,8,16,18,0.0
1903,LU_OCGT,2030,8,19,21,0.0
1904,LU_OCGT,2030,8,22,24,0.0
1905,LU_OCGT,2030,9,1,3,0.0
1906,LU_OCGT,2030,9,4,6,0.0
1907,LU_OCGT,2030,9,7,9,0.0
1908,LU_OCGT,2030,9,10,12,0.0
1909,LU_OCGT,2030,9,13,15,0.0
1910,LU_OCGT,2030,9,16,18,0.0
1911,LU_OCGT,2030,9,19,21,0.0
1912,LU_OCGT,2030,9,22,24,0.0
1913,LU_OCGT,2030,10,1,3,0.0
1914,LU_OCGT,2030,10,4,6,0.0
1915,LU_OCGT,2030,10,7,9,0.0
1916,LU_OCGT,2030,10,10,12,0.0
1917,LU_OCGT,2030,10,13,15,0.0
1918,LU_OCGT,2030,10,16,18,0.0
1919,LU_OCGT,2030,10,19,21,0.0
1920,LU_OCGT,2030,10,22,24,0.0
1921,NL_CCGT,2030,1,1,3,0.0
1922,NL_CCGT,2030,1,4,6,0.0
1923,NL_CCGT,2030,1,7,9,0.0
1924,NL_CCGT,2030,1,10,12,0.0
1925,NL_CCGT,2030,1,13,15,0.0
1926,NL_CCGT,2030,1,16,18,0.0
1927,NL_CCGT,2030,1,19,21,0.0
1928,NL_CCGT,2030,1,22,24,0.0
1929,NL_CCGT,2030,2,1,3,0.0
1930,NL_CCGT,2030,2,4,6,0.0
1931,NL_CCGT,2030,2,7,9,0.0
1932,NL_CCGT,2030,2,10,12,0.0
1933,NL_CCGT,2030,2,13,15,0.0
1934,NL_CCGT,2030,2,16,18,0.0
1935,NL_CCGT,2030,2,19,21,0.0
1936,NL_CCGT,2030,2,22,24,0.0
1937,NL_CCGT,2030,3,1,3,0.0
1938,NL_CCGT,2030,3,4,6,0.0
1939,NL_CCGT,2030,3,7,9,0.0
1940,NL_CCGT,2030,3,10,12,0.0
1941,NL_CCGT,2030,3,13,15,0.0
1942,NL_CCGT,2030,3,16,18,0.0
1943,NL_CCGT,2030,3,19,21,0.0
1944,NL_CCGT,2030,3,22,24,0.0
1945,NL_CCGT,2030,4,1,3,0.0
1946,NL_CCGT,2030,4,4,6,0.0
1947,NL_CCGT,2030,4,7,9,0.0
1948,NL_CCGT,2030,4,10,12,0.0
1949,NL_CCGT,2030,4,13,15,0.0
1950,NL_CCGT,2030,4,16,18,0.0
1951,NL_CCGT,2030,4,19,21,0.0
1952,NL_CCGT,2030,4,22,24,0.0
1953,NL_CCGT,2030,5,1,3,0.0
1954,NL_CCGT,2030,5,4,6,0.0
1955,NL_CCGT,2030,5,7,9,0.0
1956,NL_CCGT,2030,5,10,12,0.0
1957,NL_CCGT,2030,5,13,15,0.0
1958,NL_CCGT,2030,5,16,18,0.0
1959,NL_CCGT,2030,5,19,21,0.0
1960,NL_CCGT,2030,5,22,24,0.0
1961,NL_CCGT,2030,6,1,3,0.0
1962,NL_CCGT,2030,6,4,6,0.0
1963,NL_CCGT,2030,6,7,9,0.0
1964,NL_CCGT,2030,6,10,12,0.0
1965,NL_CCGT,2030,6,13,15,0.0
1966,NL_CCGT,2030,6,16,18,0.0
1967,NL_CCGT,2030,6,19,21,0.0
1968,NL_CCGT,2030,6,22,24,0.0
1969,NL_CCGT,2030,7,1,3,0.0
1970,NL_CCGT,2030,7,4,6,0.0
1971,NL_CCGT,2030,7,7,9,0.0
1972,NL_CCGT,2030,7,10,12,0.0
1973,NL_CCGT,2030,7,13,15,0.0
1974,NL_CCGT,2030,7,16,18,0.0
1975,NL_CCGT,2030,7,19,21,0.0
1976,NL_CCGT,2030,7,22,24,0.0
1977,NL_CCGT,2030,8,1,3,0.0
1978,NL_CCGT,2030,8,4,6,0.0
1979,NL_CCGT,2030,8,7,9,0.0
1980,NL_CCGT,2030,8,10,12,0.0
1981,NL_CCGT,2030,8,13,15,0.0
1982,NL_CCGT,2030,8,16,18,0.0
1983,NL_CCGT,2030,8,19,21,0.0
1984,NL_CCGT,2030,8,22,24,0.0
1985,NL_CCGT,2030,9,1,3,0.0
1986,NL_CCGT,2030,9,4,6,0.0
1987,NL_CCGT,2030,9,7,9,0.0
1988,NL_CCGT,2030,9,10,12,0.0
1989,NL_CCGT,2030,9,13,15,0.0
1990,NL_CCGT,2030,9,16,18,0.0
1991,NL_CCGT,2030,9,19,21,0.0
1992,NL_CCGT,2030,9,22,24,0.0
1993,NL_CCGT,2030,10,1,3,0.0
1994,NL_CCGT,2030,10,4,6,0.0
1995,NL_CCGT,2030,10,7,9,0.0
1996,NL_CCGT,2030,10,10,12,0.0
1997,NL_CCGT,2030,10,13,15,0.0
1998,NL_CCGT,2030,10,16,18,0.0
1999,NL_CCGT,2030,10,19,21,0.0
2000,NL_CCGT,2030,10,22,24,0.0
2001,NL_Coal,2030,1,1,3,0.0
2002,NL_Coal,2030,1,4,6,0.0
2003,NL_Coal,2030,1,7,9,0.0
2004,NL_Coal,2030,1,10,12,0.0
2005,NL_Coal,2030,1,13,15,0.0
2006,NL_Coal,2030,1,16,18,0.0
2007,NL_Coal,2030,1,19,21,0.0
2008,NL_Coal,2030,1,22,24,0.0
2009,NL_Coal,2030,2,1,3,0.0
2010,NL_Coal,2030,2,4,6,0.0
2011,NL_Coal,2030,2,7,9,0.0
2012,NL_Coal,2030,2,10,12,0.0
2013,NL_Coal,2030,2,13,15,0.0
2014,NL_Coal,2030,2,16,18,0.0
2015,NL_Coal,2030,2,19,21,0.0
2016,NL_Coal,2030,2,22,24,0.0
2017,NL_Coal,2030,3,1,3,0.0
2018,NL_Coal,2030,3,4,6,0.0
2019,NL_Coal,2030,3,7,9,0.0
2020,NL_Coal,2030,3,10,12,0.0
2021,NL_Coal,2030,3,13,15,0.0
2022,NL_Coal,2030,3,16,18,0.0
2023,NL_Coal,2030,3,19,21,0.0
2024,NL_Coal,2030,3,22,24,0.0
2025,NL_Coal,2030,4,1,3,0.0
2026,NL_Coal,2030,4,4,6,0.0
2027,NL_Coal,2030,4,7,9,0.0
2028,NL_Coal,2030,4,10,12,0.0
2029,NL_Coal,2030,4,13,15,0.0
2030,NL_Coal,2030,4,16,18,0.0
2031,NL_Coal,2030,4,19,21,0.0
2032,NL_Coal,2030,4,22,24,0.0
2033,NL_Coal,2030,5,1,3,0.0
2034,NL_Coal,2030,5,4,6,0.0
2035,NL_Coal,2030,5,7,9,0.0
2036,NL_Coal,2030,5,10,12,0.0
2037,NL_Coal,2030,5,13,15,0.0
2038,NL_Coal,2030,5,16,18,0.0
2039,NL_Coal,2030,5,19,21,0.0
2040,NL_Coal,2030,5,22,24,0.0
2041,NL_Coal,2030,6,1,3,0.0
2042,NL_Coal,2030,6,4,6,0.0
2043,NL_Coal,2030,6,7,9,0.0
2044,NL_Coal,2030,6,10,12,0.0
2045,NL_Coal,2030,6,13,15,0.0
2046,NL_Coal,2030,6,16,18,0.0
2047,NL_Coal,2030,6,19,21,0.0
2048,NL_Coal,2030,6,22,24,0.0
2049,NL_Coal,2030,7,1,3,0.0
2050,NL_Coal,2030,7,4,6,0.0
2051,NL_Coal,2030,7,7,9,0.0
2052,NL_Coal,2030,7,10,12,0.0
2053,NL_Coal,2030,7,13,15,0.0
2054,NL_Coal,2030,7,16,18,0.0
2055,NL_Coal,2030,7,19,21,0.0
2056,NL_Coal,2030,7,22,24,0.0
2057,NL_Coal,2030,8,1,3,0.0
2058,NL_Coal,2030,8,4,6,0.0
2059,NL_Coal,2030,8,7,9,0.0
2060,NL_Coal,2030,8,10,12,0.0
2061,NL_Coal,2030,8,13,15,0.0
2062,NL_Coal,2030,8,16,18,0.0
2063,NL_Coal,2030,8,19,21,0.0
2064,NL_Coal,2030,8,22,24,0.0
2065,NL_Coal,2030,9,1,3,0.0
2066,NL_Coal,2030,9,4,6,0.0
2067,NL_Coal,2030,9,7,9,0.0
2068,NL_Coal,2030,9,10,12,0.0
2069,NL_Coal,2030,9,13,15,0.0
2070,NL_Coal,2030,9,16,18,0.0
2071,NL_Coal,2030,9,19,21,0.0
2072,NL_Coal,2030,9,22,24,0.0
2073,NL_Coal,2030,10,1,3,0.0
2074,NL_Coal,2030,10,4,6,0.0
2075,NL_Coal,2030,10,7,9,0.0
2076,NL_Coal,2030,10,10,12,0.0
2077,NL_Coal,2030,10,13,15,0.0
2078,NL_Coal,2030,10,16,18,0.0
2079,NL_Coal,2030,10,19,21,0.0
2080,NL_Coal,2030,10,22,24,0.0
2081,NL_Nuclear,2030,1,1,3,0.0
2082,NL_Nuclear,2030,1,4,6,0.0
2083,NL_Nuclear,2030,1,7,9,0.0
2084,NL_Nuclear,2030,1,10,12,0.0
2085,NL_Nuclear,2030,1,13,15,0.0
2086,NL_Nuclear,2030,1,16,18,0.0
2087,NL_Nuclear,2030,1,19,21,0.0
2088,NL_Nuclear,2030,1,22,24,0.0
2089,NL_Nuclear,2030,2,1,3,0.0
2090,NL_Nuclear,2030,2,4,6,0.0
2091,NL_Nuclear,2030,2,7,9,0.0
2092,NL_Nuclear,2030,2,10,12,0.0
2093,NL_Nuclear,2030,2,13,15,0.0
2094,NL_Nuclear,2030,2,16,18,0.0
2095,NL_Nuclear,2030,2,19,21,0.0
2096,NL_Nuclear,2030,2,22,24,0.0
2097,NL_Nuclear,2030,3,1,3,0.0
2098,NL_Nuclear,2030,3,4,6,0.0
2099,NL_Nuclear,2030,3,7,9,0.0
2100,NL_Nuclear,2030,3,10,12,0.0
2101,NL_Nuclear,2030,3,13,15,0.0
2102,NL_Nuclear,2030,3,16,18,0.0
2103,NL_Nuclear,2030,3,19,21,0.0
2104,NL_Nuclear,2030,3,22,24,0.0
2105,NL_Nuclear,2030,4,1,3,0.0
2106,NL_Nuclear,2030,4,4,6,0.0
2107,NL_Nuclear,2030,4,7,9,0.0
2108,NL_Nuclear,2030,4,10,12,0.0
2109,NL_Nuclear,2030,4,13,15,0.0
2110,NL_Nuclear,2030,4,16,18,0.0
2111,NL_Nuclear,2030,4,19,21,0.0
2112,NL_Nuclear,2030,4,22,24,0.0
2113,NL_Nuclear,2030,5,1,3,0.0
2114,NL_Nuclear,2030,5,4,6,0.0
2115,NL_Nuclear,2030,5,7,9,0.0
2116,NL_Nuclear,2030,5,10,12,0.0
2117,NL_Nuclear,2030,5,13,15,0.0
2118,NL_Nuclear,2030,5,16,18,0.0
2119,NL_Nuclear,2030,5,19,21,0.0
2120,NL_Nuclear,2030,5,22,24,0.0
2121,NL_Nuclear,2030,6,1,3,0.0
2122,NL_Nuclear,2030,6,4,6,0.0
2123,NL_Nuclear,2030,6,7,9,0.0
2124,NL_Nuclear,2030,6,10,12,0.0
2125,NL_Nuclear,2030,6,13,15,0.0
2126,NL_Nuclear,2030,6,16,18,0.0
2127,NL_Nuclear,2030,6,19,21,0.0
2128,NL_Nuclear,2030,6,22,24,0.0
2129,NL_Nuclear,2030,7,1,3,0.0
2130,NL_Nuclear,2030,7,4,6,0.0
2131,NL_Nuclear,2030,7,7,9,0.0
2132,NL_Nuclear,2030,7,10,12,0.0
2133,NL_Nuclear,2030,7,13,15,0.0
2134,NL_Nuclear,2030,7,16,18,0.0
2135,NL_Nuclear,2030,7,19,21,0.0
2136,NL_Nuclear,2030,7,22,24,0.0
2137,NL_Nuclear,2030,8,1,3,0.0
2138,NL_Nuclear,2030,8,4,6,0.0
2139,NL_Nuclear,2030,8,7,9,0.0
2140,NL_Nuclear,2030,8,10,12,0.0
2141,NL_Nuclear,2030,8,13,15,0.0
2142,NL_Nuclear,2030,8,16,18,0.0
2143,NL_Nuclear,2030,8,19,21,0.0
2144,NL_Nuclear,2030,8,22,24,0.0
2145,NL_Nuclear,2030,9,1,3,0.0
2146,NL_Nuclear,2030,9,4,6,0.0
2147,NL_Nuclear,2030,9,7,9,0.0
2148,NL_Nuclear,2030,9,10,12,0.0
2149,NL_Nuclear,2030,9,13,15,0.0
2150,NL_Nuclear,2030,9,16,18,0.0
2151,NL_Nuclear,2030,9,19,21,0.0
2152,NL_Nuclear,2030,9,22,24,0.0
2153,NL_Nuclear,2030,10,1,3,0.0
2154,NL_Nuclear,2030,10,4,6,0.0
2155,NL_Nuclear,2030,10,7,9,0.0
2156,NL_Nuclear,2030,10,10,12,0.0
2157,NL_Nuclear,2030,10,13,15,0.0
2158,NL_Nuclear,2030,10,16,18,0.0
2159,NL_Nuclear,2030,10,19,21,0.0
2160,NL_Nuclear,2030,10,22,24,0.0
2161,NL_OCGT,2030,1,1,3,0.0
2162,NL_OCGT,2030,1,4,6,0.0
2163,NL_OCGT,2030,1,7,9,0.0
2164,NL_OCGT,2030,1,10,12,0.0
2165,NL_OCGT,2030,1,13,15,0.0
2166,NL_OCGT,2030,1,16,18,0.0
2167,NL_OCGT,2030,1,19,21,0.0
2168,NL_OCGT,2030,1,22,24,0.0
2169,NL_OCGT,2030,2,1,3,0.0
2170,NL_OCGT,2030,2,4,6,0.0
2171,NL_OCGT,2030,2,7,9,0.0
2172,NL_OCGT,2030,2,10,12,0.0
2173,NL_OCGT,2030,2,13,15,0.0
2174,NL_OCGT,2030,2,16,18,0.0
2175,NL_OCGT,2030,2,19,21,0.0
2176,NL_OCGT,2030,2,22,24,0.0
2177,NL_OCGT,2030,3,1,3,0.0
2178,NL_OCGT,2030,3,4,6,0.0
2179,NL_OCGT,2030,3,7,9,0.0
2180,NL_OCGT,2030,3,10,12,0.0
2181,NL_OCGT,2030,3,13,15,0.0
2182,NL_OCGT,2030,3,16,18,0.0
2183,NL_OCGT,2030,3,19,21,0.0
2184,NL_OCGT,2030,3,22,24,0.0
2185,NL_OCGT,2030,4,1,3,0.0
2186,NL_OCGT,2030,4,4,6,0.0
2187,NL_OCGT,2030,4,7,9,0.0
2188,NL_OCGT,2030,4,10,12,0.0
2189,NL_OCGT,2030,4,13,15,0.0
2190,NL_OCGT,2030,4,16,18,0.0
2191,NL_OCGT,2030,4,19,21,0.0
2192,NL_OCGT,2030,4,22,24,0.0
2193,NL_OCGT,2030,5,1,3,0.0
2194,NL_OCGT,2030,5,4,6,0.0
2195,NL_OCGT,2030,5,7,9,0.0
2196,NL_OCGT,2030,5,10,12,0.0
2197,NL_OCGT,2030,5,13,15,0.0
2198,NL_OCGT,2030,5,16,18,0.0
2199,NL_OCGT,2030,5,19,21,0.0
2200,NL_OCGT,2030,5,22,24,0.0
2201,NL_OCGT,2030,6,1,3,0.0
2202,NL_OCGT,2030,6,4,6,0.0
2203,NL_OCGT,2030,6,7,9,0.0
2204,NL_OCGT,2030,6,10,12,0.0
2205,NL_OCGT,2030,6,13,15,0.0
2206,NL_OCGT,2030,6,16,18,0.0
2207,NL_OCGT,2030,6,19,21,0.0
2208,NL_OCGT,2030,6,22,24,0.0
2209,NL_OCGT,2030,7,1,3,0.0
2210,NL_OCGT,2030,7,4,6,0.0
2211,NL_OCGT,2030,7,7,9,0.0
2212,NL_OCGT,2030,7,10,12,0.0
2213,NL_OCGT,2030,7,13,15,0.0
2214,NL_OCGT,2030,7,16,18,0.0
2215,NL_OCGT,2030,7,19,21,0.0
2216,NL_OCGT,2030,7,22,24,0.0
2217,NL_OCGT,2030,8,1,3,0.0
2218,NL_OCGT,2030,8,4,6,0.0
2219,NL_OCGT,2030,8,7,9,0.0
2220,NL_OCGT,2030,8,10,12,0.0
2221,NL_OCGT,2030,8,13,15,0.0
2222,NL_OCGT,2030,8,16,18,0.0
2223,NL_OCGT,2030,8,19,21,0.0
2224,NL_OCGT,2030,8,22,24,0.0
2225,NL_OCGT,2030,9,1,3,0.0
2226,NL_OCGT,2030,9,4,6,0.0
2227,NL_OCGT,2030,9,7,9,0.0
2228,NL_OCGT,2030,9,10,12,0.0
2229,NL_OCGT,2030,9,13,15,0.0
2230,NL_OCGT,2030,9,16,18,0.0
2231,NL_OCGT,2030,9,19,21,0.0
2232,NL_OCGT,2030,9,22,24,0.0
2233,NL_OCGT,2030,10,1,3,0.0
2234,NL_OCGT,2030,10,4,6,0.0
2235,NL_OCGT,2030,10,7,9,0.0
2236,NL_OCGT,2030,10,10,12,0.0
2237,NL_OCGT,2030,10,13,15,0.0
2238,NL_OCGT,2030,10,16,18,0.0
2239,NL_OCGT,2030,10,19,21,0.0
2240,NL_OCGT,2030,10,22,24,0.0
