id,asset,year,rep_period,time_block_start,time_block_end,dual_start_up_upper_bound
1,AT_CCGT,2030,1,1,4,0.0
2,AT_CCGT,2030,1,5,8,0.0
3,AT_CCGT,2030,1,9,12,0.0
4,AT_CCGT,2030,1,13,16,0.0
5,AT_CCGT,2030,1,17,20,0.0
6,AT_CCGT,2030,1,21,24,0.0
7,AT_CCGT,2030,2,1,4,0.0
8,AT_CCGT,2030,2,5,8,0.0
9,AT_CCGT,2030,2,9,12,0.0
10,AT_CCGT,2030,2,13,16,0.0
11,AT_CCGT,2030,2,17,20,0.0
12,AT_CCGT,2030,2,21,24,0.0
13,AT_CCGT,2030,3,1,4,0.0
14,AT_CCGT,2030,3,5,8,0.0
15,AT_CCGT,2030,3,9,12,0.0
16,AT_CCGT,2030,3,13,16,0.0
17,AT_CCGT,2030,3,17,20,0.0
18,AT_CCGT,2030,3,21,24,0.0
19,AT_CCGT,2030,4,1,4,0.0
20,AT_CCGT,2030,4,5,8,0.0
21,AT_CCGT,2030,4,9,12,0.0
22,AT_CCGT,2030,4,13,16,0.0
23,AT_CCGT,2030,4,17,20,0.0
24,AT_CCGT,2030,4,21,24,0.0
25,AT_CCGT,2030,5,1,4,0.0
26,AT_CCGT,2030,5,5,8,0.0
27,AT_CCGT,2030,5,9,12,0.0
28,AT_CCGT,2030,5,13,16,0.0
29,AT_CCGT,2030,5,17,20,0.0
30,AT_CCGT,2030,5,21,24,0.0
31,AT_CCGT,2030,6,1,4,0.0
32,AT_CCGT,2030,6,5,8,0.0
33,AT_CCGT,2030,6,9,12,0.0
34,AT_CCGT,2030,6,13,16,0.0
35,AT_CCGT,2030,6,17,20,0.0
36,AT_CCGT,2030,6,21,24,0.0
37,AT_CCGT,2030,7,1,4,0.0
38,AT_CCGT,2030,7,5,8,0.0
39,AT_CCGT,2030,7,9,12,0.0
40,AT_CCGT,2030,7,13,16,0.0
41,AT_CCGT,2030,7,17,20,0.0
42,AT_CCGT,2030,7,21,24,0.0
43,AT_CCGT,2030,8,1,4,0.0
44,AT_CCGT,2030,8,5,8,0.0
45,AT_CCGT,2030,8,9,12,0.0
46,AT_CCGT,2030,8,13,16,0.0
47,AT_CCGT,2030,8,17,20,0.0
48,AT_CCGT,2030,8,21,24,0.0
49,AT_CCGT,2030,9,1,4,0.0
50,AT_CCGT,2030,9,5,8,0.0
51,AT_CCGT,2030,9,9,12,0.0
52,AT_CCGT,2030,9,13,16,0.0
53,AT_CCGT,2030,9,17,20,0.0
54,AT_CCGT,2030,9,21,24,0.0
55,AT_CCGT,2030,10,1,4,0.0
56,AT_CCGT,2030,10,5,8,0.0
57,AT_CCGT,2030,10,9,12,0.0
58,AT_CCGT,2030,10,13,16,0.0
59,AT_CCGT,2030,10,17,20,0.0
60,AT_CCGT,2030,10,21,24,0.0
61,AT_Coal,2030,1,1,4,0.0
62,AT_Coal,2030,1,5,8,0.0
63,AT_Coal,2030,1,9,12,0.0
64,AT_Coal,2030,1,13,16,0.0
65,AT_Coal,2030,1,17,20,0.0
66,AT_Coal,2030,1,21,24,0.0
67,AT_Coal,2030,2,1,4,0.0
68,AT_Coal,2030,2,5,8,0.0
69,AT_Coal,2030,2,9,12,0.0
70,AT_Coal,2030,2,13,16,0.0
71,AT_Coal,2030,2,17,20,0.0
72,AT_Coal,2030,2,21,24,0.0
73,AT_Coal,2030,3,1,4,0.0
74,AT_Coal,2030,3,5,8,0.0
75,AT_Coal,2030,3,9,12,0.0
76,AT_Coal,2030,3,13,16,0.0
77,AT_Coal,2030,3,17,20,0.0
78,AT_Coal,2030,3,21,24,0.0
79,AT_Coal,2030,4,1,4,0.0
80,AT_Coal,2030,4,5,8,0.0
81,AT_Coal,2030,4,9,12,0.0
82,AT_Coal,2030,4,13,16,0.0
83,AT_Coal,2030,4,17,20,0.0
84,AT_Coal,2030,4,21,24,0.0
85,AT_Coal,2030,5,1,4,0.0
86,AT_Coal,2030,5,5,8,0.0
87,AT_Coal,2030,5,9,12,0.0
88,AT_Coal,2030,5,13,16,0.0
89,AT_Coal,2030,5,17,20,0.0
90,AT_Coal,2030,5,21,24,0.0
91,AT_Coal,2030,6,1,4,0.0
92,AT_Coal,2030,6,5,8,0.0
93,AT_Coal,2030,6,9,12,0.0
94,AT_Coal,2030,6,13,16,0.0
95,AT_Coal,2030,6,17,20,0.0
96,AT_Coal,2030,6,21,24,0.0
97,AT_Coal,2030,7,1,4,0.0
98,AT_Coal,2030,7,5,8,0.0
99,AT_Coal,2030,7,9,12,0.0
100,AT_Coal,2030,7,13,16,0.0
101,AT_Coal,2030,7,17,20,0.0
102,AT_Coal,2030,7,21,24,0.0
103,AT_Coal,2030,8,1,4,0.0
104,AT_Coal,2030,8,5,8,0.0
105,AT_Coal,2030,8,9,12,0.0
106,AT_Coal,2030,8,13,16,0.0
107,AT_Coal,2030,8,17,20,0.0
108,AT_Coal,2030,8,21,24,0.0
109,AT_Coal,2030,9,1,4,0.0
110,AT_Coal,2030,9,5,8,0.0
111,AT_Coal,2030,9,9,12,0.0
112,AT_Coal,2030,9,13,16,0.0
113,AT_Coal,2030,9,17,20,0.0
114,AT_Coal,2030,9,21,24,0.0
115,AT_Coal,2030,10,1,4,0.0
116,AT_Coal,2030,10,5,8,0.0
117,AT_Coal,2030,10,9,12,0.0
118,AT_Coal,2030,10,13,16,0.0
119,AT_Coal,2030,10,17,20,0.0
120,AT_Coal,2030,10,21,24,0.0
121,AT_Nuclear,2030,1,1,4,0.0
122,AT_Nuclear,2030,1,5,8,0.0
123,AT_Nuclear,2030,1,9,12,0.0
124,AT_Nuclear,2030,1,13,16,0.0
125,AT_Nuclear,2030,1,17,20,0.0
126,AT_Nuclear,2030,1,21,24,0.0
127,AT_Nuclear,2030,2,1,4,0.0
128,AT_Nuclear,2030,2,5,8,0.0
129,AT_Nuclear,2030,2,9,12,0.0
130,AT_Nuclear,2030,2,13,16,0.0
131,AT_Nuclear,2030,2,17,20,0.0
132,AT_Nuclear,2030,2,21,24,0.0
133,AT_Nuclear,2030,3,1,4,0.0
134,AT_Nuclear,2030,3,5,8,0.0
135,AT_Nuclear,2030,3,9,12,0.0
136,AT_Nuclear,2030,3,13,16,0.0
137,AT_Nuclear,2030,3,17,20,0.0
138,AT_Nuclear,2030,3,21,24,0.0
139,AT_Nuclear,2030,4,1,4,0.0
140,AT_Nuclear,2030,4,5,8,0.0
141,AT_Nuclear,2030,4,9,12,0.0
142,AT_Nuclear,2030,4,13,16,0.0
143,AT_Nuclear,2030,4,17,20,0.0
144,AT_Nuclear,2030,4,21,24,0.0
145,AT_Nuclear,2030,5,1,4,0.0
146,AT_Nuclear,2030,5,5,8,0.0
147,AT_Nuclear,2030,5,9,12,0.0
148,AT_Nuclear,2030,5,13,16,0.0
149,AT_Nuclear,2030,5,17,20,0.0
150,AT_Nuclear,2030,5,21,24,0.0
151,AT_Nuclear,2030,6,1,4,0.0
152,AT_Nuclear,2030,6,5,8,0.0
153,AT_Nuclear,2030,6,9,12,0.0
154,AT_Nuclear,2030,6,13,16,0.0
155,AT_Nuclear,2030,6,17,20,0.0
156,AT_Nuclear,2030,6,21,24,0.0
157,AT_Nuclear,2030,7,1,4,0.0
158,AT_Nuclear,2030,7,5,8,0.0
159,AT_Nuclear,2030,7,9,12,0.0
160,AT_Nuclear,2030,7,13,16,0.0
161,AT_Nuclear,2030,7,17,20,0.0
162,AT_Nuclear,2030,7,21,24,0.0
163,AT_Nuclear,2030,8,1,4,0.0
164,AT_Nuclear,2030,8,5,8,0.0
165,AT_Nuclear,2030,8,9,12,0.0
166,AT_Nuclear,2030,8,13,16,0.0
167,AT_Nuclear,2030,8,17,20,0.0
168,AT_Nuclear,2030,8,21,24,0.0
169,AT_Nuclear,2030,9,1,4,0.0
170,AT_Nuclear,2030,9,5,8,0.0
171,AT_Nuclear,2030,9,9,12,0.0
172,AT_Nuclear,2030,9,13,16,0.0
173,AT_Nuclear,2030,9,17,20,0.0
174,AT_Nuclear,2030,9,21,24,0.0
175,AT_Nuclear,2030,10,1,4,0.0
176,AT_Nuclear,2030,10,5,8,0.0
177,AT_Nuclear,2030,10,9,12,0.0
178,AT_Nuclear,2030,10,13,16,0.0
179,AT_Nuclear,2030,10,17,20,0.0
180,AT_Nuclear,2030,10,21,24,0.0
181,AT_OCGT,2030,1,1,4,0.0
182,AT_OCGT,2030,1,5,8,0.0
183,AT_OCGT,2030,1,9,12,0.0
184,AT_OCGT,2030,1,13,16,0.0
185,AT_OCGT,2030,1,17,20,0.0
186,AT_OCGT,2030,1,21,24,0.0
187,AT_OCGT,2030,2,1,4,0.0
188,AT_OCGT,2030,2,5,8,0.0
189,AT_OCGT,2030,2,9,12,0.0
190,AT_OCGT,2030,2,13,16,0.0
191,AT_OCGT,2030,2,17,20,0.0
192,AT_OCGT,2030,2,21,24,0.0
193,AT_OCGT,2030,3,1,4,0.0
194,AT_OCGT,2030,3,5,8,0.0
195,AT_OCGT,2030,3,9,12,0.0
196,AT_OCGT,2030,3,13,16,0.0
197,AT_OCGT,2030,3,17,20,0.0
198,AT_OCGT,2030,3,21,24,0.0
199,AT_OCGT,2030,4,1,4,0.0
200,AT_OCGT,2030,4,5,8,0.0
201,AT_OCGT,2030,4,9,12,0.0
202,AT_OCGT,2030,4,13,16,0.0
203,AT_OCGT,2030,4,17,20,0.0
204,AT_OCGT,2030,4,21,24,0.0
205,AT_OCGT,2030,5,1,4,0.0
206,AT_OCGT,2030,5,5,8,0.0
207,AT_OCGT,2030,5,9,12,0.0
208,AT_OCGT,2030,5,13,16,0.0
209,AT_OCGT,2030,5,17,20,0.0
210,AT_OCGT,2030,5,21,24,0.0
211,AT_OCGT,2030,6,1,4,0.0
212,AT_OCGT,2030,6,5,8,0.0
213,AT_OCGT,2030,6,9,12,0.0
214,AT_OCGT,2030,6,13,16,0.0
215,AT_OCGT,2030,6,17,20,0.0
216,AT_OCGT,2030,6,21,24,0.0
217,AT_OCGT,2030,7,1,4,0.0
218,AT_OCGT,2030,7,5,8,0.0
219,AT_OCGT,2030,7,9,12,0.0
220,AT_OCGT,2030,7,13,16,0.0
221,AT_OCGT,2030,7,17,20,0.0
222,AT_OCGT,2030,7,21,24,0.0
223,AT_OCGT,2030,8,1,4,0.0
224,AT_OCGT,2030,8,5,8,0.0
225,AT_OCGT,2030,8,9,12,0.0
226,AT_OCGT,2030,8,13,16,0.0
227,AT_OCGT,2030,8,17,20,0.0
228,AT_OCGT,2030,8,21,24,0.0
229,AT_OCGT,2030,9,1,4,0.0
230,AT_OCGT,2030,9,5,8,0.0
231,AT_OCGT,2030,9,9,12,0.0
232,AT_OCGT,2030,9,13,16,0.0
233,AT_OCGT,2030,9,17,20,0.0
234,AT_OCGT,2030,9,21,24,0.0
235,AT_OCGT,2030,10,1,4,0.0
236,AT_OCGT,2030,10,5,8,0.0
237,AT_OCGT,2030,10,9,12,0.0
238,AT_OCGT,2030,10,13,16,0.0
239,AT_OCGT,2030,10,17,20,0.0
240,AT_OCGT,2030,10,21,24,0.0
241,BE_CCGT,2030,1,1,4,0.0
242,BE_CCGT,2030,1,5,8,0.0
243,BE_CCGT,2030,1,9,12,0.0
244,BE_CCGT,2030,1,13,16,0.0
245,BE_CCGT,2030,1,17,20,0.0
246,BE_CCGT,2030,1,21,24,0.0
247,BE_CCGT,2030,2,1,4,0.0
248,BE_CCGT,2030,2,5,8,0.0
249,BE_CCGT,2030,2,9,12,0.0
250,BE_CCGT,2030,2,13,16,0.0
251,BE_CCGT,2030,2,17,20,0.0
252,BE_CCGT,2030,2,21,24,0.0
253,BE_CCGT,2030,3,1,4,0.0
254,BE_CCGT,2030,3,5,8,0.0
255,BE_CCGT,2030,3,9,12,0.0
256,BE_CCGT,2030,3,13,16,0.0
257,BE_CCGT,2030,3,17,20,0.0
258,BE_CCGT,2030,3,21,24,0.0
259,BE_CCGT,2030,4,1,4,0.0
260,BE_CCGT,2030,4,5,8,0.0
261,BE_CCGT,2030,4,9,12,0.0
262,BE_CCGT,2030,4,13,16,0.0
263,BE_CCGT,2030,4,17,20,0.0
264,BE_CCGT,2030,4,21,24,0.0
265,BE_CCGT,2030,5,1,4,0.0
266,BE_CCGT,2030,5,5,8,0.0
267,BE_CCGT,2030,5,9,12,0.0
268,BE_CCGT,2030,5,13,16,0.0
269,BE_CCGT,2030,5,17,20,0.0
270,BE_CCGT,2030,5,21,24,0.0
271,BE_CCGT,2030,6,1,4,0.0
272,BE_CCGT,2030,6,5,8,0.0
273,BE_CCGT,2030,6,9,12,0.0
274,BE_CCGT,2030,6,13,16,0.0
275,BE_CCGT,2030,6,17,20,0.0
276,BE_CCGT,2030,6,21,24,0.0
277,BE_CCGT,2030,7,1,4,0.0
278,BE_CCGT,2030,7,5,8,0.0
279,BE_CCGT,2030,7,9,12,0.0
280,BE_CCGT,2030,7,13,16,0.0
281,BE_CCGT,2030,7,17,20,0.0
282,BE_CCGT,2030,7,21,24,0.0
283,BE_CCGT,2030,8,1,4,0.0
284,BE_CCGT,2030,8,5,8,0.0
285,BE_CCGT,2030,8,9,12,0.0
286,BE_CCGT,2030,8,13,16,0.0
287,BE_CCGT,2030,8,17,20,0.0
288,BE_CCGT,2030,8,21,24,0.0
289,BE_CCGT,2030,9,1,4,0.0
290,BE_CCGT,2030,9,5,8,0.0
291,BE_CCGT,2030,9,9,12,0.0
292,BE_CCGT,2030,9,13,16,0.0
293,BE_CCGT,2030,9,17,20,0.0
294,BE_CCGT,2030,9,21,24,0.0
295,BE_CCGT,2030,10,1,4,0.0
296,BE_CCGT,2030,10,5,8,0.0
297,BE_CCGT,2030,10,9,12,0.0
298,BE_CCGT,2030,10,13,16,0.0
299,BE_CCGT,2030,10,17,20,0.0
300,BE_CCGT,2030,10,21,24,0.0
301,BE_Coal,2030,1,1,4,0.0
302,BE_Coal,2030,1,5,8,0.0
303,BE_Coal,2030,1,9,12,0.0
304,BE_Coal,2030,1,13,16,0.0
305,BE_Coal,2030,1,17,20,0.0
306,BE_Coal,2030,1,21,24,0.0
307,BE_Coal,2030,2,1,4,0.0
308,BE_Coal,2030,2,5,8,0.0
309,BE_Coal,2030,2,9,12,0.0
310,BE_Coal,2030,2,13,16,0.0
311,BE_Coal,2030,2,17,20,0.0
312,BE_Coal,2030,2,21,24,0.0
313,BE_Coal,2030,3,1,4,0.0
314,BE_Coal,2030,3,5,8,0.0
315,BE_Coal,2030,3,9,12,0.0
316,BE_Coal,2030,3,13,16,0.0
317,BE_Coal,2030,3,17,20,0.0
318,BE_Coal,2030,3,21,24,0.0
319,BE_Coal,2030,4,1,4,0.0
320,BE_Coal,2030,4,5,8,0.0
321,BE_Coal,2030,4,9,12,0.0
322,BE_Coal,2030,4,13,16,0.0
323,BE_Coal,2030,4,17,20,0.0
324,BE_Coal,2030,4,21,24,0.0
325,BE_Coal,2030,5,1,4,0.0
326,BE_Coal,2030,5,5,8,0.0
327,BE_Coal,2030,5,9,12,0.0
328,BE_Coal,2030,5,13,16,0.0
329,BE_Coal,2030,5,17,20,0.0
330,BE_Coal,2030,5,21,24,0.0
331,BE_Coal,2030,6,1,4,0.0
332,BE_Coal,2030,6,5,8,0.0
333,BE_Coal,2030,6,9,12,0.0
334,BE_Coal,2030,6,13,16,0.0
335,BE_Coal,2030,6,17,20,0.0
336,BE_Coal,2030,6,21,24,0.0
337,BE_Coal,2030,7,1,4,0.0
338,BE_Coal,2030,7,5,8,0.0
339,BE_Coal,2030,7,9,12,0.0
340,BE_Coal,2030,7,13,16,0.0
341,BE_Coal,2030,7,17,20,0.0
342,BE_Coal,2030,7,21,24,0.0
343,BE_Coal,2030,8,1,4,0.0
344,BE_Coal,2030,8,5,8,0.0
345,BE_Coal,2030,8,9,12,0.0
346,BE_Coal,2030,8,13,16,0.0
347,BE_Coal,2030,8,17,20,0.0
348,BE_Coal,2030,8,21,24,0.0
349,BE_Coal,2030,9,1,4,0.0
350,BE_Coal,2030,9,5,8,0.0
351,BE_Coal,2030,9,9,12,0.0
352,BE_Coal,2030,9,13,16,0.0
353,BE_Coal,2030,9,17,20,0.0
354,BE_Coal,2030,9,21,24,0.0
355,BE_Coal,2030,10,1,4,0.0
356,BE_Coal,2030,10,5,8,0.0
357,BE_Coal,2030,10,9,12,0.0
358,BE_Coal,2030,10,13,16,0.0
359,BE_Coal,2030,10,17,20,0.0
360,BE_Coal,2030,10,21,24,0.0
361,BE_Nuclear,2030,1,1,4,0.0
362,BE_Nuclear,2030,1,5,8,0.0
363,BE_Nuclear,2030,1,9,12,0.0
364,BE_Nuclear,2030,1,13,16,0.0
365,BE_Nuclear,2030,1,17,20,0.0
366,BE_Nuclear,2030,1,21,24,0.0
367,BE_Nuclear,2030,2,1,4,0.0
368,BE_Nuclear,2030,2,5,8,0.0
369,BE_Nuclear,2030,2,9,12,0.0
370,BE_Nuclear,2030,2,13,16,0.0
371,BE_Nuclear,2030,2,17,20,0.0
372,BE_Nuclear,2030,2,21,24,0.0
373,BE_Nuclear,2030,3,1,4,0.0
374,BE_Nuclear,2030,3,5,8,0.0
375,BE_Nuclear,2030,3,9,12,0.0
376,BE_Nuclear,2030,3,13,16,0.0
377,BE_Nuclear,2030,3,17,20,0.0
378,BE_Nuclear,2030,3,21,24,0.0
379,BE_Nuclear,2030,4,1,4,0.0
380,BE_Nuclear,2030,4,5,8,0.0
381,BE_Nuclear,2030,4,9,12,0.0
382,BE_Nuclear,2030,4,13,16,0.0
383,BE_Nuclear,2030,4,17,20,0.0
384,BE_Nuclear,2030,4,21,24,0.0
385,BE_Nuclear,2030,5,1,4,0.0
386,BE_Nuclear,2030,5,5,8,0.0
387,BE_Nuclear,2030,5,9,12,0.0
388,BE_Nuclear,2030,5,13,16,0.0
389,BE_Nuclear,2030,5,17,20,0.0
390,BE_Nuclear,2030,5,21,24,0.0
391,BE_Nuclear,2030,6,1,4,0.0
392,BE_Nuclear,2030,6,5,8,0.0
393,BE_Nuclear,2030,6,9,12,0.0
394,BE_Nuclear,2030,6,13,16,0.0
395,BE_Nuclear,2030,6,17,20,0.0
396,BE_Nuclear,2030,6,21,24,0.0
397,BE_Nuclear,2030,7,1,4,0.0
398,BE_Nuclear,2030,7,5,8,0.0
399,BE_Nuclear,2030,7,9,12,0.0
400,BE_Nuclear,2030,7,13,16,0.0
401,BE_Nuclear,2030,7,17,20,0.0
402,BE_Nuclear,2030,7,21,24,0.0
403,BE_Nuclear,2030,8,1,4,0.0
404,BE_Nuclear,2030,8,5,8,0.0
405,BE_Nuclear,2030,8,9,12,0.0
406,BE_Nuclear,2030,8,13,16,0.0
407,BE_Nuclear,2030,8,17,20,0.0
408,BE_Nuclear,2030,8,21,24,0.0
409,BE_Nuclear,2030,9,1,4,0.0
410,BE_Nuclear,2030,9,5,8,0.0
411,BE_Nuclear,2030,9,9,12,0.0
412,BE_Nuclear,2030,9,13,16,0.0
413,BE_Nuclear,2030,9,17,20,0.0
414,BE_Nuclear,2030,9,21,24,0.0
415,BE_Nuclear,2030,10,1,4,0.0
416,BE_Nuclear,2030,10,5,8,0.0
417,BE_Nuclear,2030,10,9,12,0.0
418,BE_Nuclear,2030,10,13,16,0.0
419,BE_Nuclear,2030,10,17,20,0.0
420,BE_Nuclear,2030,10,21,24,0.0
421,BE_OCGT,2030,1,1,4,0.0
422,BE_OCGT,2030,1,5,8,0.0
423,BE_OCGT,2030,1,9,12,0.0
424,BE_OCGT,2030,1,13,16,0.0
425,BE_OCGT,2030,1,17,20,0.0
426,BE_OCGT,2030,1,21,24,0.0
427,BE_OCGT,2030,2,1,4,0.0
428,BE_OCGT,2030,2,5,8,0.0
429,BE_OCGT,2030,2,9,12,0.0
430,BE_OCGT,2030,2,13,16,0.0
431,BE_OCGT,2030,2,17,20,0.0
432,BE_OCGT,2030,2,21,24,0.0
433,BE_OCGT,2030,3,1,4,0.0
434,BE_OCGT,2030,3,5,8,0.0
435,BE_OCGT,2030,3,9,12,0.0
436,BE_OCGT,2030,3,13,16,0.0
437,BE_OCGT,2030,3,17,20,0.0
438,BE_OCGT,2030,3,21,24,0.0
439,BE_OCGT,2030,4,1,4,0.0
440,BE_OCGT,2030,4,5,8,0.0
441,BE_OCGT,2030,4,9,12,0.0
442,BE_OCGT,2030,4,13,16,0.0
443,BE_OCGT,2030,4,17,20,0.0
444,BE_OCGT,2030,4,21,24,0.0
445,BE_OCGT,2030,5,1,4,0.0
446,BE_OCGT,2030,5,5,8,0.0
447,BE_OCGT,2030,5,9,12,0.0
448,BE_OCGT,2030,5,13,16,0.0
449,BE_OCGT,2030,5,17,20,0.0
450,BE_OCGT,2030,5,21,24,0.0
451,BE_OCGT,2030,6,1,4,0.0
452,BE_OCGT,2030,6,5,8,0.0
453,BE_OCGT,2030,6,9,12,0.0
454,BE_OCGT,2030,6,13,16,0.0
455,BE_OCGT,2030,6,17,20,0.0
456,BE_OCGT,2030,6,21,24,0.0
457,BE_OCGT,2030,7,1,4,0.0
458,BE_OCGT,2030,7,5,8,0.0
459,BE_OCGT,2030,7,9,12,0.0
460,BE_OCGT,2030,7,13,16,0.0
461,BE_OCGT,2030,7,17,20,0.0
462,BE_OCGT,2030,7,21,24,0.0
463,BE_OCGT,2030,8,1,4,0.0
464,BE_OCGT,2030,8,5,8,0.0
465,BE_OCGT,2030,8,9,12,0.0
466,BE_OCGT,2030,8,13,16,0.0
467,BE_OCGT,2030,8,17,20,0.0
468,BE_OCGT,2030,8,21,24,0.0
469,BE_OCGT,2030,9,1,4,0.0
470,BE_OCGT,2030,9,5,8,0.0
471,BE_OCGT,2030,9,9,12,0.0
472,BE_OCGT,2030,9,13,16,0.0
473,BE_OCGT,2030,9,17,20,0.0
474,BE_OCGT,2030,9,21,24,0.0
475,BE_OCGT,2030,10,1,4,0.0
476,BE_OCGT,2030,10,5,8,0.0
477,BE_OCGT,2030,10,9,12,0.0
478,BE_OCGT,2030,10,13,16,0.0
479,BE_OCGT,2030,10,17,20,0.0
480,BE_OCGT,2030,10,21,24,0.0
481,CH_CCGT,2030,1,1,4,0.0
482,CH_CCGT,2030,1,5,8,0.0
483,CH_CCGT,2030,1,9,12,0.0
484,CH_CCGT,2030,1,13,16,0.0
485,CH_CCGT,2030,1,17,20,0.0
486,CH_CCGT,2030,1,21,24,0.0
487,CH_CCGT,2030,2,1,4,0.0
488,CH_CCGT,2030,2,5,8,0.0
489,CH_CCGT,2030,2,9,12,0.0
490,CH_CCGT,2030,2,13,16,0.0
491,CH_CCGT,2030,2,17,20,0.0
492,CH_CCGT,2030,2,21,24,0.0
493,CH_CCGT,2030,3,1,4,0.0
494,CH_CCGT,2030,3,5,8,0.0
495,CH_CCGT,2030,3,9,12,0.0
496,CH_CCGT,2030,3,13,16,0.0
497,CH_CCGT,2030,3,17,20,0.0
498,CH_CCGT,2030,3,21,24,0.0
499,CH_CCGT,2030,4,1,4,0.0
500,CH_CCGT,2030,4,5,8,0.0
501,CH_CCGT,2030,4,9,12,0.0
502,CH_CCGT,2030,4,13,16,0.0
503,CH_CCGT,2030,4,17,20,0.0
504,CH_CCGT,2030,4,21,24,0.0
505,CH_CCGT,2030,5,1,4,0.0
506,CH_CCGT,2030,5,5,8,0.0
507,CH_CCGT,2030,5,9,12,0.0
508,CH_CCGT,2030,5,13,16,0.0
509,CH_CCGT,2030,5,17,20,0.0
510,CH_CCGT,2030,5,21,24,0.0
511,CH_CCGT,2030,6,1,4,0.0
512,CH_CCGT,2030,6,5,8,0.0
513,CH_CCGT,2030,6,9,12,0.0
514,CH_CCGT,2030,6,13,16,0.0
515,CH_CCGT,2030,6,17,20,0.0
516,CH_CCGT,2030,6,21,24,0.0
517,CH_CCGT,2030,7,1,4,0.0
518,CH_CCGT,2030,7,5,8,0.0
519,CH_CCGT,2030,7,9,12,0.0
520,CH_CCGT,2030,7,13,16,0.0
521,CH_CCGT,2030,7,17,20,0.0
522,CH_CCGT,2030,7,21,24,0.0
523,CH_CCGT,2030,8,1,4,0.0
524,CH_CCGT,2030,8,5,8,0.0
525,CH_CCGT,2030,8,9,12,0.0
526,CH_CCGT,2030,8,13,16,0.0
527,CH_CCGT,2030,8,17,20,0.0
528,CH_CCGT,2030,8,21,24,0.0
529,CH_CCGT,2030,9,1,4,0.0
530,CH_CCGT,2030,9,5,8,0.0
531,CH_CCGT,2030,9,9,12,0.0
532,CH_CCGT,2030,9,13,16,0.0
533,CH_CCGT,2030,9,17,20,0.0
534,CH_CCGT,2030,9,21,24,0.0
535,CH_CCGT,2030,10,1,4,0.0
536,CH_CCGT,2030,10,5,8,0.0
537,CH_CCGT,2030,10,9,12,0.0
538,CH_CCGT,2030,10,13,16,0.0
539,CH_CCGT,2030,10,17,20,0.0
540,CH_CCGT,2030,10,21,24,0.0
541,CH_Coal,2030,1,1,4,0.0
542,CH_Coal,2030,1,5,8,0.0
543,CH_Coal,2030,1,9,12,0.0
544,CH_Coal,2030,1,13,16,0.0
545,CH_Coal,2030,1,17,20,0.0
546,CH_Coal,2030,1,21,24,0.0
547,CH_Coal,2030,2,1,4,0.0
548,CH_Coal,2030,2,5,8,0.0
549,CH_Coal,2030,2,9,12,0.0
550,CH_Coal,2030,2,13,16,0.0
551,CH_Coal,2030,2,17,20,0.0
552,CH_Coal,2030,2,21,24,0.0
553,CH_Coal,2030,3,1,4,0.0
554,CH_Coal,2030,3,5,8,0.0
555,CH_Coal,2030,3,9,12,0.0
556,CH_Coal,2030,3,13,16,0.0
557,CH_Coal,2030,3,17,20,0.0
558,CH_Coal,2030,3,21,24,0.0
559,CH_Coal,2030,4,1,4,0.0
560,CH_Coal,2030,4,5,8,0.0
561,CH_Coal,2030,4,9,12,0.0
562,CH_Coal,2030,4,13,16,0.0
563,CH_Coal,2030,4,17,20,0.0
564,CH_Coal,2030,4,21,24,0.0
565,CH_Coal,2030,5,1,4,0.0
566,CH_Coal,2030,5,5,8,0.0
567,CH_Coal,2030,5,9,12,0.0
568,CH_Coal,2030,5,13,16,0.0
569,CH_Coal,2030,5,17,20,0.0
570,CH_Coal,2030,5,21,24,0.0
571,CH_Coal,2030,6,1,4,0.0
572,CH_Coal,2030,6,5,8,0.0
573,CH_Coal,2030,6,9,12,0.0
574,CH_Coal,2030,6,13,16,0.0
575,CH_Coal,2030,6,17,20,0.0
576,CH_Coal,2030,6,21,24,0.0
577,CH_Coal,2030,7,1,4,0.0
578,CH_Coal,2030,7,5,8,0.0
579,CH_Coal,2030,7,9,12,0.0
580,CH_Coal,2030,7,13,16,0.0
581,CH_Coal,2030,7,17,20,0.0
582,CH_Coal,2030,7,21,24,0.0
583,CH_Coal,2030,8,1,4,0.0
584,CH_Coal,2030,8,5,8,0.0
585,CH_Coal,2030,8,9,12,0.0
586,CH_Coal,2030,8,13,16,0.0
587,CH_Coal,2030,8,17,20,0.0
588,CH_Coal,2030,8,21,24,0.0
589,CH_Coal,2030,9,1,4,0.0
590,CH_Coal,2030,9,5,8,0.0
591,CH_Coal,2030,9,9,12,0.0
592,CH_Coal,2030,9,13,16,0.0
593,CH_Coal,2030,9,17,20,0.0
594,CH_Coal,2030,9,21,24,0.0
595,CH_Coal,2030,10,1,4,0.0
596,CH_Coal,2030,10,5,8,0.0
597,CH_Coal,2030,10,9,12,0.0
598,CH_Coal,2030,10,13,16,0.0
599,CH_Coal,2030,10,17,20,0.0
600,CH_Coal,2030,10,21,24,0.0
601,CH_Nuclear,2030,1,1,4,0.0
602,CH_Nuclear,2030,1,5,8,0.0
603,CH_Nuclear,2030,1,9,12,0.0
604,CH_Nuclear,2030,1,13,16,0.0
605,CH_Nuclear,2030,1,17,20,0.0
606,CH_Nuclear,2030,1,21,24,0.0
607,CH_Nuclear,2030,2,1,4,0.0
608,CH_Nuclear,2030,2,5,8,0.0
609,CH_Nuclear,2030,2,9,12,0.0
610,CH_Nuclear,2030,2,13,16,0.0
611,CH_Nuclear,2030,2,17,20,0.0
612,CH_Nuclear,2030,2,21,24,0.0
613,CH_Nuclear,2030,3,1,4,0.0
614,CH_Nuclear,2030,3,5,8,0.0
615,CH_Nuclear,2030,3,9,12,0.0
616,CH_Nuclear,2030,3,13,16,0.0
617,CH_Nuclear,2030,3,17,20,0.0
618,CH_Nuclear,2030,3,21,24,0.0
619,CH_Nuclear,2030,4,1,4,0.0
620,CH_Nuclear,2030,4,5,8,0.0
621,CH_Nuclear,2030,4,9,12,0.0
622,CH_Nuclear,2030,4,13,16,0.0
623,CH_Nuclear,2030,4,17,20,0.0
624,CH_Nuclear,2030,4,21,24,0.0
625,CH_Nuclear,2030,5,1,4,0.0
626,CH_Nuclear,2030,5,5,8,0.0
627,CH_Nuclear,2030,5,9,12,0.0
628,CH_Nuclear,2030,5,13,16,0.0
629,CH_Nuclear,2030,5,17,20,0.0
630,CH_Nuclear,2030,5,21,24,0.0
631,CH_Nuclear,2030,6,1,4,0.0
632,CH_Nuclear,2030,6,5,8,0.0
633,CH_Nuclear,2030,6,9,12,0.0
634,CH_Nuclear,2030,6,13,16,0.0
635,CH_Nuclear,2030,6,17,20,0.0
636,CH_Nuclear,2030,6,21,24,0.0
637,CH_Nuclear,2030,7,1,4,0.0
638,CH_Nuclear,2030,7,5,8,0.0
639,CH_Nuclear,2030,7,9,12,0.0
640,CH_Nuclear,2030,7,13,16,0.0
641,CH_Nuclear,2030,7,17,20,0.0
642,CH_Nuclear,2030,7,21,24,0.0
643,CH_Nuclear,2030,8,1,4,0.0
644,CH_Nuclear,2030,8,5,8,0.0
645,CH_Nuclear,2030,8,9,12,0.0
646,CH_Nuclear,2030,8,13,16,0.0
647,CH_Nuclear,2030,8,17,20,0.0
648,CH_Nuclear,2030,8,21,24,0.0
649,CH_Nuclear,2030,9,1,4,0.0
650,CH_Nuclear,2030,9,5,8,0.0
651,CH_Nuclear,2030,9,9,12,0.0
652,CH_Nuclear,2030,9,13,16,0.0
653,CH_Nuclear,2030,9,17,20,0.0
654,CH_Nuclear,2030,9,21,24,0.0
655,CH_Nuclear,2030,10,1,4,0.0
656,CH_Nuclear,2030,10,5,8,0.0
657,CH_Nuclear,2030,10,9,12,0.0
658,CH_Nuclear,2030,10,13,16,0.0
659,CH_Nuclear,2030,10,17,20,0.0
660,CH_Nuclear,2030,10,21,24,0.0
661,CH_OCGT,2030,1,1,4,0.0
662,CH_OCGT,2030,1,5,8,0.0
663,CH_OCGT,2030,1,9,12,0.0
664,CH_OCGT,2030,1,13,16,0.0
665,CH_OCGT,2030,1,17,20,0.0
666,CH_OCGT,2030,1,21,24,0.0
667,CH_OCGT,2030,2,1,4,0.0
668,CH_OCGT,2030,2,5,8,0.0
669,CH_OCGT,2030,2,9,12,0.0
670,CH_OCGT,2030,2,13,16,0.0
671,CH_OCGT,2030,2,17,20,0.0
672,CH_OCGT,2030,2,21,24,0.0
673,CH_OCGT,2030,3,1,4,0.0
674,CH_OCGT,2030,3,5,8,0.0
675,CH_OCGT,2030,3,9,12,0.0
676,CH_OCGT,2030,3,13,16,0.0
677,CH_OCGT,2030,3,17,20,0.0
678,CH_OCGT,2030,3,21,24,0.0
679,CH_OCGT,2030,4,1,4,0.0
680,CH_OCGT,2030,4,5,8,0.0
681,CH_OCGT,2030,4,9,12,0.0
682,CH_OCGT,2030,4,13,16,0.0
683,CH_OCGT,2030,4,17,20,0.0
684,CH_OCGT,2030,4,21,24,0.0
685,CH_OCGT,2030,5,1,4,0.0
686,CH_OCGT,2030,5,5,8,0.0
687,CH_OCGT,2030,5,9,12,0.0
688,CH_OCGT,2030,5,13,16,0.0
689,CH_OCGT,2030,5,17,20,0.0
690,CH_OCGT,2030,5,21,24,0.0
691,CH_OCGT,2030,6,1,4,0.0
692,CH_OCGT,2030,6,5,8,0.0
693,CH_OCGT,2030,6,9,12,0.0
694,CH_OCGT,2030,6,13,16,0.0
695,CH_OCGT,2030,6,17,20,0.0
696,CH_OCGT,2030,6,21,24,0.0
697,CH_OCGT,2030,7,1,4,0.0
698,CH_OCGT,2030,7,5,8,0.0
699,CH_OCGT,2030,7,9,12,0.0
700,CH_OCGT,2030,7,13,16,0.0
701,CH_OCGT,2030,7,17,20,0.0
702,CH_OCGT,2030,7,21,24,0.0
703,CH_OCGT,2030,8,1,4,0.0
704,CH_OCGT,2030,8,5,8,0.0
705,CH_OCGT,2030,8,9,12,0.0
706,CH_OCGT,2030,8,13,16,0.0
707,CH_OCGT,2030,8,17,20,0.0
708,CH_OCGT,2030,8,21,24,0.0
709,CH_OCGT,2030,9,1,4,0.0
710,CH_OCGT,2030,9,5,8,0.0
711,CH_OCGT,2030,9,9,12,0.0
712,CH_OCGT,2030,9,13,16,0.0
713,CH_OCGT,2030,9,17,20,0.0
714,CH_OCGT,2030,9,21,24,0.0
715,CH_OCGT,2030,10,1,4,0.0
716,CH_OCGT,2030,10,5,8,0.0
717,CH_OCGT,2030,10,9,12,0.0
718,CH_OCGT,2030,10,13,16,0.0
719,CH_OCGT,2030,10,17,20,0.0
720,CH_OCGT,2030,10,21,24,0.0
721,DE_CCGT,2030,1,1,4,0.0
722,DE_CCGT,2030,1,5,8,0.0
723,DE_CCGT,2030,1,9,12,0.0
724,DE_CCGT,2030,1,13,16,0.0
725,DE_CCGT,2030,1,17,20,0.0
726,DE_CCGT,2030,1,21,24,0.0
727,DE_CCGT,2030,2,1,4,0.0
728,DE_CCGT,2030,2,5,8,0.0
729,DE_CCGT,2030,2,9,12,0.0
730,DE_CCGT,2030,2,13,16,0.0
731,DE_CCGT,2030,2,17,20,0.0
732,DE_CCGT,2030,2,21,24,0.0
733,DE_CCGT,2030,3,1,4,0.0
734,DE_CCGT,2030,3,5,8,0.0
735,DE_CCGT,2030,3,9,12,0.0
736,DE_CCGT,2030,3,13,16,0.0
737,DE_CCGT,2030,3,17,20,0.0
738,DE_CCGT,2030,3,21,24,0.0
739,DE_CCGT,2030,4,1,4,0.0
740,DE_CCGT,2030,4,5,8,0.0
741,DE_CCGT,2030,4,9,12,0.0
742,DE_CCGT,2030,4,13,16,0.0
743,DE_CCGT,2030,4,17,20,0.0
744,DE_CCGT,2030,4,21,24,0.0
745,DE_CCGT,2030,5,1,4,0.0
746,DE_CCGT,2030,5,5,8,0.0
747,DE_CCGT,2030,5,9,12,0.0
748,DE_CCGT,2030,5,13,16,0.0
749,DE_CCGT,2030,5,17,20,0.0
750,DE_CCGT,2030,5,21,24,0.0
751,DE_CCGT,2030,6,1,4,0.0
752,DE_CCGT,2030,6,5,8,0.0
753,DE_CCGT,2030,6,9,12,0.0
754,DE_CCGT,2030,6,13,16,0.0
755,DE_CCGT,2030,6,17,20,0.0
756,DE_CCGT,2030,6,21,24,0.0
757,DE_CCGT,2030,7,1,4,0.0
758,DE_CCGT,2030,7,5,8,0.0
759,DE_CCGT,2030,7,9,12,0.0
760,DE_CCGT,2030,7,13,16,0.0
761,DE_CCGT,2030,7,17,20,0.0
762,DE_CCGT,2030,7,21,24,0.0
763,DE_CCGT,2030,8,1,4,0.0
764,DE_CCGT,2030,8,5,8,0.0
765,DE_CCGT,2030,8,9,12,0.0
766,DE_CCGT,2030,8,13,16,0.0
767,DE_CCGT,2030,8,17,20,0.0
768,DE_CCGT,2030,8,21,24,0.0
769,DE_CCGT,2030,9,1,4,0.0
770,DE_CCGT,2030,9,5,8,0.0
771,DE_CCGT,2030,9,9,12,0.0
772,DE_CCGT,2030,9,13,16,0.0
773,DE_CCGT,2030,9,17,20,0.0
774,DE_CCGT,2030,9,21,24,0.0
775,DE_CCGT,2030,10,1,4,0.0
776,DE_CCGT,2030,10,5,8,0.0
777,DE_CCGT,2030,10,9,12,0.0
778,DE_CCGT,2030,10,13,16,0.0
779,DE_CCGT,2030,10,17,20,0.0
780,DE_CCGT,2030,10,21,24,0.0
781,DE_Coal,2030,1,1,4,0.0
782,DE_Coal,2030,1,5,8,0.0
783,DE_Coal,2030,1,9,12,0.0
784,DE_Coal,2030,1,13,16,0.0
785,DE_Coal,2030,1,17,20,0.0
786,DE_Coal,2030,1,21,24,0.0
787,DE_Coal,2030,2,1,4,0.0
788,DE_Coal,2030,2,5,8,0.0
789,DE_Coal,2030,2,9,12,0.0
790,DE_Coal,2030,2,13,16,0.0
791,DE_Coal,2030,2,17,20,0.0
792,DE_Coal,2030,2,21,24,0.0
793,DE_Coal,2030,3,1,4,0.0
794,DE_Coal,2030,3,5,8,0.0
795,DE_Coal,2030,3,9,12,0.0
796,DE_Coal,2030,3,13,16,0.0
797,DE_Coal,2030,3,17,20,0.0
798,DE_Coal,2030,3,21,24,0.0
799,DE_Coal,2030,4,1,4,0.0
800,DE_Coal,2030,4,5,8,0.0
801,DE_Coal,2030,4,9,12,0.0
802,DE_Coal,2030,4,13,16,0.0
803,DE_Coal,2030,4,17,20,0.0
804,DE_Coal,2030,4,21,24,0.0
805,DE_Coal,2030,5,1,4,0.0
806,DE_Coal,2030,5,5,8,0.0
807,DE_Coal,2030,5,9,12,0.0
808,DE_Coal,2030,5,13,16,0.0
809,DE_Coal,2030,5,17,20,0.0
810,DE_Coal,2030,5,21,24,0.0
811,DE_Coal,2030,6,1,4,0.0
812,DE_Coal,2030,6,5,8,0.0
813,DE_Coal,2030,6,9,12,0.0
814,DE_Coal,2030,6,13,16,0.0
815,DE_Coal,2030,6,17,20,0.0
816,DE_Coal,2030,6,21,24,0.0
817,DE_Coal,2030,7,1,4,0.0
818,DE_Coal,2030,7,5,8,0.0
819,DE_Coal,2030,7,9,12,0.0
820,DE_Coal,2030,7,13,16,0.0
821,DE_Coal,2030,7,17,20,0.0
822,DE_Coal,2030,7,21,24,0.0
823,DE_Coal,2030,8,1,4,0.0
824,DE_Coal,2030,8,5,8,0.0
825,DE_Coal,2030,8,9,12,0.0
826,DE_Coal,2030,8,13,16,0.0
827,DE_Coal,2030,8,17,20,0.0
828,DE_Coal,2030,8,21,24,0.0
829,DE_Coal,2030,9,1,4,0.0
830,DE_Coal,2030,9,5,8,0.0
831,DE_Coal,2030,9,9,12,0.0
832,DE_Coal,2030,9,13,16,0.0
833,DE_Coal,2030,9,17,20,0.0
834,DE_Coal,2030,9,21,24,0.0
835,DE_Coal,2030,10,1,4,0.0
836,DE_Coal,2030,10,5,8,0.0
837,DE_Coal,2030,10,9,12,0.0
838,DE_Coal,2030,10,13,16,0.0
839,DE_Coal,2030,10,17,20,0.0
840,DE_Coal,2030,10,21,24,0.0
841,DE_Nuclear,2030,1,1,4,0.0
842,DE_Nuclear,2030,1,5,8,0.0
843,DE_Nuclear,2030,1,9,12,0.0
844,DE_Nuclear,2030,1,13,16,0.0
845,DE_Nuclear,2030,1,17,20,0.0
846,DE_Nuclear,2030,1,21,24,0.0
847,DE_Nuclear,2030,2,1,4,0.0
848,DE_Nuclear,2030,2,5,8,0.0
849,DE_Nuclear,2030,2,9,12,0.0
850,DE_Nuclear,2030,2,13,16,0.0
851,DE_Nuclear,2030,2,17,20,0.0
852,DE_Nuclear,2030,2,21,24,0.0
853,DE_Nuclear,2030,3,1,4,0.0
854,DE_Nuclear,2030,3,5,8,0.0
855,DE_Nuclear,2030,3,9,12,0.0
856,DE_Nuclear,2030,3,13,16,0.0
857,DE_Nuclear,2030,3,17,20,0.0
858,DE_Nuclear,2030,3,21,24,0.0
859,DE_Nuclear,2030,4,1,4,0.0
860,DE_Nuclear,2030,4,5,8,0.0
861,DE_Nuclear,2030,4,9,12,0.0
862,DE_Nuclear,2030,4,13,16,0.0
863,DE_Nuclear,2030,4,17,20,0.0
864,DE_Nuclear,2030,4,21,24,0.0
865,DE_Nuclear,2030,5,1,4,0.0
866,DE_Nuclear,2030,5,5,8,0.0
867,DE_Nuclear,2030,5,9,12,0.0
868,DE_Nuclear,2030,5,13,16,0.0
869,DE_Nuclear,2030,5,17,20,0.0
870,DE_Nuclear,2030,5,21,24,0.0
871,DE_Nuclear,2030,6,1,4,0.0
872,DE_Nuclear,2030,6,5,8,0.0
873,DE_Nuclear,2030,6,9,12,0.0
874,DE_Nuclear,2030,6,13,16,0.0
875,DE_Nuclear,2030,6,17,20,0.0
876,DE_Nuclear,2030,6,21,24,0.0
877,DE_Nuclear,2030,7,1,4,0.0
878,DE_Nuclear,2030,7,5,8,0.0
879,DE_Nuclear,2030,7,9,12,0.0
880,DE_Nuclear,2030,7,13,16,0.0
881,DE_Nuclear,2030,7,17,20,0.0
882,DE_Nuclear,2030,7,21,24,0.0
883,DE_Nuclear,2030,8,1,4,0.0
884,DE_Nuclear,2030,8,5,8,0.0
885,DE_Nuclear,2030,8,9,12,0.0
886,DE_Nuclear,2030,8,13,16,0.0
887,DE_Nuclear,2030,8,17,20,0.0
888,DE_Nuclear,2030,8,21,24,0.0
889,DE_Nuclear,2030,9,1,4,0.0
890,DE_Nuclear,2030,9,5,8,0.0
891,DE_Nuclear,2030,9,9,12,0.0
892,DE_Nuclear,2030,9,13,16,0.0
893,DE_Nuclear,2030,9,17,20,0.0
894,DE_Nuclear,2030,9,21,24,0.0
895,DE_Nuclear,2030,10,1,4,0.0
896,DE_Nuclear,2030,10,5,8,0.0
897,DE_Nuclear,2030,10,9,12,0.0
898,DE_Nuclear,2030,10,13,16,0.0
899,DE_Nuclear,2030,10,17,20,0.0
900,DE_Nuclear,2030,10,21,24,0.0
901,DE_OCGT,2030,1,1,4,0.0
902,DE_OCGT,2030,1,5,8,0.0
903,DE_OCGT,2030,1,9,12,0.0
904,DE_OCGT,2030,1,13,16,0.0
905,DE_OCGT,2030,1,17,20,0.0
906,DE_OCGT,2030,1,21,24,0.0
907,DE_OCGT,2030,2,1,4,0.0
908,DE_OCGT,2030,2,5,8,0.0
909,DE_OCGT,2030,2,9,12,0.0
910,DE_OCGT,2030,2,13,16,0.0
911,DE_OCGT,2030,2,17,20,0.0
912,DE_OCGT,2030,2,21,24,0.0
913,DE_OCGT,2030,3,1,4,0.0
914,DE_OCGT,2030,3,5,8,0.0
915,DE_OCGT,2030,3,9,12,0.0
916,DE_OCGT,2030,3,13,16,0.0
917,DE_OCGT,2030,3,17,20,0.0
918,DE_OCGT,2030,3,21,24,0.0
919,DE_OCGT,2030,4,1,4,0.0
920,DE_OCGT,2030,4,5,8,0.0
921,DE_OCGT,2030,4,9,12,0.0
922,DE_OCGT,2030,4,13,16,0.0
923,DE_OCGT,2030,4,17,20,0.0
924,DE_OCGT,2030,4,21,24,0.0
925,DE_OCGT,2030,5,1,4,0.0
926,DE_OCGT,2030,5,5,8,0.0
927,DE_OCGT,2030,5,9,12,0.0
928,DE_OCGT,2030,5,13,16,0.0
929,DE_OCGT,2030,5,17,20,0.0
930,DE_OCGT,2030,5,21,24,0.0
931,DE_OCGT,2030,6,1,4,0.0
932,DE_OCGT,2030,6,5,8,0.0
933,DE_OCGT,2030,6,9,12,0.0
934,DE_OCGT,2030,6,13,16,0.0
935,DE_OCGT,2030,6,17,20,0.0
936,DE_OCGT,2030,6,21,24,0.0
937,DE_OCGT,2030,7,1,4,0.0
938,DE_OCGT,2030,7,5,8,0.0
939,DE_OCGT,2030,7,9,12,0.0
940,DE_OCGT,2030,7,13,16,0.0
941,DE_OCGT,2030,7,17,20,0.0
942,DE_OCGT,2030,7,21,24,0.0
943,DE_OCGT,2030,8,1,4,0.0
944,DE_OCGT,2030,8,5,8,0.0
945,DE_OCGT,2030,8,9,12,0.0
946,DE_OCGT,2030,8,13,16,0.0
947,DE_OCGT,2030,8,17,20,0.0
948,DE_OCGT,2030,8,21,24,0.0
949,DE_OCGT,2030,9,1,4,0.0
950,DE_OCGT,2030,9,5,8,0.0
951,DE_OCGT,2030,9,9,12,0.0
952,DE_OCGT,2030,9,13,16,0.0
953,DE_OCGT,2030,9,17,20,0.0
954,DE_OCGT,2030,9,21,24,0.0
955,DE_OCGT,2030,10,1,4,0.0
956,DE_OCGT,2030,10,5,8,0.0
957,DE_OCGT,2030,10,9,12,0.0
958,DE_OCGT,2030,10,13,16,0.0
959,DE_OCGT,2030,10,17,20,0.0
960,DE_OCGT,2030,10,21,24,0.0
961,FR_CCGT,2030,1,1,4,0.0
962,FR_CCGT,2030,1,5,8,0.0
963,FR_CCGT,2030,1,9,12,0.0
964,FR_CCGT,2030,1,13,16,0.0
965,FR_CCGT,2030,1,17,20,0.0
966,FR_CCGT,2030,1,21,24,0.0
967,FR_CCGT,2030,2,1,4,0.0
968,FR_CCGT,2030,2,5,8,0.0
969,FR_CCGT,2030,2,9,12,0.0
970,FR_CCGT,2030,2,13,16,0.0
971,FR_CCGT,2030,2,17,20,0.0
972,FR_CCGT,2030,2,21,24,0.0
973,FR_CCGT,2030,3,1,4,0.0
974,FR_CCGT,2030,3,5,8,0.0
975,FR_CCGT,2030,3,9,12,0.0
976,FR_CCGT,2030,3,13,16,0.0
977,FR_CCGT,2030,3,17,20,0.0
978,FR_CCGT,2030,3,21,24,0.0
979,FR_CCGT,2030,4,1,4,0.0
980,FR_CCGT,2030,4,5,8,0.0
981,FR_CCGT,2030,4,9,12,0.0
982,FR_CCGT,2030,4,13,16,0.0
983,FR_CCGT,2030,4,17,20,0.0
984,FR_CCGT,2030,4,21,24,0.0
985,FR_CCGT,2030,5,1,4,0.0
986,FR_CCGT,2030,5,5,8,0.0
987,FR_CCGT,2030,5,9,12,0.0
988,FR_CCGT,2030,5,13,16,0.0
989,FR_CCGT,2030,5,17,20,0.0
990,FR_CCGT,2030,5,21,24,0.0
991,FR_CCGT,2030,6,1,4,0.0
992,FR_CCGT,2030,6,5,8,0.0
993,FR_CCGT,2030,6,9,12,0.0
994,FR_CCGT,2030,6,13,16,0.0
995,FR_CCGT,2030,6,17,20,0.0
996,FR_CCGT,2030,6,21,24,0.0
997,FR_CCGT,2030,7,1,4,0.0
998,FR_CCGT,2030,7,5,8,0.0
999,FR_CCGT,2030,7,9,12,0.0
1000,FR_CCGT,2030,7,13,16,0.0
1001,FR_CCGT,2030,7,17,20,0.0
1002,FR_CCGT,2030,7,21,24,0.0
1003,FR_CCGT,2030,8,1,4,0.0
1004,FR_CCGT,2030,8,5,8,0.0
1005,FR_CCGT,2030,8,9,12,0.0
1006,FR_CCGT,2030,8,13,16,0.0
1007,FR_CCGT,2030,8,17,20,0.0
1008,FR_CCGT,2030,8,21,24,0.0
1009,FR_CCGT,2030,9,1,4,0.0
1010,FR_CCGT,2030,9,5,8,0.0
1011,FR_CCGT,2030,9,9,12,0.0
1012,FR_CCGT,2030,9,13,16,0.0
1013,FR_CCGT,2030,9,17,20,0.0
1014,FR_CCGT,2030,9,21,24,0.0
1015,FR_CCGT,2030,10,1,4,0.0
1016,FR_CCGT,2030,10,5,8,0.0
1017,FR_CCGT,2030,10,9,12,0.0
1018,FR_CCGT,2030,10,13,16,0.0
1019,FR_CCGT,2030,10,17,20,0.0
1020,FR_CCGT,2030,10,21,24,0.0
1021,FR_Coal,2030,1,1,4,0.0
1022,FR_Coal,2030,1,5,8,0.0
1023,FR_Coal,2030,1,9,12,0.0
1024,FR_Coal,2030,1,13,16,0.0
1025,FR_Coal,2030,1,17,20,0.0
1026,FR_Coal,2030,1,21,24,0.0
1027,FR_Coal,2030,2,1,4,0.0
1028,FR_Coal,2030,2,5,8,0.0
1029,FR_Coal,2030,2,9,12,0.0
1030,FR_Coal,2030,2,13,16,0.0
1031,FR_Coal,2030,2,17,20,0.0
1032,FR_Coal,2030,2,21,24,0.0
1033,FR_Coal,2030,3,1,4,0.0
1034,FR_Coal,2030,3,5,8,0.0
1035,FR_Coal,2030,3,9,12,0.0
1036,FR_Coal,2030,3,13,16,0.0
1037,FR_Coal,2030,3,17,20,0.0
1038,FR_Coal,2030,3,21,24,0.0
1039,FR_Coal,2030,4,1,4,0.0
1040,FR_Coal,2030,4,5,8,0.0
1041,FR_Coal,2030,4,9,12,0.0
1042,FR_Coal,2030,4,13,16,0.0
1043,FR_Coal,2030,4,17,20,0.0
1044,FR_Coal,2030,4,21,24,0.0
1045,FR_Coal,2030,5,1,4,0.0
1046,FR_Coal,2030,5,5,8,0.0
1047,FR_Coal,2030,5,9,12,0.0
1048,FR_Coal,2030,5,13,16,0.0
1049,FR_Coal,2030,5,17,20,0.0
1050,FR_Coal,2030,5,21,24,0.0
1051,FR_Coal,2030,6,1,4,0.0
1052,FR_Coal,2030,6,5,8,0.0
1053,FR_Coal,2030,6,9,12,0.0
1054,FR_Coal,2030,6,13,16,0.0
1055,FR_Coal,2030,6,17,20,0.0
1056,FR_Coal,2030,6,21,24,0.0
1057,FR_Coal,2030,7,1,4,0.0
1058,FR_Coal,2030,7,5,8,0.0
1059,FR_Coal,2030,7,9,12,0.0
1060,FR_Coal,2030,7,13,16,0.0
1061,FR_Coal,2030,7,17,20,0.0
1062,FR_Coal,2030,7,21,24,0.0
1063,FR_Coal,2030,8,1,4,0.0
1064,FR_Coal,2030,8,5,8,0.0
1065,FR_Coal,2030,8,9,12,0.0
1066,FR_Coal,2030,8,13,16,0.0
1067,FR_Coal,2030,8,17,20,0.0
1068,FR_Coal,2030,8,21,24,0.0
1069,FR_Coal,2030,9,1,4,0.0
1070,FR_Coal,2030,9,5,8,0.0
1071,FR_Coal,2030,9,9,12,0.0
1072,FR_Coal,2030,9,13,16,0.0
1073,FR_Coal,2030,9,17,20,0.0
1074,FR_Coal,2030,9,21,24,0.0
1075,FR_Coal,2030,10,1,4,0.0
1076,FR_Coal,2030,10,5,8,0.0
1077,FR_Coal,2030,10,9,12,0.0
1078,FR_Coal,2030,10,13,16,0.0
1079,FR_Coal,2030,10,17,20,0.0
1080,FR_Coal,2030,10,21,24,0.0
1081,FR_Nuclear,2030,1,1,4,0.0
1082,FR_Nuclear,2030,1,5,8,0.0
1083,FR_Nuclear,2030,1,9,12,0.0
1084,FR_Nuclear,2030,1,13,16,0.0
1085,FR_Nuclear,2030,1,17,20,0.0
1086,FR_Nuclear,2030,1,21,24,0.0
1087,FR_Nuclear,2030,2,1,4,0.0
1088,FR_Nuclear,2030,2,5,8,0.0
1089,FR_Nuclear,2030,2,9,12,0.0
1090,FR_Nuclear,2030,2,13,16,0.0
1091,FR_Nuclear,2030,2,17,20,0.0
1092,FR_Nuclear,2030,2,21,24,0.0
1093,FR_Nuclear,2030,3,1,4,0.0
1094,FR_Nuclear,2030,3,5,8,0.0
1095,FR_Nuclear,2030,3,9,12,0.0
1096,FR_Nuclear,2030,3,13,16,0.0
1097,FR_Nuclear,2030,3,17,20,0.0
1098,FR_Nuclear,2030,3,21,24,0.0
1099,FR_Nuclear,2030,4,1,4,0.0
1100,FR_Nuclear,2030,4,5,8,0.0
1101,FR_Nuclear,2030,4,9,12,0.0
1102,FR_Nuclear,2030,4,13,16,0.0
1103,FR_Nuclear,2030,4,17,20,0.0
1104,FR_Nuclear,2030,4,21,24,0.0
1105,FR_Nuclear,2030,5,1,4,0.0
1106,FR_Nuclear,2030,5,5,8,0.0
1107,FR_Nuclear,2030,5,9,12,0.0
1108,FR_Nuclear,2030,5,13,16,0.0
1109,FR_Nuclear,2030,5,17,20,0.0
1110,FR_Nuclear,2030,5,21,24,0.0
1111,FR_Nuclear,2030,6,1,4,0.0
1112,FR_Nuclear,2030,6,5,8,0.0
1113,FR_Nuclear,2030,6,9,12,0.0
1114,FR_Nuclear,2030,6,13,16,0.0
1115,FR_Nuclear,2030,6,17,20,0.0
1116,FR_Nuclear,2030,6,21,24,0.0
1117,FR_Nuclear,2030,7,1,4,0.0
1118,FR_Nuclear,2030,7,5,8,0.0
1119,FR_Nuclear,2030,7,9,12,0.0
1120,FR_Nuclear,2030,7,13,16,0.0
1121,FR_Nuclear,2030,7,17,20,0.0
1122,FR_Nuclear,2030,7,21,24,0.0
1123,FR_Nuclear,2030,8,1,4,0.0
1124,FR_Nuclear,2030,8,5,8,0.0
1125,FR_Nuclear,2030,8,9,12,0.0
1126,FR_Nuclear,2030,8,13,16,0.0
1127,FR_Nuclear,2030,8,17,20,0.0
1128,FR_Nuclear,2030,8,21,24,0.0
1129,FR_Nuclear,2030,9,1,4,0.0
1130,FR_Nuclear,2030,9,5,8,0.0
1131,FR_Nuclear,2030,9,9,12,0.0
1132,FR_Nuclear,2030,9,13,16,0.0
1133,FR_Nuclear,2030,9,17,20,0.0
1134,FR_Nuclear,2030,9,21,24,0.0
1135,FR_Nuclear,2030,10,1,4,0.0
1136,FR_Nuclear,2030,10,5,8,0.0
1137,FR_Nuclear,2030,10,9,12,0.0
1138,FR_Nuclear,2030,10,13,16,0.0
1139,FR_Nuclear,2030,10,17,20,0.0
1140,FR_Nuclear,2030,10,21,24,0.0
1141,FR_OCGT,2030,1,1,4,0.0
1142,FR_OCGT,2030,1,5,8,0.0
1143,FR_OCGT,2030,1,9,12,0.0
1144,FR_OCGT,2030,1,13,16,0.0
1145,FR_OCGT,2030,1,17,20,0.0
1146,FR_OCGT,2030,1,21,24,0.0
1147,FR_OCGT,2030,2,1,4,0.0
1148,FR_OCGT,2030,2,5,8,0.0
1149,FR_OCGT,2030,2,9,12,0.0
1150,FR_OCGT,2030,2,13,16,0.0
1151,FR_OCGT,2030,2,17,20,0.0
1152,FR_OCGT,2030,2,21,24,0.0
1153,FR_OCGT,2030,3,1,4,0.0
1154,FR_OCGT,2030,3,5,8,0.0
1155,FR_OCGT,2030,3,9,12,0.0
1156,FR_OCGT,2030,3,13,16,0.0
1157,FR_OCGT,2030,3,17,20,0.0
1158,FR_OCGT,2030,3,21,24,0.0
1159,FR_OCGT,2030,4,1,4,0.0
1160,FR_OCGT,2030,4,5,8,0.0
1161,FR_OCGT,2030,4,9,12,0.0
1162,FR_OCGT,2030,4,13,16,0.0
1163,FR_OCGT,2030,4,17,20,0.0
1164,FR_OCGT,2030,4,21,24,0.0
1165,FR_OCGT,2030,5,1,4,0.0
1166,FR_OCGT,2030,5,5,8,0.0
1167,FR_OCGT,2030,5,9,12,0.0
1168,FR_OCGT,2030,5,13,16,0.0
1169,FR_OCGT,2030,5,17,20,0.0
1170,FR_OCGT,2030,5,21,24,0.0
1171,FR_OCGT,2030,6,1,4,0.0
1172,FR_OCGT,2030,6,5,8,0.0
1173,FR_OCGT,2030,6,9,12,0.0
1174,FR_OCGT,2030,6,13,16,0.0
1175,FR_OCGT,2030,6,17,20,0.0
1176,FR_OCGT,2030,6,21,24,0.0
1177,FR_OCGT,2030,7,1,4,0.0
1178,FR_OCGT,2030,7,5,8,0.0
1179,FR_OCGT,2030,7,9,12,0.0
1180,FR_OCGT,2030,7,13,16,0.0
1181,FR_OCGT,2030,7,17,20,0.0
1182,FR_OCGT,2030,7,21,24,0.0
1183,FR_OCGT,2030,8,1,4,0.0
1184,FR_OCGT,2030,8,5,8,0.0
1185,FR_OCGT,2030,8,9,12,0.0
1186,FR_OCGT,2030,8,13,16,0.0
1187,FR_OCGT,2030,8,17,20,0.0
1188,FR_OCGT,2030,8,21,24,0.0
1189,FR_OCGT,2030,9,1,4,0.0
1190,FR_OCGT,2030,9,5,8,0.0
1191,FR_OCGT,2030,9,9,12,0.0
1192,FR_OCGT,2030,9,13,16,0.0
1193,FR_OCGT,2030,9,17,20,0.0
1194,FR_OCGT,2030,9,21,24,0.0
1195,FR_OCGT,2030,10,1,4,0.0
1196,FR_OCGT,2030,10,5,8,0.0
1197,FR_OCGT,2030,10,9,12,0.0
1198,FR_OCGT,2030,10,13,16,0.0
1199,FR_OCGT,2030,10,17,20,0.0
1200,FR_OCGT,2030,10,21,24,0.0
1201,LU_CCGT,2030,1,1,4,0.0
1202,LU_CCGT,2030,1,5,8,0.0
1203,LU_CCGT,2030,1,9,12,0.0
1204,LU_CCGT,2030,1,13,16,0.0
1205,LU_CCGT,2030,1,17,20,0.0
1206,LU_CCGT,2030,1,21,24,0.0
1207,LU_CCGT,2030,2,1,4,0.0
1208,LU_CCGT,2030,2,5,8,0.0
1209,LU_CCGT,2030,2,9,12,0.0
1210,LU_CCGT,2030,2,13,16,0.0
1211,LU_CCGT,2030,2,17,20,0.0
1212,LU_CCGT,2030,2,21,24,0.0
1213,LU_CCGT,2030,3,1,4,0.0
1214,LU_CCGT,2030,3,5,8,0.0
1215,LU_CCGT,2030,3,9,12,0.0
1216,LU_CCGT,2030,3,13,16,0.0
1217,LU_CCGT,2030,3,17,20,0.0
1218,LU_CCGT,2030,3,21,24,0.0
1219,LU_CCGT,2030,4,1,4,0.0
1220,LU_CCGT,2030,4,5,8,0.0
1221,LU_CCGT,2030,4,9,12,0.0
1222,LU_CCGT,2030,4,13,16,0.0
1223,LU_CCGT,2030,4,17,20,0.0
1224,LU_CCGT,2030,4,21,24,0.0
1225,LU_CCGT,2030,5,1,4,0.0
1226,LU_CCGT,2030,5,5,8,0.0
1227,LU_CCGT,2030,5,9,12,0.0
1228,LU_CCGT,2030,5,13,16,0.0
1229,LU_CCGT,2030,5,17,20,0.0
1230,LU_CCGT,2030,5,21,24,0.0
1231,LU_CCGT,2030,6,1,4,0.0
1232,LU_CCGT,2030,6,5,8,0.0
1233,LU_CCGT,2030,6,9,12,0.0
1234,LU_CCGT,2030,6,13,16,0.0
1235,LU_CCGT,2030,6,17,20,0.0
1236,LU_CCGT,2030,6,21,24,0.0
1237,LU_CCGT,2030,7,1,4,0.0
1238,LU_CCGT,2030,7,5,8,0.0
1239,LU_CCGT,2030,7,9,12,0.0
1240,LU_CCGT,2030,7,13,16,0.0
1241,LU_CCGT,2030,7,17,20,0.0
1242,LU_CCGT,2030,7,21,24,0.0
1243,LU_CCGT,2030,8,1,4,0.0
1244,LU_CCGT,2030,8,5,8,0.0
1245,LU_CCGT,2030,8,9,12,0.0
1246,LU_CCGT,2030,8,13,16,0.0
1247,LU_CCGT,2030,8,17,20,0.0
1248,LU_CCGT,2030,8,21,24,0.0
1249,LU_CCGT,2030,9,1,4,0.0
1250,LU_CCGT,2030,9,5,8,0.0
1251,LU_CCGT,2030,9,9,12,0.0
1252,LU_CCGT,2030,9,13,16,0.0
1253,LU_CCGT,2030,9,17,20,0.0
1254,LU_CCGT,2030,9,21,24,0.0
1255,LU_CCGT,2030,10,1,4,0.0
1256,LU_CCGT,2030,10,5,8,0.0
1257,LU_CCGT,2030,10,9,12,0.0
1258,LU_CCGT,2030,10,13,16,0.0
1259,LU_CCGT,2030,10,17,20,0.0
1260,LU_CCGT,2030,10,21,24,0.0
1261,LU_Coal,2030,1,1,4,0.0
1262,LU_Coal,2030,1,5,8,0.0
1263,LU_Coal,2030,1,9,12,0.0
1264,LU_Coal,2030,1,13,16,0.0
1265,LU_Coal,2030,1,17,20,0.0
1266,LU_Coal,2030,1,21,24,0.0
1267,LU_Coal,2030,2,1,4,0.0
1268,LU_Coal,2030,2,5,8,0.0
1269,LU_Coal,2030,2,9,12,0.0
1270,LU_Coal,2030,2,13,16,0.0
1271,LU_Coal,2030,2,17,20,0.0
1272,LU_Coal,2030,2,21,24,0.0
1273,LU_Coal,2030,3,1,4,0.0
1274,LU_Coal,2030,3,5,8,0.0
1275,LU_Coal,2030,3,9,12,0.0
1276,LU_Coal,2030,3,13,16,0.0
1277,LU_Coal,2030,3,17,20,0.0
1278,LU_Coal,2030,3,21,24,0.0
1279,LU_Coal,2030,4,1,4,0.0
1280,LU_Coal,2030,4,5,8,0.0
1281,LU_Coal,2030,4,9,12,0.0
1282,LU_Coal,2030,4,13,16,0.0
1283,LU_Coal,2030,4,17,20,0.0
1284,LU_Coal,2030,4,21,24,0.0
1285,LU_Coal,2030,5,1,4,0.0
1286,LU_Coal,2030,5,5,8,0.0
1287,LU_Coal,2030,5,9,12,0.0
1288,LU_Coal,2030,5,13,16,0.0
1289,LU_Coal,2030,5,17,20,0.0
1290,LU_Coal,2030,5,21,24,0.0
1291,LU_Coal,2030,6,1,4,0.0
1292,LU_Coal,2030,6,5,8,0.0
1293,LU_Coal,2030,6,9,12,0.0
1294,LU_Coal,2030,6,13,16,0.0
1295,LU_Coal,2030,6,17,20,0.0
1296,LU_Coal,2030,6,21,24,0.0
1297,LU_Coal,2030,7,1,4,0.0
1298,LU_Coal,2030,7,5,8,0.0
1299,LU_Coal,2030,7,9,12,0.0
1300,LU_Coal,2030,7,13,16,0.0
1301,LU_Coal,2030,7,17,20,0.0
1302,LU_Coal,2030,7,21,24,0.0
1303,LU_Coal,2030,8,1,4,0.0
1304,LU_Coal,2030,8,5,8,0.0
1305,LU_Coal,2030,8,9,12,0.0
1306,LU_Coal,2030,8,13,16,0.0
1307,LU_Coal,2030,8,17,20,0.0
1308,LU_Coal,2030,8,21,24,0.0
1309,LU_Coal,2030,9,1,4,0.0
1310,LU_Coal,2030,9,5,8,0.0
1311,LU_Coal,2030,9,9,12,0.0
1312,LU_Coal,2030,9,13,16,0.0
1313,LU_Coal,2030,9,17,20,0.0
1314,LU_Coal,2030,9,21,24,0.0
1315,LU_Coal,2030,10,1,4,0.0
1316,LU_Coal,2030,10,5,8,0.0
1317,LU_Coal,2030,10,9,12,0.0
1318,LU_Coal,2030,10,13,16,0.0
1319,LU_Coal,2030,10,17,20,0.0
1320,LU_Coal,2030,10,21,24,0.0
1321,LU_Nuclear,2030,1,1,4,0.0
1322,LU_Nuclear,2030,1,5,8,0.0
1323,LU_Nuclear,2030,1,9,12,0.0
1324,LU_Nuclear,2030,1,13,16,0.0
1325,LU_Nuclear,2030,1,17,20,0.0
1326,LU_Nuclear,2030,1,21,24,0.0
1327,LU_Nuclear,2030,2,1,4,0.0
1328,LU_Nuclear,2030,2,5,8,0.0
1329,LU_Nuclear,2030,2,9,12,0.0
1330,LU_Nuclear,2030,2,13,16,0.0
1331,LU_Nuclear,2030,2,17,20,0.0
1332,LU_Nuclear,2030,2,21,24,0.0
1333,LU_Nuclear,2030,3,1,4,0.0
1334,LU_Nuclear,2030,3,5,8,0.0
1335,LU_Nuclear,2030,3,9,12,0.0
1336,LU_Nuclear,2030,3,13,16,0.0
1337,LU_Nuclear,2030,3,17,20,0.0
1338,LU_Nuclear,2030,3,21,24,0.0
1339,LU_Nuclear,2030,4,1,4,0.0
1340,LU_Nuclear,2030,4,5,8,0.0
1341,LU_Nuclear,2030,4,9,12,0.0
1342,LU_Nuclear,2030,4,13,16,0.0
1343,LU_Nuclear,2030,4,17,20,0.0
1344,LU_Nuclear,2030,4,21,24,0.0
1345,LU_Nuclear,2030,5,1,4,0.0
1346,LU_Nuclear,2030,5,5,8,0.0
1347,LU_Nuclear,2030,5,9,12,0.0
1348,LU_Nuclear,2030,5,13,16,0.0
1349,LU_Nuclear,2030,5,17,20,0.0
1350,LU_Nuclear,2030,5,21,24,0.0
1351,LU_Nuclear,2030,6,1,4,0.0
1352,LU_Nuclear,2030,6,5,8,0.0
1353,LU_Nuclear,2030,6,9,12,0.0
1354,LU_Nuclear,2030,6,13,16,0.0
1355,LU_Nuclear,2030,6,17,20,0.0
1356,LU_Nuclear,2030,6,21,24,0.0
1357,LU_Nuclear,2030,7,1,4,0.0
1358,LU_Nuclear,2030,7,5,8,0.0
1359,LU_Nuclear,2030,7,9,12,0.0
1360,LU_Nuclear,2030,7,13,16,0.0
1361,LU_Nuclear,2030,7,17,20,0.0
1362,LU_Nuclear,2030,7,21,24,0.0
1363,LU_Nuclear,2030,8,1,4,0.0
1364,LU_Nuclear,2030,8,5,8,0.0
1365,LU_Nuclear,2030,8,9,12,0.0
1366,LU_Nuclear,2030,8,13,16,0.0
1367,LU_Nuclear,2030,8,17,20,0.0
1368,LU_Nuclear,2030,8,21,24,0.0
1369,LU_Nuclear,2030,9,1,4,0.0
1370,LU_Nuclear,2030,9,5,8,0.0
1371,LU_Nuclear,2030,9,9,12,0.0
1372,LU_Nuclear,2030,9,13,16,0.0
1373,LU_Nuclear,2030,9,17,20,0.0
1374,LU_Nuclear,2030,9,21,24,0.0
1375,LU_Nuclear,2030,10,1,4,0.0
1376,LU_Nuclear,2030,10,5,8,0.0
1377,LU_Nuclear,2030,10,9,12,0.0
1378,LU_Nuclear,2030,10,13,16,0.0
1379,LU_Nuclear,2030,10,17,20,0.0
1380,LU_Nuclear,2030,10,21,24,0.0
1381,LU_OCGT,2030,1,1,4,0.0
1382,LU_OCGT,2030,1,5,8,0.0
1383,LU_OCGT,2030,1,9,12,0.0
1384,LU_OCGT,2030,1,13,16,0.0
1385,LU_OCGT,2030,1,17,20,0.0
1386,LU_OCGT,2030,1,21,24,0.0
1387,LU_OCGT,2030,2,1,4,0.0
1388,LU_OCGT,2030,2,5,8,0.0
1389,LU_OCGT,2030,2,9,12,0.0
1390,LU_OCGT,2030,2,13,16,0.0
1391,LU_OCGT,2030,2,17,20,0.0
1392,LU_OCGT,2030,2,21,24,0.0
1393,LU_OCGT,2030,3,1,4,0.0
1394,LU_OCGT,2030,3,5,8,0.0
1395,LU_OCGT,2030,3,9,12,0.0
1396,LU_OCGT,2030,3,13,16,0.0
1397,LU_OCGT,2030,3,17,20,0.0
1398,LU_OCGT,2030,3,21,24,0.0
1399,LU_OCGT,2030,4,1,4,0.0
1400,LU_OCGT,2030,4,5,8,0.0
1401,LU_OCGT,2030,4,9,12,0.0
1402,LU_OCGT,2030,4,13,16,0.0
1403,LU_OCGT,2030,4,17,20,0.0
1404,LU_OCGT,2030,4,21,24,0.0
1405,LU_OCGT,2030,5,1,4,0.0
1406,LU_OCGT,2030,5,5,8,0.0
1407,LU_OCGT,2030,5,9,12,0.0
1408,LU_OCGT,2030,5,13,16,0.0
1409,LU_OCGT,2030,5,17,20,0.0
1410,LU_OCGT,2030,5,21,24,0.0
1411,LU_OCGT,2030,6,1,4,0.0
1412,LU_OCGT,2030,6,5,8,0.0
1413,LU_OCGT,2030,6,9,12,0.0
1414,LU_OCGT,2030,6,13,16,0.0
1415,LU_OCGT,2030,6,17,20,0.0
1416,LU_OCGT,2030,6,21,24,0.0
1417,LU_OCGT,2030,7,1,4,0.0
1418,LU_OCGT,2030,7,5,8,0.0
1419,LU_OCGT,2030,7,9,12,0.0
1420,LU_OCGT,2030,7,13,16,0.0
1421,LU_OCGT,2030,7,17,20,0.0
1422,LU_OCGT,2030,7,21,24,0.0
1423,LU_OCGT,2030,8,1,4,0.0
1424,LU_OCGT,2030,8,5,8,0.0
1425,LU_OCGT,2030,8,9,12,0.0
1426,LU_OCGT,2030,8,13,16,0.0
1427,LU_OCGT,2030,8,17,20,0.0
1428,LU_OCGT,2030,8,21,24,0.0
1429,LU_OCGT,2030,9,1,4,0.0
1430,LU_OCGT,2030,9,5,8,0.0
1431,LU_OCGT,2030,9,9,12,0.0
1432,LU_OCGT,2030,9,13,16,0.0
1433,LU_OCGT,2030,9,17,20,0.0
1434,LU_OCGT,2030,9,21,24,0.0
1435,LU_OCGT,2030,10,1,4,0.0
1436,LU_OCGT,2030,10,5,8,0.0
1437,LU_OCGT,2030,10,9,12,0.0
1438,LU_OCGT,2030,10,13,16,0.0
1439,LU_OCGT,2030,10,17,20,0.0
1440,LU_OCGT,2030,10,21,24,0.0
1441,NL_CCGT,2030,1,1,4,0.0
1442,NL_CCGT,2030,1,5,8,0.0
1443,NL_CCGT,2030,1,9,12,0.0
1444,NL_CCGT,2030,1,13,16,0.0
1445,NL_CCGT,2030,1,17,20,0.0
1446,NL_CCGT,2030,1,21,24,0.0
1447,NL_CCGT,2030,2,1,4,0.0
1448,NL_CCGT,2030,2,5,8,0.0
1449,NL_CCGT,2030,2,9,12,0.0
1450,NL_CCGT,2030,2,13,16,0.0
1451,NL_CCGT,2030,2,17,20,0.0
1452,NL_CCGT,2030,2,21,24,0.0
1453,NL_CCGT,2030,3,1,4,0.0
1454,NL_CCGT,2030,3,5,8,0.0
1455,NL_CCGT,2030,3,9,12,0.0
1456,NL_CCGT,2030,3,13,16,0.0
1457,NL_CCGT,2030,3,17,20,0.0
1458,NL_CCGT,2030,3,21,24,0.0
1459,NL_CCGT,2030,4,1,4,0.0
1460,NL_CCGT,2030,4,5,8,0.0
1461,NL_CCGT,2030,4,9,12,0.0
1462,NL_CCGT,2030,4,13,16,0.0
1463,NL_CCGT,2030,4,17,20,0.0
1464,NL_CCGT,2030,4,21,24,0.0
1465,NL_CCGT,2030,5,1,4,0.0
1466,NL_CCGT,2030,5,5,8,0.0
1467,NL_CCGT,2030,5,9,12,0.0
1468,NL_CCGT,2030,5,13,16,0.0
1469,NL_CCGT,2030,5,17,20,0.0
1470,NL_CCGT,2030,5,21,24,0.0
1471,NL_CCGT,2030,6,1,4,0.0
1472,NL_CCGT,2030,6,5,8,0.0
1473,NL_CCGT,2030,6,9,12,0.0
1474,NL_CCGT,2030,6,13,16,0.0
1475,NL_CCGT,2030,6,17,20,0.0
1476,NL_CCGT,2030,6,21,24,0.0
1477,NL_CCGT,2030,7,1,4,0.0
1478,NL_CCGT,2030,7,5,8,0.0
1479,NL_CCGT,2030,7,9,12,0.0
1480,NL_CCGT,2030,7,13,16,0.0
1481,NL_CCGT,2030,7,17,20,0.0
1482,NL_CCGT,2030,7,21,24,0.0
1483,NL_CCGT,2030,8,1,4,0.0
1484,NL_CCGT,2030,8,5,8,0.0
1485,NL_CCGT,2030,8,9,12,0.0
1486,NL_CCGT,2030,8,13,16,0.0
1487,NL_CCGT,2030,8,17,20,0.0
1488,NL_CCGT,2030,8,21,24,0.0
1489,NL_CCGT,2030,9,1,4,0.0
1490,NL_CCGT,2030,9,5,8,0.0
1491,NL_CCGT,2030,9,9,12,0.0
1492,NL_CCGT,2030,9,13,16,0.0
1493,NL_CCGT,2030,9,17,20,0.0
1494,NL_CCGT,2030,9,21,24,0.0
1495,NL_CCGT,2030,10,1,4,0.0
1496,NL_CCGT,2030,10,5,8,0.0
1497,NL_CCGT,2030,10,9,12,0.0
1498,NL_CCGT,2030,10,13,16,0.0
1499,NL_CCGT,2030,10,17,20,0.0
1500,NL_CCGT,2030,10,21,24,0.0
1501,NL_Coal,2030,1,1,4,0.0
1502,NL_Coal,2030,1,5,8,0.0
1503,NL_Coal,2030,1,9,12,0.0
1504,NL_Coal,2030,1,13,16,0.0
1505,NL_Coal,2030,1,17,20,0.0
1506,NL_Coal,2030,1,21,24,0.0
1507,NL_Coal,2030,2,1,4,0.0
1508,NL_Coal,2030,2,5,8,0.0
1509,NL_Coal,2030,2,9,12,0.0
1510,NL_Coal,2030,2,13,16,0.0
1511,NL_Coal,2030,2,17,20,0.0
1512,NL_Coal,2030,2,21,24,0.0
1513,NL_Coal,2030,3,1,4,0.0
1514,NL_Coal,2030,3,5,8,0.0
1515,NL_Coal,2030,3,9,12,0.0
1516,NL_Coal,2030,3,13,16,0.0
1517,NL_Coal,2030,3,17,20,0.0
1518,NL_Coal,2030,3,21,24,0.0
1519,NL_Coal,2030,4,1,4,0.0
1520,NL_Coal,2030,4,5,8,0.0
1521,NL_Coal,2030,4,9,12,0.0
1522,NL_Coal,2030,4,13,16,0.0
1523,NL_Coal,2030,4,17,20,0.0
1524,NL_Coal,2030,4,21,24,0.0
1525,NL_Coal,2030,5,1,4,0.0
1526,NL_Coal,2030,5,5,8,0.0
1527,NL_Coal,2030,5,9,12,0.0
1528,NL_Coal,2030,5,13,16,0.0
1529,NL_Coal,2030,5,17,20,0.0
1530,NL_Coal,2030,5,21,24,0.0
1531,NL_Coal,2030,6,1,4,0.0
1532,NL_Coal,2030,6,5,8,0.0
1533,NL_Coal,2030,6,9,12,0.0
1534,NL_Coal,2030,6,13,16,0.0
1535,NL_Coal,2030,6,17,20,0.0
1536,NL_Coal,2030,6,21,24,0.0
1537,NL_Coal,2030,7,1,4,0.0
1538,NL_Coal,2030,7,5,8,0.0
1539,NL_Coal,2030,7,9,12,0.0
1540,NL_Coal,2030,7,13,16,0.0
1541,NL_Coal,2030,7,17,20,0.0
1542,NL_Coal,2030,7,21,24,0.0
1543,NL_Coal,2030,8,1,4,0.0
1544,NL_Coal,2030,8,5,8,0.0
1545,NL_Coal,2030,8,9,12,0.0
1546,NL_Coal,2030,8,13,16,0.0
1547,NL_Coal,2030,8,17,20,0.0
1548,NL_Coal,2030,8,21,24,0.0
1549,NL_Coal,2030,9,1,4,0.0
1550,NL_Coal,2030,9,5,8,0.0
1551,NL_Coal,2030,9,9,12,0.0
1552,NL_Coal,2030,9,13,16,0.0
1553,NL_Coal,2030,9,17,20,0.0
1554,NL_Coal,2030,9,21,24,0.0
1555,NL_Coal,2030,10,1,4,0.0
1556,NL_Coal,2030,10,5,8,0.0
1557,NL_Coal,2030,10,9,12,0.0
1558,NL_Coal,2030,10,13,16,0.0
1559,NL_Coal,2030,10,17,20,0.0
1560,NL_Coal,2030,10,21,24,0.0
1561,NL_Nuclear,2030,1,1,4,0.0
1562,NL_Nuclear,2030,1,5,8,0.0
1563,NL_Nuclear,2030,1,9,12,0.0
1564,NL_Nuclear,2030,1,13,16,0.0
1565,NL_Nuclear,2030,1,17,20,0.0
1566,NL_Nuclear,2030,1,21,24,0.0
1567,NL_Nuclear,2030,2,1,4,0.0
1568,NL_Nuclear,2030,2,5,8,0.0
1569,NL_Nuclear,2030,2,9,12,0.0
1570,NL_Nuclear,2030,2,13,16,0.0
1571,NL_Nuclear,2030,2,17,20,0.0
1572,NL_Nuclear,2030,2,21,24,0.0
1573,NL_Nuclear,2030,3,1,4,0.0
1574,NL_Nuclear,2030,3,5,8,0.0
1575,NL_Nuclear,2030,3,9,12,0.0
1576,NL_Nuclear,2030,3,13,16,0.0
1577,NL_Nuclear,2030,3,17,20,0.0
1578,NL_Nuclear,2030,3,21,24,0.0
1579,NL_Nuclear,2030,4,1,4,0.0
1580,NL_Nuclear,2030,4,5,8,0.0
1581,NL_Nuclear,2030,4,9,12,0.0
1582,NL_Nuclear,2030,4,13,16,0.0
1583,NL_Nuclear,2030,4,17,20,0.0
1584,NL_Nuclear,2030,4,21,24,0.0
1585,NL_Nuclear,2030,5,1,4,0.0
1586,NL_Nuclear,2030,5,5,8,0.0
1587,NL_Nuclear,2030,5,9,12,0.0
1588,NL_Nuclear,2030,5,13,16,0.0
1589,NL_Nuclear,2030,5,17,20,0.0
1590,NL_Nuclear,2030,5,21,24,0.0
1591,NL_Nuclear,2030,6,1,4,0.0
1592,NL_Nuclear,2030,6,5,8,0.0
1593,NL_Nuclear,2030,6,9,12,0.0
1594,NL_Nuclear,2030,6,13,16,0.0
1595,NL_Nuclear,2030,6,17,20,0.0
1596,NL_Nuclear,2030,6,21,24,0.0
1597,NL_Nuclear,2030,7,1,4,0.0
1598,NL_Nuclear,2030,7,5,8,0.0
1599,NL_Nuclear,2030,7,9,12,0.0
1600,NL_Nuclear,2030,7,13,16,0.0
1601,NL_Nuclear,2030,7,17,20,0.0
1602,NL_Nuclear,2030,7,21,24,0.0
1603,NL_Nuclear,2030,8,1,4,0.0
1604,NL_Nuclear,2030,8,5,8,0.0
1605,NL_Nuclear,2030,8,9,12,0.0
1606,NL_Nuclear,2030,8,13,16,0.0
1607,NL_Nuclear,2030,8,17,20,0.0
1608,NL_Nuclear,2030,8,21,24,0.0
1609,NL_Nuclear,2030,9,1,4,0.0
1610,NL_Nuclear,2030,9,5,8,0.0
1611,NL_Nuclear,2030,9,9,12,0.0
1612,NL_Nuclear,2030,9,13,16,0.0
1613,NL_Nuclear,2030,9,17,20,0.0
1614,NL_Nuclear,2030,9,21,24,0.0
1615,NL_Nuclear,2030,10,1,4,0.0
1616,NL_Nuclear,2030,10,5,8,0.0
1617,NL_Nuclear,2030,10,9,12,0.0
1618,NL_Nuclear,2030,10,13,16,0.0
1619,NL_Nuclear,2030,10,17,20,0.0
1620,NL_Nuclear,2030,10,21,24,0.0
1621,NL_OCGT,2030,1,1,4,0.0
1622,NL_OCGT,2030,1,5,8,0.0
1623,NL_OCGT,2030,1,9,12,0.0
1624,NL_OCGT,2030,1,13,16,0.0
1625,NL_OCGT,2030,1,17,20,0.0
1626,NL_OCGT,2030,1,21,24,0.0
1627,NL_OCGT,2030,2,1,4,0.0
1628,NL_OCGT,2030,2,5,8,0.0
1629,NL_OCGT,2030,2,9,12,0.0
1630,NL_OCGT,2030,2,13,16,0.0
1631,NL_OCGT,2030,2,17,20,0.0
1632,NL_OCGT,2030,2,21,24,0.0
1633,NL_OCGT,2030,3,1,4,0.0
1634,NL_OCGT,2030,3,5,8,0.0
1635,NL_OCGT,2030,3,9,12,0.0
1636,NL_OCGT,2030,3,13,16,0.0
1637,NL_OCGT,2030,3,17,20,0.0
1638,NL_OCGT,2030,3,21,24,0.0
1639,NL_OCGT,2030,4,1,4,0.0
1640,NL_OCGT,2030,4,5,8,0.0
1641,NL_OCGT,2030,4,9,12,0.0
1642,NL_OCGT,2030,4,13,16,0.0
1643,NL_OCGT,2030,4,17,20,0.0
1644,NL_OCGT,2030,4,21,24,0.0
1645,NL_OCGT,2030,5,1,4,0.0
1646,NL_OCGT,2030,5,5,8,0.0
1647,NL_OCGT,2030,5,9,12,0.0
1648,NL_OCGT,2030,5,13,16,0.0
1649,NL_OCGT,2030,5,17,20,0.0
1650,NL_OCGT,2030,5,21,24,0.0
1651,NL_OCGT,2030,6,1,4,0.0
1652,NL_OCGT,2030,6,5,8,0.0
1653,NL_OCGT,2030,6,9,12,0.0
1654,NL_OCGT,2030,6,13,16,0.0
1655,NL_OCGT,2030,6,17,20,0.0
1656,NL_OCGT,2030,6,21,24,0.0
1657,NL_OCGT,2030,7,1,4,0.0
1658,NL_OCGT,2030,7,5,8,0.0
1659,NL_OCGT,2030,7,9,12,0.0
1660,NL_OCGT,2030,7,13,16,0.0
1661,NL_OCGT,2030,7,17,20,0.0
1662,NL_OCGT,2030,7,21,24,0.0
1663,NL_OCGT,2030,8,1,4,0.0
1664,NL_OCGT,2030,8,5,8,0.0
1665,NL_OCGT,2030,8,9,12,0.0
1666,NL_OCGT,2030,8,13,16,0.0
1667,NL_OCGT,2030,8,17,20,0.0
1668,NL_OCGT,2030,8,21,24,0.0
1669,NL_OCGT,2030,9,1,4,0.0
1670,NL_OCGT,2030,9,5,8,0.0
1671,NL_OCGT,2030,9,9,12,0.0
1672,NL_OCGT,2030,9,13,16,0.0
1673,NL_OCGT,2030,9,17,20,0.0
1674,NL_OCGT,2030,9,21,24,0.0
1675,NL_OCGT,2030,10,1,4,0.0
1676,NL_OCGT,2030,10,5,8,0.0
1677,NL_OCGT,2030,10,9,12,0.0
1678,NL_OCGT,2030,10,13,16,0.0
1679,NL_OCGT,2030,10,17,20,0.0
1680,NL_OCGT,2030,10,21,24,0.0
