id,id_1,asset,year,rep_period,time_block_start,time_block_end,dual_sd_ramp_vars_flow_diff
1,1,AT_CCGT,2030,1,1,4,0.0
2,2,AT_CCGT,2030,1,5,8,0.0
3,3,AT_CCGT,2030,1,9,12,0.0
4,4,AT_CCGT,2030,1,13,16,0.0
5,5,AT_CCGT,2030,1,17,20,0.0
6,6,AT_CCGT,2030,1,21,24,0.0
7,7,AT_CCGT,2030,2,1,4,0.0
8,8,AT_CCGT,2030,2,5,8,0.0
9,9,AT_CCGT,2030,2,9,12,0.0
10,10,AT_CCGT,2030,2,13,16,0.0
11,11,AT_CCGT,2030,2,17,20,0.0
12,12,AT_CCGT,2030,2,21,24,0.0
13,13,AT_CCGT,2030,3,1,4,0.0
14,14,AT_CCGT,2030,3,5,8,0.0
15,15,AT_CCGT,2030,3,9,12,0.0
16,16,AT_CCGT,2030,3,13,16,0.0
17,17,AT_CCGT,2030,3,17,20,0.0
18,18,AT_CCGT,2030,3,21,24,0.0
19,19,AT_CCGT,2030,4,1,4,0.0
20,20,AT_CCGT,2030,4,5,8,0.0
21,21,AT_CCGT,2030,4,9,12,0.0
22,22,AT_CCGT,2030,4,13,16,0.0
23,23,AT_CCGT,2030,4,17,20,0.0
24,24,AT_CCGT,2030,4,21,24,0.0
25,25,AT_CCGT,2030,5,1,4,0.0
26,26,AT_CCGT,2030,5,5,8,0.0
27,27,AT_CCGT,2030,5,9,12,0.0
28,28,AT_CCGT,2030,5,13,16,0.0
29,29,AT_CCGT,2030,5,17,20,0.0
30,30,AT_CCGT,2030,5,21,24,0.0
31,31,AT_CCGT,2030,6,1,4,0.0
32,32,AT_CCGT,2030,6,5,8,0.0
33,33,AT_CCGT,2030,6,9,12,0.0
34,34,AT_CCGT,2030,6,13,16,0.0
35,35,AT_CCGT,2030,6,17,20,0.0
36,36,AT_CCGT,2030,6,21,24,0.0
37,37,AT_CCGT,2030,7,1,4,0.0
38,38,AT_CCGT,2030,7,5,8,0.0
39,39,AT_CCGT,2030,7,9,12,0.0
40,40,AT_CCGT,2030,7,13,16,0.0
41,41,AT_CCGT,2030,7,17,20,0.0
42,42,AT_CCGT,2030,7,21,24,0.0
43,43,AT_CCGT,2030,8,1,4,0.0
44,44,AT_CCGT,2030,8,5,8,0.0
45,45,AT_CCGT,2030,8,9,12,0.0
46,46,AT_CCGT,2030,8,13,16,0.0
47,47,AT_CCGT,2030,8,17,20,0.0
48,48,AT_CCGT,2030,8,21,24,0.0
49,49,AT_CCGT,2030,9,1,4,0.0
50,50,AT_CCGT,2030,9,5,8,0.0
51,51,AT_CCGT,2030,9,9,12,0.0
52,52,AT_CCGT,2030,9,13,16,0.0
53,53,AT_CCGT,2030,9,17,20,0.0
54,54,AT_CCGT,2030,9,21,24,0.0
55,55,AT_CCGT,2030,10,1,4,0.0
56,56,AT_CCGT,2030,10,5,8,0.0
57,57,AT_CCGT,2030,10,9,12,0.0
58,58,AT_CCGT,2030,10,13,16,0.0
59,59,AT_CCGT,2030,10,17,20,0.0
60,60,AT_CCGT,2030,10,21,24,0.0
61,61,AT_Coal,2030,1,1,4,0.0
62,62,AT_Coal,2030,1,5,8,0.0
63,63,AT_Coal,2030,1,9,12,0.0
64,64,AT_Coal,2030,1,13,16,0.0
65,65,AT_Coal,2030,1,17,20,0.0
66,66,AT_Coal,2030,1,21,24,0.0
67,67,AT_Coal,2030,2,1,4,0.0
68,68,AT_Coal,2030,2,5,8,0.0
69,69,AT_Coal,2030,2,9,12,0.0
70,70,AT_Coal,2030,2,13,16,0.0
71,71,AT_Coal,2030,2,17,20,0.0
72,72,AT_Coal,2030,2,21,24,0.0
73,73,AT_Coal,2030,3,1,4,0.0
74,74,AT_Coal,2030,3,5,8,0.0
75,75,AT_Coal,2030,3,9,12,0.0
76,76,AT_Coal,2030,3,13,16,0.0
77,77,AT_Coal,2030,3,17,20,0.0
78,78,AT_Coal,2030,3,21,24,0.0
79,79,AT_Coal,2030,4,1,4,0.0
80,80,AT_Coal,2030,4,5,8,0.0
81,81,AT_Coal,2030,4,9,12,0.0
82,82,AT_Coal,2030,4,13,16,0.0
83,83,AT_Coal,2030,4,17,20,0.0
84,84,AT_Coal,2030,4,21,24,0.0
85,85,AT_Coal,2030,5,1,4,0.0
86,86,AT_Coal,2030,5,5,8,0.0
87,87,AT_Coal,2030,5,9,12,0.0
88,88,AT_Coal,2030,5,13,16,0.0
89,89,AT_Coal,2030,5,17,20,0.0
90,90,AT_Coal,2030,5,21,24,0.0
91,91,AT_Coal,2030,6,1,4,0.0
92,92,AT_Coal,2030,6,5,8,0.0
93,93,AT_Coal,2030,6,9,12,0.0
94,94,AT_Coal,2030,6,13,16,0.0
95,95,AT_Coal,2030,6,17,20,0.0
96,96,AT_Coal,2030,6,21,24,0.0
97,97,AT_Coal,2030,7,1,4,0.0
98,98,AT_Coal,2030,7,5,8,0.0
99,99,AT_Coal,2030,7,9,12,0.0
100,100,AT_Coal,2030,7,13,16,0.0
101,101,AT_Coal,2030,7,17,20,0.0
102,102,AT_Coal,2030,7,21,24,0.0
103,103,AT_Coal,2030,8,1,4,0.0
104,104,AT_Coal,2030,8,5,8,0.0
105,105,AT_Coal,2030,8,9,12,0.0
106,106,AT_Coal,2030,8,13,16,0.0
107,107,AT_Coal,2030,8,17,20,0.0
108,108,AT_Coal,2030,8,21,24,0.0
109,109,AT_Coal,2030,9,1,4,0.0
110,110,AT_Coal,2030,9,5,8,0.0
111,111,AT_Coal,2030,9,9,12,0.0
112,112,AT_Coal,2030,9,13,16,0.0
113,113,AT_Coal,2030,9,17,20,0.0
114,114,AT_Coal,2030,9,21,24,0.0
115,115,AT_Coal,2030,10,1,4,0.0
116,116,AT_Coal,2030,10,5,8,0.0
117,117,AT_Coal,2030,10,9,12,0.0
118,118,AT_Coal,2030,10,13,16,0.0
119,119,AT_Coal,2030,10,17,20,0.0
120,120,AT_Coal,2030,10,21,24,0.0
121,121,AT_Nuclear,2030,1,1,4,0.0
122,122,AT_Nuclear,2030,1,5,8,0.0
123,123,AT_Nuclear,2030,1,9,12,0.0
124,124,AT_Nuclear,2030,1,13,16,0.0
125,125,AT_Nuclear,2030,1,17,20,0.0
126,126,AT_Nuclear,2030,1,21,24,0.0
127,127,AT_Nuclear,2030,2,1,4,0.0
128,128,AT_Nuclear,2030,2,5,8,0.0
129,129,AT_Nuclear,2030,2,9,12,0.0
130,130,AT_Nuclear,2030,2,13,16,0.0
131,131,AT_Nuclear,2030,2,17,20,0.0
132,132,AT_Nuclear,2030,2,21,24,0.0
133,133,AT_Nuclear,2030,3,1,4,0.0
134,134,AT_Nuclear,2030,3,5,8,0.0
135,135,AT_Nuclear,2030,3,9,12,0.0
136,136,AT_Nuclear,2030,3,13,16,0.0
137,137,AT_Nuclear,2030,3,17,20,0.0
138,138,AT_Nuclear,2030,3,21,24,0.0
139,139,AT_Nuclear,2030,4,1,4,0.0
140,140,AT_Nuclear,2030,4,5,8,0.0
141,141,AT_Nuclear,2030,4,9,12,0.0
142,142,AT_Nuclear,2030,4,13,16,0.0
143,143,AT_Nuclear,2030,4,17,20,0.0
144,144,AT_Nuclear,2030,4,21,24,0.0
145,145,AT_Nuclear,2030,5,1,4,0.0
146,146,AT_Nuclear,2030,5,5,8,0.0
147,147,AT_Nuclear,2030,5,9,12,0.0
148,148,AT_Nuclear,2030,5,13,16,0.0
149,149,AT_Nuclear,2030,5,17,20,0.0
150,150,AT_Nuclear,2030,5,21,24,0.0
151,151,AT_Nuclear,2030,6,1,4,0.0
152,152,AT_Nuclear,2030,6,5,8,0.0
153,153,AT_Nuclear,2030,6,9,12,0.0
154,154,AT_Nuclear,2030,6,13,16,0.0
155,155,AT_Nuclear,2030,6,17,20,0.0
156,156,AT_Nuclear,2030,6,21,24,0.0
157,157,AT_Nuclear,2030,7,1,4,0.0
158,158,AT_Nuclear,2030,7,5,8,0.0
159,159,AT_Nuclear,2030,7,9,12,0.0
160,160,AT_Nuclear,2030,7,13,16,0.0
161,161,AT_Nuclear,2030,7,17,20,0.0
162,162,AT_Nuclear,2030,7,21,24,0.0
163,163,AT_Nuclear,2030,8,1,4,0.0
164,164,AT_Nuclear,2030,8,5,8,0.0
165,165,AT_Nuclear,2030,8,9,12,0.0
166,166,AT_Nuclear,2030,8,13,16,0.0
167,167,AT_Nuclear,2030,8,17,20,0.0
168,168,AT_Nuclear,2030,8,21,24,0.0
169,169,AT_Nuclear,2030,9,1,4,0.0
170,170,AT_Nuclear,2030,9,5,8,0.0
171,171,AT_Nuclear,2030,9,9,12,0.0
172,172,AT_Nuclear,2030,9,13,16,0.0
173,173,AT_Nuclear,2030,9,17,20,0.0
174,174,AT_Nuclear,2030,9,21,24,0.0
175,175,AT_Nuclear,2030,10,1,4,0.0
176,176,AT_Nuclear,2030,10,5,8,0.0
177,177,AT_Nuclear,2030,10,9,12,0.0
178,178,AT_Nuclear,2030,10,13,16,0.0
179,179,AT_Nuclear,2030,10,17,20,0.0
180,180,AT_Nuclear,2030,10,21,24,0.0
181,181,AT_OCGT,2030,1,1,4,0.0
182,182,AT_OCGT,2030,1,5,8,0.0
183,183,AT_OCGT,2030,1,9,12,0.0
184,184,AT_OCGT,2030,1,13,16,0.0
185,185,AT_OCGT,2030,1,17,20,0.0
186,186,AT_OCGT,2030,1,21,24,0.0
187,187,AT_OCGT,2030,2,1,4,0.0
188,188,AT_OCGT,2030,2,5,8,0.0
189,189,AT_OCGT,2030,2,9,12,0.0
190,190,AT_OCGT,2030,2,13,16,0.0
191,191,AT_OCGT,2030,2,17,20,0.0
192,192,AT_OCGT,2030,2,21,24,0.0
193,193,AT_OCGT,2030,3,1,4,0.0
194,194,AT_OCGT,2030,3,5,8,0.0
195,195,AT_OCGT,2030,3,9,12,0.0
196,196,AT_OCGT,2030,3,13,16,0.0
197,197,AT_OCGT,2030,3,17,20,0.0
198,198,AT_OCGT,2030,3,21,24,0.0
199,199,AT_OCGT,2030,4,1,4,0.0
200,200,AT_OCGT,2030,4,5,8,0.0
201,201,AT_OCGT,2030,4,9,12,0.0
202,202,AT_OCGT,2030,4,13,16,0.0
203,203,AT_OCGT,2030,4,17,20,0.0
204,204,AT_OCGT,2030,4,21,24,0.0
205,205,AT_OCGT,2030,5,1,4,0.0
206,206,AT_OCGT,2030,5,5,8,0.0
207,207,AT_OCGT,2030,5,9,12,0.0
208,208,AT_OCGT,2030,5,13,16,0.0
209,209,AT_OCGT,2030,5,17,20,0.0
210,210,AT_OCGT,2030,5,21,24,0.0
211,211,AT_OCGT,2030,6,1,4,0.0
212,212,AT_OCGT,2030,6,5,8,0.0
213,213,AT_OCGT,2030,6,9,12,0.0
214,214,AT_OCGT,2030,6,13,16,0.0
215,215,AT_OCGT,2030,6,17,20,0.0
216,216,AT_OCGT,2030,6,21,24,0.0
217,217,AT_OCGT,2030,7,1,4,0.0
218,218,AT_OCGT,2030,7,5,8,0.0
219,219,AT_OCGT,2030,7,9,12,0.0
220,220,AT_OCGT,2030,7,13,16,0.0
221,221,AT_OCGT,2030,7,17,20,0.0
222,222,AT_OCGT,2030,7,21,24,0.0
223,223,AT_OCGT,2030,8,1,4,0.0
224,224,AT_OCGT,2030,8,5,8,0.0
225,225,AT_OCGT,2030,8,9,12,0.0
226,226,AT_OCGT,2030,8,13,16,0.0
227,227,AT_OCGT,2030,8,17,20,0.0
228,228,AT_OCGT,2030,8,21,24,0.0
229,229,AT_OCGT,2030,9,1,4,0.0
230,230,AT_OCGT,2030,9,5,8,0.0
231,231,AT_OCGT,2030,9,9,12,0.0
232,232,AT_OCGT,2030,9,13,16,0.0
233,233,AT_OCGT,2030,9,17,20,0.0
234,234,AT_OCGT,2030,9,21,24,0.0
235,235,AT_OCGT,2030,10,1,4,0.0
236,236,AT_OCGT,2030,10,5,8,0.0
237,237,AT_OCGT,2030,10,9,12,0.0
238,238,AT_OCGT,2030,10,13,16,0.0
239,239,AT_OCGT,2030,10,17,20,0.0
240,240,AT_OCGT,2030,10,21,24,0.0
241,241,BE_CCGT,2030,1,1,4,0.0
242,242,BE_CCGT,2030,1,5,8,0.0
243,243,BE_CCGT,2030,1,9,12,0.0
244,244,BE_CCGT,2030,1,13,16,0.0
245,245,BE_CCGT,2030,1,17,20,0.0
246,246,BE_CCGT,2030,1,21,24,0.0
247,247,BE_CCGT,2030,2,1,4,0.0
248,248,BE_CCGT,2030,2,5,8,0.0
249,249,BE_CCGT,2030,2,9,12,0.0
250,250,BE_CCGT,2030,2,13,16,0.0
251,251,BE_CCGT,2030,2,17,20,0.0
252,252,BE_CCGT,2030,2,21,24,0.0
253,253,BE_CCGT,2030,3,1,4,0.0
254,254,BE_CCGT,2030,3,5,8,0.0
255,255,BE_CCGT,2030,3,9,12,0.0
256,256,BE_CCGT,2030,3,13,16,0.0
257,257,BE_CCGT,2030,3,17,20,0.0
258,258,BE_CCGT,2030,3,21,24,0.0
259,259,BE_CCGT,2030,4,1,4,0.0
260,260,BE_CCGT,2030,4,5,8,0.0
261,261,BE_CCGT,2030,4,9,12,0.0
262,262,BE_CCGT,2030,4,13,16,0.0
263,263,BE_CCGT,2030,4,17,20,0.0
264,264,BE_CCGT,2030,4,21,24,0.0
265,265,BE_CCGT,2030,5,1,4,0.0
266,266,BE_CCGT,2030,5,5,8,0.0
267,267,BE_CCGT,2030,5,9,12,0.0
268,268,BE_CCGT,2030,5,13,16,0.0
269,269,BE_CCGT,2030,5,17,20,0.0
270,270,BE_CCGT,2030,5,21,24,0.0
271,271,BE_CCGT,2030,6,1,4,0.0
272,272,BE_CCGT,2030,6,5,8,0.0
273,273,BE_CCGT,2030,6,9,12,0.0
274,274,BE_CCGT,2030,6,13,16,0.0
275,275,BE_CCGT,2030,6,17,20,0.0
276,276,BE_CCGT,2030,6,21,24,0.0
277,277,BE_CCGT,2030,7,1,4,0.0
278,278,BE_CCGT,2030,7,5,8,0.0
279,279,BE_CCGT,2030,7,9,12,0.0
280,280,BE_CCGT,2030,7,13,16,0.0
281,281,BE_CCGT,2030,7,17,20,0.0
282,282,BE_CCGT,2030,7,21,24,0.0
283,283,BE_CCGT,2030,8,1,4,0.0
284,284,BE_CCGT,2030,8,5,8,0.0
285,285,BE_CCGT,2030,8,9,12,0.0
286,286,BE_CCGT,2030,8,13,16,0.0
287,287,BE_CCGT,2030,8,17,20,0.0
288,288,BE_CCGT,2030,8,21,24,0.0
289,289,BE_CCGT,2030,9,1,4,0.0
290,290,BE_CCGT,2030,9,5,8,0.0
291,291,BE_CCGT,2030,9,9,12,0.0
292,292,BE_CCGT,2030,9,13,16,0.0
293,293,BE_CCGT,2030,9,17,20,0.0
294,294,BE_CCGT,2030,9,21,24,0.0
295,295,BE_CCGT,2030,10,1,4,0.0
296,296,BE_CCGT,2030,10,5,8,0.0
297,297,BE_CCGT,2030,10,9,12,0.0
298,298,BE_CCGT,2030,10,13,16,0.0
299,299,BE_CCGT,2030,10,17,20,0.0
300,300,BE_CCGT,2030,10,21,24,0.0
301,301,BE_Coal,2030,1,1,4,0.0
302,302,BE_Coal,2030,1,5,8,0.0
303,303,BE_Coal,2030,1,9,12,0.0
304,304,BE_Coal,2030,1,13,16,0.0
305,305,BE_Coal,2030,1,17,20,0.0
306,306,BE_Coal,2030,1,21,24,0.0
307,307,BE_Coal,2030,2,1,4,0.0
308,308,BE_Coal,2030,2,5,8,0.0
309,309,BE_Coal,2030,2,9,12,0.0
310,310,BE_Coal,2030,2,13,16,0.0
311,311,BE_Coal,2030,2,17,20,0.0
312,312,BE_Coal,2030,2,21,24,0.0
313,313,BE_Coal,2030,3,1,4,0.0
314,314,BE_Coal,2030,3,5,8,0.0
315,315,BE_Coal,2030,3,9,12,0.0
316,316,BE_Coal,2030,3,13,16,0.0
317,317,BE_Coal,2030,3,17,20,0.0
318,318,BE_Coal,2030,3,21,24,0.0
319,319,BE_Coal,2030,4,1,4,0.0
320,320,BE_Coal,2030,4,5,8,0.0
321,321,BE_Coal,2030,4,9,12,0.0
322,322,BE_Coal,2030,4,13,16,0.0
323,323,BE_Coal,2030,4,17,20,0.0
324,324,BE_Coal,2030,4,21,24,0.0
325,325,BE_Coal,2030,5,1,4,0.0
326,326,BE_Coal,2030,5,5,8,0.0
327,327,BE_Coal,2030,5,9,12,0.0
328,328,BE_Coal,2030,5,13,16,0.0
329,329,BE_Coal,2030,5,17,20,0.0
330,330,BE_Coal,2030,5,21,24,0.0
331,331,BE_Coal,2030,6,1,4,0.0
332,332,BE_Coal,2030,6,5,8,0.0
333,333,BE_Coal,2030,6,9,12,0.0
334,334,BE_Coal,2030,6,13,16,0.0
335,335,BE_Coal,2030,6,17,20,0.0
336,336,BE_Coal,2030,6,21,24,0.0
337,337,BE_Coal,2030,7,1,4,0.0
338,338,BE_Coal,2030,7,5,8,0.0
339,339,BE_Coal,2030,7,9,12,0.0
340,340,BE_Coal,2030,7,13,16,0.0
341,341,BE_Coal,2030,7,17,20,0.0
342,342,BE_Coal,2030,7,21,24,0.0
343,343,BE_Coal,2030,8,1,4,0.0
344,344,BE_Coal,2030,8,5,8,0.0
345,345,BE_Coal,2030,8,9,12,0.0
346,346,BE_Coal,2030,8,13,16,0.0
347,347,BE_Coal,2030,8,17,20,0.0
348,348,BE_Coal,2030,8,21,24,0.0
349,349,BE_Coal,2030,9,1,4,0.0
350,350,BE_Coal,2030,9,5,8,0.0
351,351,BE_Coal,2030,9,9,12,0.0
352,352,BE_Coal,2030,9,13,16,0.0
353,353,BE_Coal,2030,9,17,20,0.0
354,354,BE_Coal,2030,9,21,24,0.0
355,355,BE_Coal,2030,10,1,4,0.0
356,356,BE_Coal,2030,10,5,8,0.0
357,357,BE_Coal,2030,10,9,12,0.0
358,358,BE_Coal,2030,10,13,16,0.0
359,359,BE_Coal,2030,10,17,20,0.0
360,360,BE_Coal,2030,10,21,24,0.0
361,361,BE_Nuclear,2030,1,1,4,0.0
362,362,BE_Nuclear,2030,1,5,8,0.0
363,363,BE_Nuclear,2030,1,9,12,0.0
364,364,BE_Nuclear,2030,1,13,16,0.0
365,365,BE_Nuclear,2030,1,17,20,0.0
366,366,BE_Nuclear,2030,1,21,24,0.0
367,367,BE_Nuclear,2030,2,1,4,0.0
368,368,BE_Nuclear,2030,2,5,8,0.0
369,369,BE_Nuclear,2030,2,9,12,0.0
370,370,BE_Nuclear,2030,2,13,16,0.0
371,371,BE_Nuclear,2030,2,17,20,0.0
372,372,BE_Nuclear,2030,2,21,24,0.0
373,373,BE_Nuclear,2030,3,1,4,0.0
374,374,BE_Nuclear,2030,3,5,8,0.0
375,375,BE_Nuclear,2030,3,9,12,0.0
376,376,BE_Nuclear,2030,3,13,16,0.0
377,377,BE_Nuclear,2030,3,17,20,0.0
378,378,BE_Nuclear,2030,3,21,24,0.0
379,379,BE_Nuclear,2030,4,1,4,0.0
380,380,BE_Nuclear,2030,4,5,8,0.0
381,381,BE_Nuclear,2030,4,9,12,0.0
382,382,BE_Nuclear,2030,4,13,16,0.0
383,383,BE_Nuclear,2030,4,17,20,0.0
384,384,BE_Nuclear,2030,4,21,24,0.0
385,385,BE_Nuclear,2030,5,1,4,0.0
386,386,BE_Nuclear,2030,5,5,8,0.0
387,387,BE_Nuclear,2030,5,9,12,0.0
388,388,BE_Nuclear,2030,5,13,16,0.0
389,389,BE_Nuclear,2030,5,17,20,0.0
390,390,BE_Nuclear,2030,5,21,24,0.0
391,391,BE_Nuclear,2030,6,1,4,0.0
392,392,BE_Nuclear,2030,6,5,8,0.0
393,393,BE_Nuclear,2030,6,9,12,0.0
394,394,BE_Nuclear,2030,6,13,16,0.0
395,395,BE_Nuclear,2030,6,17,20,0.0
396,396,BE_Nuclear,2030,6,21,24,0.0
397,397,BE_Nuclear,2030,7,1,4,0.0
398,398,BE_Nuclear,2030,7,5,8,0.0
399,399,BE_Nuclear,2030,7,9,12,0.0
400,400,BE_Nuclear,2030,7,13,16,0.0
401,401,BE_Nuclear,2030,7,17,20,0.0
402,402,BE_Nuclear,2030,7,21,24,0.0
403,403,BE_Nuclear,2030,8,1,4,0.0
404,404,BE_Nuclear,2030,8,5,8,0.0
405,405,BE_Nuclear,2030,8,9,12,0.0
406,406,BE_Nuclear,2030,8,13,16,0.0
407,407,BE_Nuclear,2030,8,17,20,0.0
408,408,BE_Nuclear,2030,8,21,24,0.0
409,409,BE_Nuclear,2030,9,1,4,0.0
410,410,BE_Nuclear,2030,9,5,8,0.0
411,411,BE_Nuclear,2030,9,9,12,0.0
412,412,BE_Nuclear,2030,9,13,16,0.0
413,413,BE_Nuclear,2030,9,17,20,0.0
414,414,BE_Nuclear,2030,9,21,24,0.0
415,415,BE_Nuclear,2030,10,1,4,0.0
416,416,BE_Nuclear,2030,10,5,8,0.0
417,417,BE_Nuclear,2030,10,9,12,0.0
418,418,BE_Nuclear,2030,10,13,16,0.0
419,419,BE_Nuclear,2030,10,17,20,0.0
420,420,BE_Nuclear,2030,10,21,24,0.0
421,421,BE_OCGT,2030,1,1,4,0.0
422,422,BE_OCGT,2030,1,5,8,0.0
423,423,BE_OCGT,2030,1,9,12,0.0
424,424,BE_OCGT,2030,1,13,16,0.0
425,425,BE_OCGT,2030,1,17,20,0.0
426,426,BE_OCGT,2030,1,21,24,0.0
427,427,BE_OCGT,2030,2,1,4,0.0
428,428,BE_OCGT,2030,2,5,8,0.0
429,429,BE_OCGT,2030,2,9,12,0.0
430,430,BE_OCGT,2030,2,13,16,0.0
431,431,BE_OCGT,2030,2,17,20,0.0
432,432,BE_OCGT,2030,2,21,24,0.0
433,433,BE_OCGT,2030,3,1,4,0.0
434,434,BE_OCGT,2030,3,5,8,0.0
435,435,BE_OCGT,2030,3,9,12,0.0
436,436,BE_OCGT,2030,3,13,16,0.0
437,437,BE_OCGT,2030,3,17,20,0.0
438,438,BE_OCGT,2030,3,21,24,0.0
439,439,BE_OCGT,2030,4,1,4,0.0
440,440,BE_OCGT,2030,4,5,8,0.0
441,441,BE_OCGT,2030,4,9,12,0.0
442,442,BE_OCGT,2030,4,13,16,0.0
443,443,BE_OCGT,2030,4,17,20,0.0
444,444,BE_OCGT,2030,4,21,24,0.0
445,445,BE_OCGT,2030,5,1,4,0.0
446,446,BE_OCGT,2030,5,5,8,0.0
447,447,BE_OCGT,2030,5,9,12,0.0
448,448,BE_OCGT,2030,5,13,16,0.0
449,449,BE_OCGT,2030,5,17,20,0.0
450,450,BE_OCGT,2030,5,21,24,0.0
451,451,BE_OCGT,2030,6,1,4,0.0
452,452,BE_OCGT,2030,6,5,8,0.0
453,453,BE_OCGT,2030,6,9,12,0.0
454,454,BE_OCGT,2030,6,13,16,0.0
455,455,BE_OCGT,2030,6,17,20,0.0
456,456,BE_OCGT,2030,6,21,24,0.0
457,457,BE_OCGT,2030,7,1,4,0.0
458,458,BE_OCGT,2030,7,5,8,0.0
459,459,BE_OCGT,2030,7,9,12,0.0
460,460,BE_OCGT,2030,7,13,16,0.0
461,461,BE_OCGT,2030,7,17,20,0.0
462,462,BE_OCGT,2030,7,21,24,0.0
463,463,BE_OCGT,2030,8,1,4,0.0
464,464,BE_OCGT,2030,8,5,8,0.0
465,465,BE_OCGT,2030,8,9,12,0.0
466,466,BE_OCGT,2030,8,13,16,0.0
467,467,BE_OCGT,2030,8,17,20,0.0
468,468,BE_OCGT,2030,8,21,24,0.0
469,469,BE_OCGT,2030,9,1,4,0.0
470,470,BE_OCGT,2030,9,5,8,0.0
471,471,BE_OCGT,2030,9,9,12,0.0
472,472,BE_OCGT,2030,9,13,16,0.0
473,473,BE_OCGT,2030,9,17,20,0.0
474,474,BE_OCGT,2030,9,21,24,0.0
475,475,BE_OCGT,2030,10,1,4,0.0
476,476,BE_OCGT,2030,10,5,8,0.0
477,477,BE_OCGT,2030,10,9,12,0.0
478,478,BE_OCGT,2030,10,13,16,0.0
479,479,BE_OCGT,2030,10,17,20,0.0
480,480,BE_OCGT,2030,10,21,24,0.0
481,481,CH_CCGT,2030,1,1,4,0.0
482,482,CH_CCGT,2030,1,5,8,0.0
483,483,CH_CCGT,2030,1,9,12,0.0
484,484,CH_CCGT,2030,1,13,16,0.0
485,485,CH_CCGT,2030,1,17,20,0.0
486,486,CH_CCGT,2030,1,21,24,0.0
487,487,CH_CCGT,2030,2,1,4,0.0
488,488,CH_CCGT,2030,2,5,8,0.0
489,489,CH_CCGT,2030,2,9,12,0.0
490,490,CH_CCGT,2030,2,13,16,0.0
491,491,CH_CCGT,2030,2,17,20,0.0
492,492,CH_CCGT,2030,2,21,24,0.0
493,493,CH_CCGT,2030,3,1,4,0.0
494,494,CH_CCGT,2030,3,5,8,0.0
495,495,CH_CCGT,2030,3,9,12,0.0
496,496,CH_CCGT,2030,3,13,16,0.0
497,497,CH_CCGT,2030,3,17,20,0.0
498,498,CH_CCGT,2030,3,21,24,0.0
499,499,CH_CCGT,2030,4,1,4,0.0
500,500,CH_CCGT,2030,4,5,8,0.0
501,501,CH_CCGT,2030,4,9,12,0.0
502,502,CH_CCGT,2030,4,13,16,0.0
503,503,CH_CCGT,2030,4,17,20,0.0
504,504,CH_CCGT,2030,4,21,24,0.0
505,505,CH_CCGT,2030,5,1,4,0.0
506,506,CH_CCGT,2030,5,5,8,0.0
507,507,CH_CCGT,2030,5,9,12,0.0
508,508,CH_CCGT,2030,5,13,16,0.0
509,509,CH_CCGT,2030,5,17,20,0.0
510,510,CH_CCGT,2030,5,21,24,0.0
511,511,CH_CCGT,2030,6,1,4,0.0
512,512,CH_CCGT,2030,6,5,8,0.0
513,513,CH_CCGT,2030,6,9,12,0.0
514,514,CH_CCGT,2030,6,13,16,0.0
515,515,CH_CCGT,2030,6,17,20,0.0
516,516,CH_CCGT,2030,6,21,24,0.0
517,517,CH_CCGT,2030,7,1,4,0.0
518,518,CH_CCGT,2030,7,5,8,0.0
519,519,CH_CCGT,2030,7,9,12,0.0
520,520,CH_CCGT,2030,7,13,16,0.0
521,521,CH_CCGT,2030,7,17,20,0.0
522,522,CH_CCGT,2030,7,21,24,0.0
523,523,CH_CCGT,2030,8,1,4,0.0
524,524,CH_CCGT,2030,8,5,8,0.0
525,525,CH_CCGT,2030,8,9,12,0.0
526,526,CH_CCGT,2030,8,13,16,0.0
527,527,CH_CCGT,2030,8,17,20,0.0
528,528,CH_CCGT,2030,8,21,24,0.0
529,529,CH_CCGT,2030,9,1,4,0.0
530,530,CH_CCGT,2030,9,5,8,0.0
531,531,CH_CCGT,2030,9,9,12,0.0
532,532,CH_CCGT,2030,9,13,16,0.0
533,533,CH_CCGT,2030,9,17,20,0.0
534,534,CH_CCGT,2030,9,21,24,0.0
535,535,CH_CCGT,2030,10,1,4,0.0
536,536,CH_CCGT,2030,10,5,8,0.0
537,537,CH_CCGT,2030,10,9,12,0.0
538,538,CH_CCGT,2030,10,13,16,0.0
539,539,CH_CCGT,2030,10,17,20,0.0
540,540,CH_CCGT,2030,10,21,24,0.0
541,541,CH_Coal,2030,1,1,4,0.0
542,542,CH_Coal,2030,1,5,8,0.0
543,543,CH_Coal,2030,1,9,12,0.0
544,544,CH_Coal,2030,1,13,16,0.0
545,545,CH_Coal,2030,1,17,20,0.0
546,546,CH_Coal,2030,1,21,24,0.0
547,547,CH_Coal,2030,2,1,4,0.0
548,548,CH_Coal,2030,2,5,8,0.0
549,549,CH_Coal,2030,2,9,12,0.0
550,550,CH_Coal,2030,2,13,16,0.0
551,551,CH_Coal,2030,2,17,20,0.0
552,552,CH_Coal,2030,2,21,24,0.0
553,553,CH_Coal,2030,3,1,4,0.0
554,554,CH_Coal,2030,3,5,8,0.0
555,555,CH_Coal,2030,3,9,12,0.0
556,556,CH_Coal,2030,3,13,16,0.0
557,557,CH_Coal,2030,3,17,20,0.0
558,558,CH_Coal,2030,3,21,24,0.0
559,559,CH_Coal,2030,4,1,4,0.0
560,560,CH_Coal,2030,4,5,8,0.0
561,561,CH_Coal,2030,4,9,12,0.0
562,562,CH_Coal,2030,4,13,16,0.0
563,563,CH_Coal,2030,4,17,20,0.0
564,564,CH_Coal,2030,4,21,24,0.0
565,565,CH_Coal,2030,5,1,4,0.0
566,566,CH_Coal,2030,5,5,8,0.0
567,567,CH_Coal,2030,5,9,12,0.0
568,568,CH_Coal,2030,5,13,16,0.0
569,569,CH_Coal,2030,5,17,20,0.0
570,570,CH_Coal,2030,5,21,24,0.0
571,571,CH_Coal,2030,6,1,4,0.0
572,572,CH_Coal,2030,6,5,8,0.0
573,573,CH_Coal,2030,6,9,12,0.0
574,574,CH_Coal,2030,6,13,16,0.0
575,575,CH_Coal,2030,6,17,20,0.0
576,576,CH_Coal,2030,6,21,24,0.0
577,577,CH_Coal,2030,7,1,4,0.0
578,578,CH_Coal,2030,7,5,8,0.0
579,579,CH_Coal,2030,7,9,12,0.0
580,580,CH_Coal,2030,7,13,16,0.0
581,581,CH_Coal,2030,7,17,20,0.0
582,582,CH_Coal,2030,7,21,24,0.0
583,583,CH_Coal,2030,8,1,4,0.0
584,584,CH_Coal,2030,8,5,8,0.0
585,585,CH_Coal,2030,8,9,12,0.0
586,586,CH_Coal,2030,8,13,16,0.0
587,587,CH_Coal,2030,8,17,20,0.0
588,588,CH_Coal,2030,8,21,24,0.0
589,589,CH_Coal,2030,9,1,4,0.0
590,590,CH_Coal,2030,9,5,8,0.0
591,591,CH_Coal,2030,9,9,12,0.0
592,592,CH_Coal,2030,9,13,16,0.0
593,593,CH_Coal,2030,9,17,20,0.0
594,594,CH_Coal,2030,9,21,24,0.0
595,595,CH_Coal,2030,10,1,4,0.0
596,596,CH_Coal,2030,10,5,8,0.0
597,597,CH_Coal,2030,10,9,12,0.0
598,598,CH_Coal,2030,10,13,16,0.0
599,599,CH_Coal,2030,10,17,20,0.0
600,600,CH_Coal,2030,10,21,24,0.0
601,601,CH_Nuclear,2030,1,1,4,0.0
602,602,CH_Nuclear,2030,1,5,8,0.0
603,603,CH_Nuclear,2030,1,9,12,0.0
604,604,CH_Nuclear,2030,1,13,16,0.0
605,605,CH_Nuclear,2030,1,17,20,0.0
606,606,CH_Nuclear,2030,1,21,24,0.0
607,607,CH_Nuclear,2030,2,1,4,0.0
608,608,CH_Nuclear,2030,2,5,8,0.0
609,609,CH_Nuclear,2030,2,9,12,0.0
610,610,CH_Nuclear,2030,2,13,16,0.0
611,611,CH_Nuclear,2030,2,17,20,0.0
612,612,CH_Nuclear,2030,2,21,24,0.0
613,613,CH_Nuclear,2030,3,1,4,0.0
614,614,CH_Nuclear,2030,3,5,8,0.0
615,615,CH_Nuclear,2030,3,9,12,0.0
616,616,CH_Nuclear,2030,3,13,16,0.0
617,617,CH_Nuclear,2030,3,17,20,0.0
618,618,CH_Nuclear,2030,3,21,24,0.0
619,619,CH_Nuclear,2030,4,1,4,0.0
620,620,CH_Nuclear,2030,4,5,8,0.0
621,621,CH_Nuclear,2030,4,9,12,0.0
622,622,CH_Nuclear,2030,4,13,16,0.0
623,623,CH_Nuclear,2030,4,17,20,0.0
624,624,CH_Nuclear,2030,4,21,24,0.0
625,625,CH_Nuclear,2030,5,1,4,0.0
626,626,CH_Nuclear,2030,5,5,8,0.0
627,627,CH_Nuclear,2030,5,9,12,0.0
628,628,CH_Nuclear,2030,5,13,16,0.0
629,629,CH_Nuclear,2030,5,17,20,0.0
630,630,CH_Nuclear,2030,5,21,24,0.0
631,631,CH_Nuclear,2030,6,1,4,0.0
632,632,CH_Nuclear,2030,6,5,8,0.0
633,633,CH_Nuclear,2030,6,9,12,0.0
634,634,CH_Nuclear,2030,6,13,16,0.0
635,635,CH_Nuclear,2030,6,17,20,0.0
636,636,CH_Nuclear,2030,6,21,24,0.0
637,637,CH_Nuclear,2030,7,1,4,0.0
638,638,CH_Nuclear,2030,7,5,8,0.0
639,639,CH_Nuclear,2030,7,9,12,0.0
640,640,CH_Nuclear,2030,7,13,16,0.0
641,641,CH_Nuclear,2030,7,17,20,0.0
642,642,CH_Nuclear,2030,7,21,24,0.0
643,643,CH_Nuclear,2030,8,1,4,0.0
644,644,CH_Nuclear,2030,8,5,8,0.0
645,645,CH_Nuclear,2030,8,9,12,0.0
646,646,CH_Nuclear,2030,8,13,16,0.0
647,647,CH_Nuclear,2030,8,17,20,0.0
648,648,CH_Nuclear,2030,8,21,24,0.0
649,649,CH_Nuclear,2030,9,1,4,0.0
650,650,CH_Nuclear,2030,9,5,8,0.0
651,651,CH_Nuclear,2030,9,9,12,0.0
652,652,CH_Nuclear,2030,9,13,16,0.0
653,653,CH_Nuclear,2030,9,17,20,0.0
654,654,CH_Nuclear,2030,9,21,24,0.0
655,655,CH_Nuclear,2030,10,1,4,0.0
656,656,CH_Nuclear,2030,10,5,8,0.0
657,657,CH_Nuclear,2030,10,9,12,0.0
658,658,CH_Nuclear,2030,10,13,16,0.0
659,659,CH_Nuclear,2030,10,17,20,0.0
660,660,CH_Nuclear,2030,10,21,24,0.0
661,661,CH_OCGT,2030,1,1,4,0.0
662,662,CH_OCGT,2030,1,5,8,0.0
663,663,CH_OCGT,2030,1,9,12,0.0
664,664,CH_OCGT,2030,1,13,16,0.0
665,665,CH_OCGT,2030,1,17,20,0.0
666,666,CH_OCGT,2030,1,21,24,0.0
667,667,CH_OCGT,2030,2,1,4,0.0
668,668,CH_OCGT,2030,2,5,8,0.0
669,669,CH_OCGT,2030,2,9,12,0.0
670,670,CH_OCGT,2030,2,13,16,0.0
671,671,CH_OCGT,2030,2,17,20,0.0
672,672,CH_OCGT,2030,2,21,24,0.0
673,673,CH_OCGT,2030,3,1,4,0.0
674,674,CH_OCGT,2030,3,5,8,0.0
675,675,CH_OCGT,2030,3,9,12,0.0
676,676,CH_OCGT,2030,3,13,16,0.0
677,677,CH_OCGT,2030,3,17,20,0.0
678,678,CH_OCGT,2030,3,21,24,0.0
679,679,CH_OCGT,2030,4,1,4,0.0
680,680,CH_OCGT,2030,4,5,8,0.0
681,681,CH_OCGT,2030,4,9,12,0.0
682,682,CH_OCGT,2030,4,13,16,0.0
683,683,CH_OCGT,2030,4,17,20,0.0
684,684,CH_OCGT,2030,4,21,24,0.0
685,685,CH_OCGT,2030,5,1,4,0.0
686,686,CH_OCGT,2030,5,5,8,0.0
687,687,CH_OCGT,2030,5,9,12,0.0
688,688,CH_OCGT,2030,5,13,16,0.0
689,689,CH_OCGT,2030,5,17,20,0.0
690,690,CH_OCGT,2030,5,21,24,0.0
691,691,CH_OCGT,2030,6,1,4,0.0
692,692,CH_OCGT,2030,6,5,8,0.0
693,693,CH_OCGT,2030,6,9,12,0.0
694,694,CH_OCGT,2030,6,13,16,0.0
695,695,CH_OCGT,2030,6,17,20,0.0
696,696,CH_OCGT,2030,6,21,24,0.0
697,697,CH_OCGT,2030,7,1,4,0.0
698,698,CH_OCGT,2030,7,5,8,0.0
699,699,CH_OCGT,2030,7,9,12,0.0
700,700,CH_OCGT,2030,7,13,16,0.0
701,701,CH_OCGT,2030,7,17,20,0.0
702,702,CH_OCGT,2030,7,21,24,0.0
703,703,CH_OCGT,2030,8,1,4,0.0
704,704,CH_OCGT,2030,8,5,8,0.0
705,705,CH_OCGT,2030,8,9,12,0.0
706,706,CH_OCGT,2030,8,13,16,0.0
707,707,CH_OCGT,2030,8,17,20,0.0
708,708,CH_OCGT,2030,8,21,24,0.0
709,709,CH_OCGT,2030,9,1,4,0.0
710,710,CH_OCGT,2030,9,5,8,0.0
711,711,CH_OCGT,2030,9,9,12,0.0
712,712,CH_OCGT,2030,9,13,16,0.0
713,713,CH_OCGT,2030,9,17,20,0.0
714,714,CH_OCGT,2030,9,21,24,0.0
715,715,CH_OCGT,2030,10,1,4,0.0
716,716,CH_OCGT,2030,10,5,8,0.0
717,717,CH_OCGT,2030,10,9,12,0.0
718,718,CH_OCGT,2030,10,13,16,0.0
719,719,CH_OCGT,2030,10,17,20,0.0
720,720,CH_OCGT,2030,10,21,24,0.0
721,721,DE_CCGT,2030,1,1,4,0.0
722,722,DE_CCGT,2030,1,5,8,0.0
723,723,DE_CCGT,2030,1,9,12,0.0
724,724,DE_CCGT,2030,1,13,16,0.0
725,725,DE_CCGT,2030,1,17,20,0.0
726,726,DE_CCGT,2030,1,21,24,0.0
727,727,DE_CCGT,2030,2,1,4,0.0
728,728,DE_CCGT,2030,2,5,8,0.0
729,729,DE_CCGT,2030,2,9,12,0.0
730,730,DE_CCGT,2030,2,13,16,0.0
731,731,DE_CCGT,2030,2,17,20,0.0
732,732,DE_CCGT,2030,2,21,24,0.0
733,733,DE_CCGT,2030,3,1,4,0.0
734,734,DE_CCGT,2030,3,5,8,0.0
735,735,DE_CCGT,2030,3,9,12,0.0
736,736,DE_CCGT,2030,3,13,16,0.0
737,737,DE_CCGT,2030,3,17,20,0.0
738,738,DE_CCGT,2030,3,21,24,0.0
739,739,DE_CCGT,2030,4,1,4,0.0
740,740,DE_CCGT,2030,4,5,8,0.0
741,741,DE_CCGT,2030,4,9,12,0.0
742,742,DE_CCGT,2030,4,13,16,0.0
743,743,DE_CCGT,2030,4,17,20,0.0
744,744,DE_CCGT,2030,4,21,24,0.0
745,745,DE_CCGT,2030,5,1,4,0.0
746,746,DE_CCGT,2030,5,5,8,0.0
747,747,DE_CCGT,2030,5,9,12,0.0
748,748,DE_CCGT,2030,5,13,16,0.0
749,749,DE_CCGT,2030,5,17,20,0.0
750,750,DE_CCGT,2030,5,21,24,0.0
751,751,DE_CCGT,2030,6,1,4,0.0
752,752,DE_CCGT,2030,6,5,8,0.0
753,753,DE_CCGT,2030,6,9,12,0.0
754,754,DE_CCGT,2030,6,13,16,0.0
755,755,DE_CCGT,2030,6,17,20,0.0
756,756,DE_CCGT,2030,6,21,24,0.0
757,757,DE_CCGT,2030,7,1,4,0.0
758,758,DE_CCGT,2030,7,5,8,0.0
759,759,DE_CCGT,2030,7,9,12,0.0
760,760,DE_CCGT,2030,7,13,16,0.0
761,761,DE_CCGT,2030,7,17,20,0.0
762,762,DE_CCGT,2030,7,21,24,0.0
763,763,DE_CCGT,2030,8,1,4,0.0
764,764,DE_CCGT,2030,8,5,8,0.0
765,765,DE_CCGT,2030,8,9,12,0.0
766,766,DE_CCGT,2030,8,13,16,0.0
767,767,DE_CCGT,2030,8,17,20,0.0
768,768,DE_CCGT,2030,8,21,24,0.0
769,769,DE_CCGT,2030,9,1,4,0.0
770,770,DE_CCGT,2030,9,5,8,0.0
771,771,DE_CCGT,2030,9,9,12,0.0
772,772,DE_CCGT,2030,9,13,16,0.0
773,773,DE_CCGT,2030,9,17,20,0.0
774,774,DE_CCGT,2030,9,21,24,0.0
775,775,DE_CCGT,2030,10,1,4,0.0
776,776,DE_CCGT,2030,10,5,8,0.0
777,777,DE_CCGT,2030,10,9,12,0.0
778,778,DE_CCGT,2030,10,13,16,0.0
779,779,DE_CCGT,2030,10,17,20,0.0
780,780,DE_CCGT,2030,10,21,24,0.0
781,781,DE_Coal,2030,1,1,4,0.0
782,782,DE_Coal,2030,1,5,8,0.0
783,783,DE_Coal,2030,1,9,12,0.0
784,784,DE_Coal,2030,1,13,16,0.0
785,785,DE_Coal,2030,1,17,20,0.0
786,786,DE_Coal,2030,1,21,24,0.0
787,787,DE_Coal,2030,2,1,4,0.0
788,788,DE_Coal,2030,2,5,8,0.0
789,789,DE_Coal,2030,2,9,12,0.0
790,790,DE_Coal,2030,2,13,16,0.0
791,791,DE_Coal,2030,2,17,20,0.0
792,792,DE_Coal,2030,2,21,24,0.0
793,793,DE_Coal,2030,3,1,4,0.0
794,794,DE_Coal,2030,3,5,8,0.0
795,795,DE_Coal,2030,3,9,12,0.0
796,796,DE_Coal,2030,3,13,16,0.0
797,797,DE_Coal,2030,3,17,20,0.0
798,798,DE_Coal,2030,3,21,24,0.0
799,799,DE_Coal,2030,4,1,4,0.0
800,800,DE_Coal,2030,4,5,8,0.0
801,801,DE_Coal,2030,4,9,12,0.0
802,802,DE_Coal,2030,4,13,16,0.0
803,803,DE_Coal,2030,4,17,20,0.0
804,804,DE_Coal,2030,4,21,24,0.0
805,805,DE_Coal,2030,5,1,4,0.0
806,806,DE_Coal,2030,5,5,8,0.0
807,807,DE_Coal,2030,5,9,12,0.0
808,808,DE_Coal,2030,5,13,16,0.0
809,809,DE_Coal,2030,5,17,20,0.0
810,810,DE_Coal,2030,5,21,24,0.0
811,811,DE_Coal,2030,6,1,4,0.0
812,812,DE_Coal,2030,6,5,8,0.0
813,813,DE_Coal,2030,6,9,12,0.0
814,814,DE_Coal,2030,6,13,16,0.0
815,815,DE_Coal,2030,6,17,20,0.0
816,816,DE_Coal,2030,6,21,24,0.0
817,817,DE_Coal,2030,7,1,4,0.0
818,818,DE_Coal,2030,7,5,8,0.0
819,819,DE_Coal,2030,7,9,12,0.0
820,820,DE_Coal,2030,7,13,16,0.0
821,821,DE_Coal,2030,7,17,20,0.0
822,822,DE_Coal,2030,7,21,24,0.0
823,823,DE_Coal,2030,8,1,4,0.0
824,824,DE_Coal,2030,8,5,8,0.0
825,825,DE_Coal,2030,8,9,12,0.0
826,826,DE_Coal,2030,8,13,16,0.0
827,827,DE_Coal,2030,8,17,20,0.0
828,828,DE_Coal,2030,8,21,24,0.0
829,829,DE_Coal,2030,9,1,4,0.0
830,830,DE_Coal,2030,9,5,8,0.0
831,831,DE_Coal,2030,9,9,12,0.0
832,832,DE_Coal,2030,9,13,16,0.0
833,833,DE_Coal,2030,9,17,20,0.0
834,834,DE_Coal,2030,9,21,24,0.0
835,835,DE_Coal,2030,10,1,4,0.0
836,836,DE_Coal,2030,10,5,8,0.0
837,837,DE_Coal,2030,10,9,12,0.0
838,838,DE_Coal,2030,10,13,16,0.0
839,839,DE_Coal,2030,10,17,20,0.0
840,840,DE_Coal,2030,10,21,24,0.0
841,841,DE_Nuclear,2030,1,1,4,0.0
842,842,DE_Nuclear,2030,1,5,8,0.0
843,843,DE_Nuclear,2030,1,9,12,0.0
844,844,DE_Nuclear,2030,1,13,16,0.0
845,845,DE_Nuclear,2030,1,17,20,0.0
846,846,DE_Nuclear,2030,1,21,24,0.0
847,847,DE_Nuclear,2030,2,1,4,0.0
848,848,DE_Nuclear,2030,2,5,8,0.0
849,849,DE_Nuclear,2030,2,9,12,0.0
850,850,DE_Nuclear,2030,2,13,16,0.0
851,851,DE_Nuclear,2030,2,17,20,0.0
852,852,DE_Nuclear,2030,2,21,24,0.0
853,853,DE_Nuclear,2030,3,1,4,0.0
854,854,DE_Nuclear,2030,3,5,8,0.0
855,855,DE_Nuclear,2030,3,9,12,0.0
856,856,DE_Nuclear,2030,3,13,16,0.0
857,857,DE_Nuclear,2030,3,17,20,0.0
858,858,DE_Nuclear,2030,3,21,24,0.0
859,859,DE_Nuclear,2030,4,1,4,0.0
860,860,DE_Nuclear,2030,4,5,8,0.0
861,861,DE_Nuclear,2030,4,9,12,0.0
862,862,DE_Nuclear,2030,4,13,16,0.0
863,863,DE_Nuclear,2030,4,17,20,0.0
864,864,DE_Nuclear,2030,4,21,24,0.0
865,865,DE_Nuclear,2030,5,1,4,0.0
866,866,DE_Nuclear,2030,5,5,8,0.0
867,867,DE_Nuclear,2030,5,9,12,0.0
868,868,DE_Nuclear,2030,5,13,16,0.0
869,869,DE_Nuclear,2030,5,17,20,0.0
870,870,DE_Nuclear,2030,5,21,24,0.0
871,871,DE_Nuclear,2030,6,1,4,0.0
872,872,DE_Nuclear,2030,6,5,8,0.0
873,873,DE_Nuclear,2030,6,9,12,0.0
874,874,DE_Nuclear,2030,6,13,16,0.0
875,875,DE_Nuclear,2030,6,17,20,0.0
876,876,DE_Nuclear,2030,6,21,24,0.0
877,877,DE_Nuclear,2030,7,1,4,0.0
878,878,DE_Nuclear,2030,7,5,8,0.0
879,879,DE_Nuclear,2030,7,9,12,0.0
880,880,DE_Nuclear,2030,7,13,16,0.0
881,881,DE_Nuclear,2030,7,17,20,0.0
882,882,DE_Nuclear,2030,7,21,24,0.0
883,883,DE_Nuclear,2030,8,1,4,0.0
884,884,DE_Nuclear,2030,8,5,8,0.0
885,885,DE_Nuclear,2030,8,9,12,0.0
886,886,DE_Nuclear,2030,8,13,16,0.0
887,887,DE_Nuclear,2030,8,17,20,0.0
888,888,DE_Nuclear,2030,8,21,24,0.0
889,889,DE_Nuclear,2030,9,1,4,0.0
890,890,DE_Nuclear,2030,9,5,8,0.0
891,891,DE_Nuclear,2030,9,9,12,0.0
892,892,DE_Nuclear,2030,9,13,16,0.0
893,893,DE_Nuclear,2030,9,17,20,0.0
894,894,DE_Nuclear,2030,9,21,24,0.0
895,895,DE_Nuclear,2030,10,1,4,0.0
896,896,DE_Nuclear,2030,10,5,8,0.0
897,897,DE_Nuclear,2030,10,9,12,0.0
898,898,DE_Nuclear,2030,10,13,16,0.0
899,899,DE_Nuclear,2030,10,17,20,0.0
900,900,DE_Nuclear,2030,10,21,24,0.0
901,901,DE_OCGT,2030,1,1,4,0.0
902,902,DE_OCGT,2030,1,5,8,0.0
903,903,DE_OCGT,2030,1,9,12,0.0
904,904,DE_OCGT,2030,1,13,16,0.0
905,905,DE_OCGT,2030,1,17,20,0.0
906,906,DE_OCGT,2030,1,21,24,0.0
907,907,DE_OCGT,2030,2,1,4,0.0
908,908,DE_OCGT,2030,2,5,8,0.0
909,909,DE_OCGT,2030,2,9,12,0.0
910,910,DE_OCGT,2030,2,13,16,0.0
911,911,DE_OCGT,2030,2,17,20,0.0
912,912,DE_OCGT,2030,2,21,24,0.0
913,913,DE_OCGT,2030,3,1,4,0.0
914,914,DE_OCGT,2030,3,5,8,0.0
915,915,DE_OCGT,2030,3,9,12,0.0
916,916,DE_OCGT,2030,3,13,16,0.0
917,917,DE_OCGT,2030,3,17,20,0.0
918,918,DE_OCGT,2030,3,21,24,0.0
919,919,DE_OCGT,2030,4,1,4,0.0
920,920,DE_OCGT,2030,4,5,8,0.0
921,921,DE_OCGT,2030,4,9,12,0.0
922,922,DE_OCGT,2030,4,13,16,0.0
923,923,DE_OCGT,2030,4,17,20,0.0
924,924,DE_OCGT,2030,4,21,24,0.0
925,925,DE_OCGT,2030,5,1,4,0.0
926,926,DE_OCGT,2030,5,5,8,0.0
927,927,DE_OCGT,2030,5,9,12,0.0
928,928,DE_OCGT,2030,5,13,16,0.0
929,929,DE_OCGT,2030,5,17,20,0.0
930,930,DE_OCGT,2030,5,21,24,0.0
931,931,DE_OCGT,2030,6,1,4,0.0
932,932,DE_OCGT,2030,6,5,8,0.0
933,933,DE_OCGT,2030,6,9,12,0.0
934,934,DE_OCGT,2030,6,13,16,0.0
935,935,DE_OCGT,2030,6,17,20,0.0
936,936,DE_OCGT,2030,6,21,24,0.0
937,937,DE_OCGT,2030,7,1,4,0.0
938,938,DE_OCGT,2030,7,5,8,0.0
939,939,DE_OCGT,2030,7,9,12,0.0
940,940,DE_OCGT,2030,7,13,16,0.0
941,941,DE_OCGT,2030,7,17,20,0.0
942,942,DE_OCGT,2030,7,21,24,0.0
943,943,DE_OCGT,2030,8,1,4,0.0
944,944,DE_OCGT,2030,8,5,8,0.0
945,945,DE_OCGT,2030,8,9,12,0.0
946,946,DE_OCGT,2030,8,13,16,0.0
947,947,DE_OCGT,2030,8,17,20,0.0
948,948,DE_OCGT,2030,8,21,24,0.0
949,949,DE_OCGT,2030,9,1,4,0.0
950,950,DE_OCGT,2030,9,5,8,0.0
951,951,DE_OCGT,2030,9,9,12,0.0
952,952,DE_OCGT,2030,9,13,16,0.0
953,953,DE_OCGT,2030,9,17,20,0.0
954,954,DE_OCGT,2030,9,21,24,0.0
955,955,DE_OCGT,2030,10,1,4,0.0
956,956,DE_OCGT,2030,10,5,8,0.0
957,957,DE_OCGT,2030,10,9,12,0.0
958,958,DE_OCGT,2030,10,13,16,0.0
959,959,DE_OCGT,2030,10,17,20,0.0
960,960,DE_OCGT,2030,10,21,24,0.0
961,961,FR_CCGT,2030,1,1,4,0.0
962,962,FR_CCGT,2030,1,5,8,0.0
963,963,FR_CCGT,2030,1,9,12,0.0
964,964,FR_CCGT,2030,1,13,16,0.0
965,965,FR_CCGT,2030,1,17,20,0.0
966,966,FR_CCGT,2030,1,21,24,0.0
967,967,FR_CCGT,2030,2,1,4,0.0
968,968,FR_CCGT,2030,2,5,8,0.0
969,969,FR_CCGT,2030,2,9,12,0.0
970,970,FR_CCGT,2030,2,13,16,0.0
971,971,FR_CCGT,2030,2,17,20,0.0
972,972,FR_CCGT,2030,2,21,24,0.0
973,973,FR_CCGT,2030,3,1,4,0.0
974,974,FR_CCGT,2030,3,5,8,0.0
975,975,FR_CCGT,2030,3,9,12,0.0
976,976,FR_CCGT,2030,3,13,16,0.0
977,977,FR_CCGT,2030,3,17,20,0.0
978,978,FR_CCGT,2030,3,21,24,0.0
979,979,FR_CCGT,2030,4,1,4,0.0
980,980,FR_CCGT,2030,4,5,8,0.0
981,981,FR_CCGT,2030,4,9,12,0.0
982,982,FR_CCGT,2030,4,13,16,0.0
983,983,FR_CCGT,2030,4,17,20,0.0
984,984,FR_CCGT,2030,4,21,24,0.0
985,985,FR_CCGT,2030,5,1,4,0.0
986,986,FR_CCGT,2030,5,5,8,0.0
987,987,FR_CCGT,2030,5,9,12,0.0
988,988,FR_CCGT,2030,5,13,16,0.0
989,989,FR_CCGT,2030,5,17,20,0.0
990,990,FR_CCGT,2030,5,21,24,0.0
991,991,FR_CCGT,2030,6,1,4,0.0
992,992,FR_CCGT,2030,6,5,8,0.0
993,993,FR_CCGT,2030,6,9,12,0.0
994,994,FR_CCGT,2030,6,13,16,0.0
995,995,FR_CCGT,2030,6,17,20,0.0
996,996,FR_CCGT,2030,6,21,24,0.0
997,997,FR_CCGT,2030,7,1,4,0.0
998,998,FR_CCGT,2030,7,5,8,0.0
999,999,FR_CCGT,2030,7,9,12,0.0
1000,1000,FR_CCGT,2030,7,13,16,0.0
1001,1001,FR_CCGT,2030,7,17,20,0.0
1002,1002,FR_CCGT,2030,7,21,24,0.0
1003,1003,FR_CCGT,2030,8,1,4,0.0
1004,1004,FR_CCGT,2030,8,5,8,0.0
1005,1005,FR_CCGT,2030,8,9,12,0.0
1006,1006,FR_CCGT,2030,8,13,16,0.0
1007,1007,FR_CCGT,2030,8,17,20,0.0
1008,1008,FR_CCGT,2030,8,21,24,0.0
1009,1009,FR_CCGT,2030,9,1,4,0.0
1010,1010,FR_CCGT,2030,9,5,8,0.0
1011,1011,FR_CCGT,2030,9,9,12,0.0
1012,1012,FR_CCGT,2030,9,13,16,0.0
1013,1013,FR_CCGT,2030,9,17,20,0.0
1014,1014,FR_CCGT,2030,9,21,24,0.0
1015,1015,FR_CCGT,2030,10,1,4,0.0
1016,1016,FR_CCGT,2030,10,5,8,0.0
1017,1017,FR_CCGT,2030,10,9,12,0.0
1018,1018,FR_CCGT,2030,10,13,16,0.0
1019,1019,FR_CCGT,2030,10,17,20,0.0
1020,1020,FR_CCGT,2030,10,21,24,0.0
1021,1021,FR_Coal,2030,1,1,4,0.0
1022,1022,FR_Coal,2030,1,5,8,0.0
1023,1023,FR_Coal,2030,1,9,12,0.0
1024,1024,FR_Coal,2030,1,13,16,0.0
1025,1025,FR_Coal,2030,1,17,20,0.0
1026,1026,FR_Coal,2030,1,21,24,0.0
1027,1027,FR_Coal,2030,2,1,4,0.0
1028,1028,FR_Coal,2030,2,5,8,0.0
1029,1029,FR_Coal,2030,2,9,12,0.0
1030,1030,FR_Coal,2030,2,13,16,0.0
1031,1031,FR_Coal,2030,2,17,20,0.0
1032,1032,FR_Coal,2030,2,21,24,0.0
1033,1033,FR_Coal,2030,3,1,4,0.0
1034,1034,FR_Coal,2030,3,5,8,0.0
1035,1035,FR_Coal,2030,3,9,12,0.0
1036,1036,FR_Coal,2030,3,13,16,0.0
1037,1037,FR_Coal,2030,3,17,20,0.0
1038,1038,FR_Coal,2030,3,21,24,0.0
1039,1039,FR_Coal,2030,4,1,4,0.0
1040,1040,FR_Coal,2030,4,5,8,0.0
1041,1041,FR_Coal,2030,4,9,12,0.0
1042,1042,FR_Coal,2030,4,13,16,0.0
1043,1043,FR_Coal,2030,4,17,20,0.0
1044,1044,FR_Coal,2030,4,21,24,0.0
1045,1045,FR_Coal,2030,5,1,4,0.0
1046,1046,FR_Coal,2030,5,5,8,0.0
1047,1047,FR_Coal,2030,5,9,12,0.0
1048,1048,FR_Coal,2030,5,13,16,0.0
1049,1049,FR_Coal,2030,5,17,20,0.0
1050,1050,FR_Coal,2030,5,21,24,0.0
1051,1051,FR_Coal,2030,6,1,4,0.0
1052,1052,FR_Coal,2030,6,5,8,0.0
1053,1053,FR_Coal,2030,6,9,12,0.0
1054,1054,FR_Coal,2030,6,13,16,0.0
1055,1055,FR_Coal,2030,6,17,20,0.0
1056,1056,FR_Coal,2030,6,21,24,0.0
1057,1057,FR_Coal,2030,7,1,4,0.0
1058,1058,FR_Coal,2030,7,5,8,0.0
1059,1059,FR_Coal,2030,7,9,12,0.0
1060,1060,FR_Coal,2030,7,13,16,0.0
1061,1061,FR_Coal,2030,7,17,20,0.0
1062,1062,FR_Coal,2030,7,21,24,0.0
1063,1063,FR_Coal,2030,8,1,4,0.0
1064,1064,FR_Coal,2030,8,5,8,0.0
1065,1065,FR_Coal,2030,8,9,12,0.0
1066,1066,FR_Coal,2030,8,13,16,0.0
1067,1067,FR_Coal,2030,8,17,20,0.0
1068,1068,FR_Coal,2030,8,21,24,0.0
1069,1069,FR_Coal,2030,9,1,4,0.0
1070,1070,FR_Coal,2030,9,5,8,0.0
1071,1071,FR_Coal,2030,9,9,12,0.0
1072,1072,FR_Coal,2030,9,13,16,0.0
1073,1073,FR_Coal,2030,9,17,20,0.0
1074,1074,FR_Coal,2030,9,21,24,0.0
1075,1075,FR_Coal,2030,10,1,4,0.0
1076,1076,FR_Coal,2030,10,5,8,0.0
1077,1077,FR_Coal,2030,10,9,12,0.0
1078,1078,FR_Coal,2030,10,13,16,0.0
1079,1079,FR_Coal,2030,10,17,20,0.0
1080,1080,FR_Coal,2030,10,21,24,0.0
1081,1081,FR_Nuclear,2030,1,1,4,0.0
1082,1082,FR_Nuclear,2030,1,5,8,0.0
1083,1083,FR_Nuclear,2030,1,9,12,0.0
1084,1084,FR_Nuclear,2030,1,13,16,0.0
1085,1085,FR_Nuclear,2030,1,17,20,0.0
1086,1086,FR_Nuclear,2030,1,21,24,0.0
1087,1087,FR_Nuclear,2030,2,1,4,0.0
1088,1088,FR_Nuclear,2030,2,5,8,0.0
1089,1089,FR_Nuclear,2030,2,9,12,0.0
1090,1090,FR_Nuclear,2030,2,13,16,0.0
1091,1091,FR_Nuclear,2030,2,17,20,0.0
1092,1092,FR_Nuclear,2030,2,21,24,0.0
1093,1093,FR_Nuclear,2030,3,1,4,0.0
1094,1094,FR_Nuclear,2030,3,5,8,0.0
1095,1095,FR_Nuclear,2030,3,9,12,0.0
1096,1096,FR_Nuclear,2030,3,13,16,0.0
1097,1097,FR_Nuclear,2030,3,17,20,0.0
1098,1098,FR_Nuclear,2030,3,21,24,0.0
1099,1099,FR_Nuclear,2030,4,1,4,0.0
1100,1100,FR_Nuclear,2030,4,5,8,0.0
1101,1101,FR_Nuclear,2030,4,9,12,0.0
1102,1102,FR_Nuclear,2030,4,13,16,0.0
1103,1103,FR_Nuclear,2030,4,17,20,0.0
1104,1104,FR_Nuclear,2030,4,21,24,0.0
1105,1105,FR_Nuclear,2030,5,1,4,0.0
1106,1106,FR_Nuclear,2030,5,5,8,0.0
1107,1107,FR_Nuclear,2030,5,9,12,0.0
1108,1108,FR_Nuclear,2030,5,13,16,0.0
1109,1109,FR_Nuclear,2030,5,17,20,0.0
1110,1110,FR_Nuclear,2030,5,21,24,0.0
1111,1111,FR_Nuclear,2030,6,1,4,0.0
1112,1112,FR_Nuclear,2030,6,5,8,0.0
1113,1113,FR_Nuclear,2030,6,9,12,0.0
1114,1114,FR_Nuclear,2030,6,13,16,0.0
1115,1115,FR_Nuclear,2030,6,17,20,0.0
1116,1116,FR_Nuclear,2030,6,21,24,0.0
1117,1117,FR_Nuclear,2030,7,1,4,0.0
1118,1118,FR_Nuclear,2030,7,5,8,0.0
1119,1119,FR_Nuclear,2030,7,9,12,0.0
1120,1120,FR_Nuclear,2030,7,13,16,0.0
1121,1121,FR_Nuclear,2030,7,17,20,0.0
1122,1122,FR_Nuclear,2030,7,21,24,0.0
1123,1123,FR_Nuclear,2030,8,1,4,0.0
1124,1124,FR_Nuclear,2030,8,5,8,0.0
1125,1125,FR_Nuclear,2030,8,9,12,0.0
1126,1126,FR_Nuclear,2030,8,13,16,0.0
1127,1127,FR_Nuclear,2030,8,17,20,0.0
1128,1128,FR_Nuclear,2030,8,21,24,0.0
1129,1129,FR_Nuclear,2030,9,1,4,0.0
1130,1130,FR_Nuclear,2030,9,5,8,0.0
1131,1131,FR_Nuclear,2030,9,9,12,0.0
1132,1132,FR_Nuclear,2030,9,13,16,0.0
1133,1133,FR_Nuclear,2030,9,17,20,0.0
1134,1134,FR_Nuclear,2030,9,21,24,0.0
1135,1135,FR_Nuclear,2030,10,1,4,0.0
1136,1136,FR_Nuclear,2030,10,5,8,0.0
1137,1137,FR_Nuclear,2030,10,9,12,0.0
1138,1138,FR_Nuclear,2030,10,13,16,0.0
1139,1139,FR_Nuclear,2030,10,17,20,0.0
1140,1140,FR_Nuclear,2030,10,21,24,0.0
1141,1141,FR_OCGT,2030,1,1,4,0.0
1142,1142,FR_OCGT,2030,1,5,8,0.0
1143,1143,FR_OCGT,2030,1,9,12,0.0
1144,1144,FR_OCGT,2030,1,13,16,0.0
1145,1145,FR_OCGT,2030,1,17,20,0.0
1146,1146,FR_OCGT,2030,1,21,24,0.0
1147,1147,FR_OCGT,2030,2,1,4,0.0
1148,1148,FR_OCGT,2030,2,5,8,0.0
1149,1149,FR_OCGT,2030,2,9,12,0.0
1150,1150,FR_OCGT,2030,2,13,16,0.0
1151,1151,FR_OCGT,2030,2,17,20,0.0
1152,1152,FR_OCGT,2030,2,21,24,0.0
1153,1153,FR_OCGT,2030,3,1,4,0.0
1154,1154,FR_OCGT,2030,3,5,8,0.0
1155,1155,FR_OCGT,2030,3,9,12,0.0
1156,1156,FR_OCGT,2030,3,13,16,0.0
1157,1157,FR_OCGT,2030,3,17,20,0.0
1158,1158,FR_OCGT,2030,3,21,24,0.0
1159,1159,FR_OCGT,2030,4,1,4,0.0
1160,1160,FR_OCGT,2030,4,5,8,0.0
1161,1161,FR_OCGT,2030,4,9,12,0.0
1162,1162,FR_OCGT,2030,4,13,16,0.0
1163,1163,FR_OCGT,2030,4,17,20,0.0
1164,1164,FR_OCGT,2030,4,21,24,0.0
1165,1165,FR_OCGT,2030,5,1,4,0.0
1166,1166,FR_OCGT,2030,5,5,8,0.0
1167,1167,FR_OCGT,2030,5,9,12,0.0
1168,1168,FR_OCGT,2030,5,13,16,0.0
1169,1169,FR_OCGT,2030,5,17,20,0.0
1170,1170,FR_OCGT,2030,5,21,24,0.0
1171,1171,FR_OCGT,2030,6,1,4,0.0
1172,1172,FR_OCGT,2030,6,5,8,0.0
1173,1173,FR_OCGT,2030,6,9,12,0.0
1174,1174,FR_OCGT,2030,6,13,16,0.0
1175,1175,FR_OCGT,2030,6,17,20,0.0
1176,1176,FR_OCGT,2030,6,21,24,0.0
1177,1177,FR_OCGT,2030,7,1,4,0.0
1178,1178,FR_OCGT,2030,7,5,8,0.0
1179,1179,FR_OCGT,2030,7,9,12,0.0
1180,1180,FR_OCGT,2030,7,13,16,0.0
1181,1181,FR_OCGT,2030,7,17,20,0.0
1182,1182,FR_OCGT,2030,7,21,24,0.0
1183,1183,FR_OCGT,2030,8,1,4,0.0
1184,1184,FR_OCGT,2030,8,5,8,0.0
1185,1185,FR_OCGT,2030,8,9,12,0.0
1186,1186,FR_OCGT,2030,8,13,16,0.0
1187,1187,FR_OCGT,2030,8,17,20,0.0
1188,1188,FR_OCGT,2030,8,21,24,0.0
1189,1189,FR_OCGT,2030,9,1,4,0.0
1190,1190,FR_OCGT,2030,9,5,8,0.0
1191,1191,FR_OCGT,2030,9,9,12,0.0
1192,1192,FR_OCGT,2030,9,13,16,0.0
1193,1193,FR_OCGT,2030,9,17,20,0.0
1194,1194,FR_OCGT,2030,9,21,24,0.0
1195,1195,FR_OCGT,2030,10,1,4,0.0
1196,1196,FR_OCGT,2030,10,5,8,0.0
1197,1197,FR_OCGT,2030,10,9,12,0.0
1198,1198,FR_OCGT,2030,10,13,16,0.0
1199,1199,FR_OCGT,2030,10,17,20,0.0
1200,1200,FR_OCGT,2030,10,21,24,0.0
1201,1201,LU_CCGT,2030,1,1,4,0.0
1202,1202,LU_CCGT,2030,1,5,8,0.0
1203,1203,LU_CCGT,2030,1,9,12,0.0
1204,1204,LU_CCGT,2030,1,13,16,0.0
1205,1205,LU_CCGT,2030,1,17,20,0.0
1206,1206,LU_CCGT,2030,1,21,24,0.0
1207,1207,LU_CCGT,2030,2,1,4,0.0
1208,1208,LU_CCGT,2030,2,5,8,0.0
1209,1209,LU_CCGT,2030,2,9,12,0.0
1210,1210,LU_CCGT,2030,2,13,16,0.0
1211,1211,LU_CCGT,2030,2,17,20,0.0
1212,1212,LU_CCGT,2030,2,21,24,0.0
1213,1213,LU_CCGT,2030,3,1,4,0.0
1214,1214,LU_CCGT,2030,3,5,8,0.0
1215,1215,LU_CCGT,2030,3,9,12,0.0
1216,1216,LU_CCGT,2030,3,13,16,0.0
1217,1217,LU_CCGT,2030,3,17,20,0.0
1218,1218,LU_CCGT,2030,3,21,24,0.0
1219,1219,LU_CCGT,2030,4,1,4,0.0
1220,1220,LU_CCGT,2030,4,5,8,0.0
1221,1221,LU_CCGT,2030,4,9,12,0.0
1222,1222,LU_CCGT,2030,4,13,16,0.0
1223,1223,LU_CCGT,2030,4,17,20,0.0
1224,1224,LU_CCGT,2030,4,21,24,0.0
1225,1225,LU_CCGT,2030,5,1,4,0.0
1226,1226,LU_CCGT,2030,5,5,8,0.0
1227,1227,LU_CCGT,2030,5,9,12,0.0
1228,1228,LU_CCGT,2030,5,13,16,0.0
1229,1229,LU_CCGT,2030,5,17,20,0.0
1230,1230,LU_CCGT,2030,5,21,24,0.0
1231,1231,LU_CCGT,2030,6,1,4,0.0
1232,1232,LU_CCGT,2030,6,5,8,0.0
1233,1233,LU_CCGT,2030,6,9,12,0.0
1234,1234,LU_CCGT,2030,6,13,16,0.0
1235,1235,LU_CCGT,2030,6,17,20,0.0
1236,1236,LU_CCGT,2030,6,21,24,0.0
1237,1237,LU_CCGT,2030,7,1,4,0.0
1238,1238,LU_CCGT,2030,7,5,8,0.0
1239,1239,LU_CCGT,2030,7,9,12,0.0
1240,1240,LU_CCGT,2030,7,13,16,0.0
1241,1241,LU_CCGT,2030,7,17,20,0.0
1242,1242,LU_CCGT,2030,7,21,24,0.0
1243,1243,LU_CCGT,2030,8,1,4,0.0
1244,1244,LU_CCGT,2030,8,5,8,0.0
1245,1245,LU_CCGT,2030,8,9,12,0.0
1246,1246,LU_CCGT,2030,8,13,16,0.0
1247,1247,LU_CCGT,2030,8,17,20,0.0
1248,1248,LU_CCGT,2030,8,21,24,0.0
1249,1249,LU_CCGT,2030,9,1,4,0.0
1250,1250,LU_CCGT,2030,9,5,8,0.0
1251,1251,LU_CCGT,2030,9,9,12,0.0
1252,1252,LU_CCGT,2030,9,13,16,0.0
1253,1253,LU_CCGT,2030,9,17,20,0.0
1254,1254,LU_CCGT,2030,9,21,24,0.0
1255,1255,LU_CCGT,2030,10,1,4,0.0
1256,1256,LU_CCGT,2030,10,5,8,0.0
1257,1257,LU_CCGT,2030,10,9,12,0.0
1258,1258,LU_CCGT,2030,10,13,16,0.0
1259,1259,LU_CCGT,2030,10,17,20,0.0
1260,1260,LU_CCGT,2030,10,21,24,0.0
1261,1261,LU_Coal,2030,1,1,4,0.0
1262,1262,LU_Coal,2030,1,5,8,0.0
1263,1263,LU_Coal,2030,1,9,12,0.0
1264,1264,LU_Coal,2030,1,13,16,0.0
1265,1265,LU_Coal,2030,1,17,20,0.0
1266,1266,LU_Coal,2030,1,21,24,0.0
1267,1267,LU_Coal,2030,2,1,4,0.0
1268,1268,LU_Coal,2030,2,5,8,0.0
1269,1269,LU_Coal,2030,2,9,12,0.0
1270,1270,LU_Coal,2030,2,13,16,0.0
1271,1271,LU_Coal,2030,2,17,20,0.0
1272,1272,LU_Coal,2030,2,21,24,0.0
1273,1273,LU_Coal,2030,3,1,4,0.0
1274,1274,LU_Coal,2030,3,5,8,0.0
1275,1275,LU_Coal,2030,3,9,12,0.0
1276,1276,LU_Coal,2030,3,13,16,0.0
1277,1277,LU_Coal,2030,3,17,20,0.0
1278,1278,LU_Coal,2030,3,21,24,0.0
1279,1279,LU_Coal,2030,4,1,4,0.0
1280,1280,LU_Coal,2030,4,5,8,0.0
1281,1281,LU_Coal,2030,4,9,12,0.0
1282,1282,LU_Coal,2030,4,13,16,0.0
1283,1283,LU_Coal,2030,4,17,20,0.0
1284,1284,LU_Coal,2030,4,21,24,0.0
1285,1285,LU_Coal,2030,5,1,4,0.0
1286,1286,LU_Coal,2030,5,5,8,0.0
1287,1287,LU_Coal,2030,5,9,12,0.0
1288,1288,LU_Coal,2030,5,13,16,0.0
1289,1289,LU_Coal,2030,5,17,20,0.0
1290,1290,LU_Coal,2030,5,21,24,0.0
1291,1291,LU_Coal,2030,6,1,4,0.0
1292,1292,LU_Coal,2030,6,5,8,0.0
1293,1293,LU_Coal,2030,6,9,12,0.0
1294,1294,LU_Coal,2030,6,13,16,0.0
1295,1295,LU_Coal,2030,6,17,20,0.0
1296,1296,LU_Coal,2030,6,21,24,0.0
1297,1297,LU_Coal,2030,7,1,4,0.0
1298,1298,LU_Coal,2030,7,5,8,0.0
1299,1299,LU_Coal,2030,7,9,12,0.0
1300,1300,LU_Coal,2030,7,13,16,0.0
1301,1301,LU_Coal,2030,7,17,20,0.0
1302,1302,LU_Coal,2030,7,21,24,0.0
1303,1303,LU_Coal,2030,8,1,4,0.0
1304,1304,LU_Coal,2030,8,5,8,0.0
1305,1305,LU_Coal,2030,8,9,12,0.0
1306,1306,LU_Coal,2030,8,13,16,0.0
1307,1307,LU_Coal,2030,8,17,20,0.0
1308,1308,LU_Coal,2030,8,21,24,0.0
1309,1309,LU_Coal,2030,9,1,4,0.0
1310,1310,LU_Coal,2030,9,5,8,0.0
1311,1311,LU_Coal,2030,9,9,12,0.0
1312,1312,LU_Coal,2030,9,13,16,0.0
1313,1313,LU_Coal,2030,9,17,20,0.0
1314,1314,LU_Coal,2030,9,21,24,0.0
1315,1315,LU_Coal,2030,10,1,4,0.0
1316,1316,LU_Coal,2030,10,5,8,0.0
1317,1317,LU_Coal,2030,10,9,12,0.0
1318,1318,LU_Coal,2030,10,13,16,0.0
1319,1319,LU_Coal,2030,10,17,20,0.0
1320,1320,LU_Coal,2030,10,21,24,0.0
1321,1321,LU_Nuclear,2030,1,1,4,0.0
1322,1322,LU_Nuclear,2030,1,5,8,0.0
1323,1323,LU_Nuclear,2030,1,9,12,0.0
1324,1324,LU_Nuclear,2030,1,13,16,0.0
1325,1325,LU_Nuclear,2030,1,17,20,0.0
1326,1326,LU_Nuclear,2030,1,21,24,0.0
1327,1327,LU_Nuclear,2030,2,1,4,0.0
1328,1328,LU_Nuclear,2030,2,5,8,0.0
1329,1329,LU_Nuclear,2030,2,9,12,0.0
1330,1330,LU_Nuclear,2030,2,13,16,0.0
1331,1331,LU_Nuclear,2030,2,17,20,0.0
1332,1332,LU_Nuclear,2030,2,21,24,0.0
1333,1333,LU_Nuclear,2030,3,1,4,0.0
1334,1334,LU_Nuclear,2030,3,5,8,0.0
1335,1335,LU_Nuclear,2030,3,9,12,0.0
1336,1336,LU_Nuclear,2030,3,13,16,0.0
1337,1337,LU_Nuclear,2030,3,17,20,0.0
1338,1338,LU_Nuclear,2030,3,21,24,0.0
1339,1339,LU_Nuclear,2030,4,1,4,0.0
1340,1340,LU_Nuclear,2030,4,5,8,0.0
1341,1341,LU_Nuclear,2030,4,9,12,0.0
1342,1342,LU_Nuclear,2030,4,13,16,0.0
1343,1343,LU_Nuclear,2030,4,17,20,0.0
1344,1344,LU_Nuclear,2030,4,21,24,0.0
1345,1345,LU_Nuclear,2030,5,1,4,0.0
1346,1346,LU_Nuclear,2030,5,5,8,0.0
1347,1347,LU_Nuclear,2030,5,9,12,0.0
1348,1348,LU_Nuclear,2030,5,13,16,0.0
1349,1349,LU_Nuclear,2030,5,17,20,0.0
1350,1350,LU_Nuclear,2030,5,21,24,0.0
1351,1351,LU_Nuclear,2030,6,1,4,0.0
1352,1352,LU_Nuclear,2030,6,5,8,0.0
1353,1353,LU_Nuclear,2030,6,9,12,0.0
1354,1354,LU_Nuclear,2030,6,13,16,0.0
1355,1355,LU_Nuclear,2030,6,17,20,0.0
1356,1356,LU_Nuclear,2030,6,21,24,0.0
1357,1357,LU_Nuclear,2030,7,1,4,0.0
1358,1358,LU_Nuclear,2030,7,5,8,0.0
1359,1359,LU_Nuclear,2030,7,9,12,0.0
1360,1360,LU_Nuclear,2030,7,13,16,0.0
1361,1361,LU_Nuclear,2030,7,17,20,0.0
1362,1362,LU_Nuclear,2030,7,21,24,0.0
1363,1363,LU_Nuclear,2030,8,1,4,0.0
1364,1364,LU_Nuclear,2030,8,5,8,0.0
1365,1365,LU_Nuclear,2030,8,9,12,0.0
1366,1366,LU_Nuclear,2030,8,13,16,0.0
1367,1367,LU_Nuclear,2030,8,17,20,0.0
1368,1368,LU_Nuclear,2030,8,21,24,0.0
1369,1369,LU_Nuclear,2030,9,1,4,0.0
1370,1370,LU_Nuclear,2030,9,5,8,0.0
1371,1371,LU_Nuclear,2030,9,9,12,0.0
1372,1372,LU_Nuclear,2030,9,13,16,0.0
1373,1373,LU_Nuclear,2030,9,17,20,0.0
1374,1374,LU_Nuclear,2030,9,21,24,0.0
1375,1375,LU_Nuclear,2030,10,1,4,0.0
1376,1376,LU_Nuclear,2030,10,5,8,0.0
1377,1377,LU_Nuclear,2030,10,9,12,0.0
1378,1378,LU_Nuclear,2030,10,13,16,0.0
1379,1379,LU_Nuclear,2030,10,17,20,0.0
1380,1380,LU_Nuclear,2030,10,21,24,0.0
1381,1381,LU_OCGT,2030,1,1,4,0.0
1382,1382,LU_OCGT,2030,1,5,8,0.0
1383,1383,LU_OCGT,2030,1,9,12,0.0
1384,1384,LU_OCGT,2030,1,13,16,0.0
1385,1385,LU_OCGT,2030,1,17,20,0.0
1386,1386,LU_OCGT,2030,1,21,24,0.0
1387,1387,LU_OCGT,2030,2,1,4,0.0
1388,1388,LU_OCGT,2030,2,5,8,0.0
1389,1389,LU_OCGT,2030,2,9,12,0.0
1390,1390,LU_OCGT,2030,2,13,16,0.0
1391,1391,LU_OCGT,2030,2,17,20,0.0
1392,1392,LU_OCGT,2030,2,21,24,0.0
1393,1393,LU_OCGT,2030,3,1,4,0.0
1394,1394,LU_OCGT,2030,3,5,8,0.0
1395,1395,LU_OCGT,2030,3,9,12,0.0
1396,1396,LU_OCGT,2030,3,13,16,0.0
1397,1397,LU_OCGT,2030,3,17,20,0.0
1398,1398,LU_OCGT,2030,3,21,24,0.0
1399,1399,LU_OCGT,2030,4,1,4,0.0
1400,1400,LU_OCGT,2030,4,5,8,0.0
1401,1401,LU_OCGT,2030,4,9,12,0.0
1402,1402,LU_OCGT,2030,4,13,16,0.0
1403,1403,LU_OCGT,2030,4,17,20,0.0
1404,1404,LU_OCGT,2030,4,21,24,0.0
1405,1405,LU_OCGT,2030,5,1,4,0.0
1406,1406,LU_OCGT,2030,5,5,8,0.0
1407,1407,LU_OCGT,2030,5,9,12,0.0
1408,1408,LU_OCGT,2030,5,13,16,0.0
1409,1409,LU_OCGT,2030,5,17,20,0.0
1410,1410,LU_OCGT,2030,5,21,24,0.0
1411,1411,LU_OCGT,2030,6,1,4,0.0
1412,1412,LU_OCGT,2030,6,5,8,0.0
1413,1413,LU_OCGT,2030,6,9,12,0.0
1414,1414,LU_OCGT,2030,6,13,16,0.0
1415,1415,LU_OCGT,2030,6,17,20,0.0
1416,1416,LU_OCGT,2030,6,21,24,0.0
1417,1417,LU_OCGT,2030,7,1,4,0.0
1418,1418,LU_OCGT,2030,7,5,8,0.0
1419,1419,LU_OCGT,2030,7,9,12,0.0
1420,1420,LU_OCGT,2030,7,13,16,0.0
1421,1421,LU_OCGT,2030,7,17,20,0.0
1422,1422,LU_OCGT,2030,7,21,24,0.0
1423,1423,LU_OCGT,2030,8,1,4,0.0
1424,1424,LU_OCGT,2030,8,5,8,0.0
1425,1425,LU_OCGT,2030,8,9,12,0.0
1426,1426,LU_OCGT,2030,8,13,16,0.0
1427,1427,LU_OCGT,2030,8,17,20,0.0
1428,1428,LU_OCGT,2030,8,21,24,0.0
1429,1429,LU_OCGT,2030,9,1,4,0.0
1430,1430,LU_OCGT,2030,9,5,8,0.0
1431,1431,LU_OCGT,2030,9,9,12,0.0
1432,1432,LU_OCGT,2030,9,13,16,0.0
1433,1433,LU_OCGT,2030,9,17,20,0.0
1434,1434,LU_OCGT,2030,9,21,24,0.0
1435,1435,LU_OCGT,2030,10,1,4,0.0
1436,1436,LU_OCGT,2030,10,5,8,0.0
1437,1437,LU_OCGT,2030,10,9,12,0.0
1438,1438,LU_OCGT,2030,10,13,16,0.0
1439,1439,LU_OCGT,2030,10,17,20,0.0
1440,1440,LU_OCGT,2030,10,21,24,0.0
1441,1441,NL_CCGT,2030,1,1,4,0.0
1442,1442,NL_CCGT,2030,1,5,8,0.0
1443,1443,NL_CCGT,2030,1,9,12,0.0
1444,1444,NL_CCGT,2030,1,13,16,0.0
1445,1445,NL_CCGT,2030,1,17,20,0.0
1446,1446,NL_CCGT,2030,1,21,24,0.0
1447,1447,NL_CCGT,2030,2,1,4,0.0
1448,1448,NL_CCGT,2030,2,5,8,0.0
1449,1449,NL_CCGT,2030,2,9,12,0.0
1450,1450,NL_CCGT,2030,2,13,16,0.0
1451,1451,NL_CCGT,2030,2,17,20,0.0
1452,1452,NL_CCGT,2030,2,21,24,0.0
1453,1453,NL_CCGT,2030,3,1,4,0.0
1454,1454,NL_CCGT,2030,3,5,8,0.0
1455,1455,NL_CCGT,2030,3,9,12,0.0
1456,1456,NL_CCGT,2030,3,13,16,0.0
1457,1457,NL_CCGT,2030,3,17,20,0.0
1458,1458,NL_CCGT,2030,3,21,24,0.0
1459,1459,NL_CCGT,2030,4,1,4,0.0
1460,1460,NL_CCGT,2030,4,5,8,0.0
1461,1461,NL_CCGT,2030,4,9,12,0.0
1462,1462,NL_CCGT,2030,4,13,16,0.0
1463,1463,NL_CCGT,2030,4,17,20,0.0
1464,1464,NL_CCGT,2030,4,21,24,0.0
1465,1465,NL_CCGT,2030,5,1,4,0.0
1466,1466,NL_CCGT,2030,5,5,8,0.0
1467,1467,NL_CCGT,2030,5,9,12,0.0
1468,1468,NL_CCGT,2030,5,13,16,0.0
1469,1469,NL_CCGT,2030,5,17,20,0.0
1470,1470,NL_CCGT,2030,5,21,24,0.0
1471,1471,NL_CCGT,2030,6,1,4,0.0
1472,1472,NL_CCGT,2030,6,5,8,0.0
1473,1473,NL_CCGT,2030,6,9,12,0.0
1474,1474,NL_CCGT,2030,6,13,16,0.0
1475,1475,NL_CCGT,2030,6,17,20,0.0
1476,1476,NL_CCGT,2030,6,21,24,0.0
1477,1477,NL_CCGT,2030,7,1,4,0.0
1478,1478,NL_CCGT,2030,7,5,8,0.0
1479,1479,NL_CCGT,2030,7,9,12,0.0
1480,1480,NL_CCGT,2030,7,13,16,0.0
1481,1481,NL_CCGT,2030,7,17,20,0.0
1482,1482,NL_CCGT,2030,7,21,24,0.0
1483,1483,NL_CCGT,2030,8,1,4,0.0
1484,1484,NL_CCGT,2030,8,5,8,0.0
1485,1485,NL_CCGT,2030,8,9,12,0.0
1486,1486,NL_CCGT,2030,8,13,16,0.0
1487,1487,NL_CCGT,2030,8,17,20,0.0
1488,1488,NL_CCGT,2030,8,21,24,0.0
1489,1489,NL_CCGT,2030,9,1,4,0.0
1490,1490,NL_CCGT,2030,9,5,8,0.0
1491,1491,NL_CCGT,2030,9,9,12,0.0
1492,1492,NL_CCGT,2030,9,13,16,0.0
1493,1493,NL_CCGT,2030,9,17,20,0.0
1494,1494,NL_CCGT,2030,9,21,24,0.0
1495,1495,NL_CCGT,2030,10,1,4,0.0
1496,1496,NL_CCGT,2030,10,5,8,0.0
1497,1497,NL_CCGT,2030,10,9,12,0.0
1498,1498,NL_CCGT,2030,10,13,16,0.0
1499,1499,NL_CCGT,2030,10,17,20,0.0
1500,1500,NL_CCGT,2030,10,21,24,0.0
1501,1501,NL_Coal,2030,1,1,4,0.0
1502,1502,NL_Coal,2030,1,5,8,0.0
1503,1503,NL_Coal,2030,1,9,12,0.0
1504,1504,NL_Coal,2030,1,13,16,0.0
1505,1505,NL_Coal,2030,1,17,20,0.0
1506,1506,NL_Coal,2030,1,21,24,0.0
1507,1507,NL_Coal,2030,2,1,4,0.0
1508,1508,NL_Coal,2030,2,5,8,0.0
1509,1509,NL_Coal,2030,2,9,12,0.0
1510,1510,NL_Coal,2030,2,13,16,0.0
1511,1511,NL_Coal,2030,2,17,20,0.0
1512,1512,NL_Coal,2030,2,21,24,0.0
1513,1513,NL_Coal,2030,3,1,4,0.0
1514,1514,NL_Coal,2030,3,5,8,0.0
1515,1515,NL_Coal,2030,3,9,12,0.0
1516,1516,NL_Coal,2030,3,13,16,0.0
1517,1517,NL_Coal,2030,3,17,20,0.0
1518,1518,NL_Coal,2030,3,21,24,0.0
1519,1519,NL_Coal,2030,4,1,4,0.0
1520,1520,NL_Coal,2030,4,5,8,0.0
1521,1521,NL_Coal,2030,4,9,12,0.0
1522,1522,NL_Coal,2030,4,13,16,0.0
1523,1523,NL_Coal,2030,4,17,20,0.0
1524,1524,NL_Coal,2030,4,21,24,0.0
1525,1525,NL_Coal,2030,5,1,4,0.0
1526,1526,NL_Coal,2030,5,5,8,0.0
1527,1527,NL_Coal,2030,5,9,12,0.0
1528,1528,NL_Coal,2030,5,13,16,0.0
1529,1529,NL_Coal,2030,5,17,20,0.0
1530,1530,NL_Coal,2030,5,21,24,0.0
1531,1531,NL_Coal,2030,6,1,4,0.0
1532,1532,NL_Coal,2030,6,5,8,0.0
1533,1533,NL_Coal,2030,6,9,12,0.0
1534,1534,NL_Coal,2030,6,13,16,0.0
1535,1535,NL_Coal,2030,6,17,20,0.0
1536,1536,NL_Coal,2030,6,21,24,0.0
1537,1537,NL_Coal,2030,7,1,4,0.0
1538,1538,NL_Coal,2030,7,5,8,0.0
1539,1539,NL_Coal,2030,7,9,12,0.0
1540,1540,NL_Coal,2030,7,13,16,0.0
1541,1541,NL_Coal,2030,7,17,20,0.0
1542,1542,NL_Coal,2030,7,21,24,0.0
1543,1543,NL_Coal,2030,8,1,4,0.0
1544,1544,NL_Coal,2030,8,5,8,0.0
1545,1545,NL_Coal,2030,8,9,12,0.0
1546,1546,NL_Coal,2030,8,13,16,0.0
1547,1547,NL_Coal,2030,8,17,20,0.0
1548,1548,NL_Coal,2030,8,21,24,0.0
1549,1549,NL_Coal,2030,9,1,4,0.0
1550,1550,NL_Coal,2030,9,5,8,0.0
1551,1551,NL_Coal,2030,9,9,12,0.0
1552,1552,NL_Coal,2030,9,13,16,0.0
1553,1553,NL_Coal,2030,9,17,20,0.0
1554,1554,NL_Coal,2030,9,21,24,0.0
1555,1555,NL_Coal,2030,10,1,4,0.0
1556,1556,NL_Coal,2030,10,5,8,0.0
1557,1557,NL_Coal,2030,10,9,12,0.0
1558,1558,NL_Coal,2030,10,13,16,0.0
1559,1559,NL_Coal,2030,10,17,20,0.0
1560,1560,NL_Coal,2030,10,21,24,0.0
1561,1561,NL_Nuclear,2030,1,1,4,0.0
1562,1562,NL_Nuclear,2030,1,5,8,0.0
1563,1563,NL_Nuclear,2030,1,9,12,0.0
1564,1564,NL_Nuclear,2030,1,13,16,0.0
1565,1565,NL_Nuclear,2030,1,17,20,0.0
1566,1566,NL_Nuclear,2030,1,21,24,0.0
1567,1567,NL_Nuclear,2030,2,1,4,0.0
1568,1568,NL_Nuclear,2030,2,5,8,0.0
1569,1569,NL_Nuclear,2030,2,9,12,0.0
1570,1570,NL_Nuclear,2030,2,13,16,0.0
1571,1571,NL_Nuclear,2030,2,17,20,0.0
1572,1572,NL_Nuclear,2030,2,21,24,0.0
1573,1573,NL_Nuclear,2030,3,1,4,0.0
1574,1574,NL_Nuclear,2030,3,5,8,0.0
1575,1575,NL_Nuclear,2030,3,9,12,0.0
1576,1576,NL_Nuclear,2030,3,13,16,0.0
1577,1577,NL_Nuclear,2030,3,17,20,0.0
1578,1578,NL_Nuclear,2030,3,21,24,0.0
1579,1579,NL_Nuclear,2030,4,1,4,0.0
1580,1580,NL_Nuclear,2030,4,5,8,0.0
1581,1581,NL_Nuclear,2030,4,9,12,0.0
1582,1582,NL_Nuclear,2030,4,13,16,0.0
1583,1583,NL_Nuclear,2030,4,17,20,0.0
1584,1584,NL_Nuclear,2030,4,21,24,0.0
1585,1585,NL_Nuclear,2030,5,1,4,0.0
1586,1586,NL_Nuclear,2030,5,5,8,0.0
1587,1587,NL_Nuclear,2030,5,9,12,0.0
1588,1588,NL_Nuclear,2030,5,13,16,0.0
1589,1589,NL_Nuclear,2030,5,17,20,0.0
1590,1590,NL_Nuclear,2030,5,21,24,0.0
1591,1591,NL_Nuclear,2030,6,1,4,0.0
1592,1592,NL_Nuclear,2030,6,5,8,0.0
1593,1593,NL_Nuclear,2030,6,9,12,0.0
1594,1594,NL_Nuclear,2030,6,13,16,0.0
1595,1595,NL_Nuclear,2030,6,17,20,0.0
1596,1596,NL_Nuclear,2030,6,21,24,0.0
1597,1597,NL_Nuclear,2030,7,1,4,0.0
1598,1598,NL_Nuclear,2030,7,5,8,0.0
1599,1599,NL_Nuclear,2030,7,9,12,0.0
1600,1600,NL_Nuclear,2030,7,13,16,0.0
1601,1601,NL_Nuclear,2030,7,17,20,0.0
1602,1602,NL_Nuclear,2030,7,21,24,0.0
1603,1603,NL_Nuclear,2030,8,1,4,0.0
1604,1604,NL_Nuclear,2030,8,5,8,0.0
1605,1605,NL_Nuclear,2030,8,9,12,0.0
1606,1606,NL_Nuclear,2030,8,13,16,0.0
1607,1607,NL_Nuclear,2030,8,17,20,0.0
1608,1608,NL_Nuclear,2030,8,21,24,0.0
1609,1609,NL_Nuclear,2030,9,1,4,0.0
1610,1610,NL_Nuclear,2030,9,5,8,0.0
1611,1611,NL_Nuclear,2030,9,9,12,0.0
1612,1612,NL_Nuclear,2030,9,13,16,0.0
1613,1613,NL_Nuclear,2030,9,17,20,0.0
1614,1614,NL_Nuclear,2030,9,21,24,0.0
1615,1615,NL_Nuclear,2030,10,1,4,0.0
1616,1616,NL_Nuclear,2030,10,5,8,0.0
1617,1617,NL_Nuclear,2030,10,9,12,0.0
1618,1618,NL_Nuclear,2030,10,13,16,0.0
1619,1619,NL_Nuclear,2030,10,17,20,0.0
1620,1620,NL_Nuclear,2030,10,21,24,0.0
1621,1621,NL_OCGT,2030,1,1,4,0.0
1622,1622,NL_OCGT,2030,1,5,8,0.0
1623,1623,NL_OCGT,2030,1,9,12,0.0
1624,1624,NL_OCGT,2030,1,13,16,0.0
1625,1625,NL_OCGT,2030,1,17,20,0.0
1626,1626,NL_OCGT,2030,1,21,24,0.0
1627,1627,NL_OCGT,2030,2,1,4,0.0
1628,1628,NL_OCGT,2030,2,5,8,0.0
1629,1629,NL_OCGT,2030,2,9,12,0.0
1630,1630,NL_OCGT,2030,2,13,16,0.0
1631,1631,NL_OCGT,2030,2,17,20,0.0
1632,1632,NL_OCGT,2030,2,21,24,0.0
1633,1633,NL_OCGT,2030,3,1,4,0.0
1634,1634,NL_OCGT,2030,3,5,8,0.0
1635,1635,NL_OCGT,2030,3,9,12,0.0
1636,1636,NL_OCGT,2030,3,13,16,0.0
1637,1637,NL_OCGT,2030,3,17,20,0.0
1638,1638,NL_OCGT,2030,3,21,24,0.0
1639,1639,NL_OCGT,2030,4,1,4,0.0
1640,1640,NL_OCGT,2030,4,5,8,0.0
1641,1641,NL_OCGT,2030,4,9,12,0.0
1642,1642,NL_OCGT,2030,4,13,16,0.0
1643,1643,NL_OCGT,2030,4,17,20,0.0
1644,1644,NL_OCGT,2030,4,21,24,0.0
1645,1645,NL_OCGT,2030,5,1,4,0.0
1646,1646,NL_OCGT,2030,5,5,8,0.0
1647,1647,NL_OCGT,2030,5,9,12,0.0
1648,1648,NL_OCGT,2030,5,13,16,0.0
1649,1649,NL_OCGT,2030,5,17,20,0.0
1650,1650,NL_OCGT,2030,5,21,24,0.0
1651,1651,NL_OCGT,2030,6,1,4,0.0
1652,1652,NL_OCGT,2030,6,5,8,0.0
1653,1653,NL_OCGT,2030,6,9,12,0.0
1654,1654,NL_OCGT,2030,6,13,16,0.0
1655,1655,NL_OCGT,2030,6,17,20,0.0
1656,1656,NL_OCGT,2030,6,21,24,0.0
1657,1657,NL_OCGT,2030,7,1,4,0.0
1658,1658,NL_OCGT,2030,7,5,8,0.0
1659,1659,NL_OCGT,2030,7,9,12,0.0
1660,1660,NL_OCGT,2030,7,13,16,0.0
1661,1661,NL_OCGT,2030,7,17,20,0.0
1662,1662,NL_OCGT,2030,7,21,24,0.0
1663,1663,NL_OCGT,2030,8,1,4,0.0
1664,1664,NL_OCGT,2030,8,5,8,0.0
1665,1665,NL_OCGT,2030,8,9,12,0.0
1666,1666,NL_OCGT,2030,8,13,16,0.0
1667,1667,NL_OCGT,2030,8,17,20,0.0
1668,1668,NL_OCGT,2030,8,21,24,0.0
1669,1669,NL_OCGT,2030,9,1,4,0.0
1670,1670,NL_OCGT,2030,9,5,8,0.0
1671,1671,NL_OCGT,2030,9,9,12,0.0
1672,1672,NL_OCGT,2030,9,13,16,0.0
1673,1673,NL_OCGT,2030,9,17,20,0.0
1674,1674,NL_OCGT,2030,9,21,24,0.0
1675,1675,NL_OCGT,2030,10,1,4,0.0
1676,1676,NL_OCGT,2030,10,5,8,0.0
1677,1677,NL_OCGT,2030,10,9,12,0.0
1678,1678,NL_OCGT,2030,10,13,16,0.0
1679,1679,NL_OCGT,2030,10,17,20,0.0
1680,1680,NL_OCGT,2030,10,21,24,0.0
