id,asset,year,rep_period,time_block_start,time_block_end,dual_balance_hub
1,AT_Balance,2030,1,1,1,0.9381
2,AT_Balance,2030,1,2,2,0.9381
3,AT_Balance,2030,1,3,3,0.9381
4,AT_Balance,2030,1,4,4,0.9381
5,AT_Balance,2030,1,5,5,0.9381
6,AT_Balance,2030,1,6,6,1.749
7,AT_Balance,2030,1,7,7,1.749
8,AT_Balance,2030,1,8,8,1.749
9,AT_Balance,2030,1,9,9,1.749
10,AT_Balance,2030,1,10,10,1.749
11,AT_Balance,2030,1,11,11,1.749
12,AT_Balance,2030,1,12,12,1.749
13,AT_Balance,2030,1,13,13,0.9381
14,AT_Balance,2030,1,14,14,0.9381
15,AT_Balance,2030,1,15,15,0.9381
16,AT_Balance,2030,1,16,16,0.9381
17,AT_Balance,2030,1,17,17,0.9381
18,AT_Balance,2030,1,18,18,1.749
19,AT_Balance,2030,1,19,19,1.749
20,AT_Balance,2030,1,20,20,1.749
21,AT_Balance,2030,1,21,21,1.749
22,AT_Balance,2030,1,22,22,0.9381
23,AT_Balance,2030,1,23,23,0.9381
24,AT_Balance,2030,1,24,24,0.9381
25,AT_Balance,2030,2,1,1,0.066
26,AT_Balance,2030,2,2,2,0.066
27,AT_Balance,2030,2,3,3,0.066
28,AT_Balance,2030,2,4,4,0.066
29,AT_Balance,2030,2,5,5,0.066
30,AT_Balance,2030,2,6,6,0.066
31,AT_Balance,2030,2,7,7,0.5841000000000001
32,AT_Balance,2030,2,8,8,0.5841000000000001
33,AT_Balance,2030,2,9,9,0.5841000000000001
34,AT_Balance,2030,2,10,10,0.5841000000000001
35,AT_Balance,2030,2,11,11,0.5841000000000001
36,AT_Balance,2030,2,12,12,0.5841000000000001
37,AT_Balance,2030,2,13,13,0.066
38,AT_Balance,2030,2,14,14,0.066
39,AT_Balance,2030,2,15,15,0.066
40,AT_Balance,2030,2,16,16,0.066
41,AT_Balance,2030,2,17,17,0.066
42,AT_Balance,2030,2,18,18,0.066
43,AT_Balance,2030,2,19,19,0.066
44,AT_Balance,2030,2,20,20,0.066
45,AT_Balance,2030,2,21,21,0.066
46,AT_Balance,2030,2,22,22,0.066
47,AT_Balance,2030,2,23,23,0.066
48,AT_Balance,2030,2,24,24,0.066
49,AT_Balance,2030,3,1,1,0.5133
50,AT_Balance,2030,3,2,2,0.5133
51,AT_Balance,2030,3,3,3,0.5133
52,AT_Balance,2030,3,4,4,0.5133
53,AT_Balance,2030,3,5,5,0.5133
54,AT_Balance,2030,3,6,6,0.5133
55,AT_Balance,2030,3,7,7,0.9570000000000001
56,AT_Balance,2030,3,8,8,5.073365705666335
57,AT_Balance,2030,3,9,9,5.073365705666335
58,AT_Balance,2030,3,10,10,5.073365705666335
59,AT_Balance,2030,3,11,11,0.5133
60,AT_Balance,2030,3,12,12,0.9570000000000001
61,AT_Balance,2030,3,13,13,0.9570000000000001
62,AT_Balance,2030,3,14,14,0.9570000000000001
63,AT_Balance,2030,3,15,15,0.9570000000000001
64,AT_Balance,2030,3,16,16,1.4789999999999999
65,AT_Balance,2030,3,17,17,1.4789999999999999
66,AT_Balance,2030,3,18,18,14.165965705666332
67,AT_Balance,2030,3,19,19,1.4789999999999999
68,AT_Balance,2030,3,20,20,1.4789999999999999
69,AT_Balance,2030,3,21,21,1.4789999999999999
70,AT_Balance,2030,3,22,22,1.4789999999999999
71,AT_Balance,2030,3,23,23,0.9570000000000001
72,AT_Balance,2030,3,24,24,0.5133
73,AT_Balance,2030,4,1,1,0.4071
74,AT_Balance,2030,4,2,2,0.4071
75,AT_Balance,2030,4,3,3,0.4071
76,AT_Balance,2030,4,4,4,0.4071
77,AT_Balance,2030,4,5,5,0.4071
78,AT_Balance,2030,4,6,6,0.4071
79,AT_Balance,2030,4,7,7,0.4071
80,AT_Balance,2030,4,8,8,0.4071
81,AT_Balance,2030,4,9,9,0.4071
82,AT_Balance,2030,4,10,10,0.4071
83,AT_Balance,2030,4,11,11,0.4071
84,AT_Balance,2030,4,12,12,0.4071
85,AT_Balance,2030,4,13,13,0.4071
86,AT_Balance,2030,4,14,14,0.4071
87,AT_Balance,2030,4,15,15,0.4071
88,AT_Balance,2030,4,16,16,0.4071
89,AT_Balance,2030,4,17,17,0.4071
90,AT_Balance,2030,4,18,18,0.4071
91,AT_Balance,2030,4,19,19,0.4071
92,AT_Balance,2030,4,20,20,0.4071
93,AT_Balance,2030,4,21,21,0.4071
94,AT_Balance,2030,4,22,22,0.4071
95,AT_Balance,2030,4,23,23,0.4071
96,AT_Balance,2030,4,24,24,0.046
97,AT_Balance,2030,5,1,1,0.10400000000000001
98,AT_Balance,2030,5,2,2,0.10400000000000001
99,AT_Balance,2030,5,3,3,0.10400000000000001
100,AT_Balance,2030,5,4,4,0.10400000000000001
101,AT_Balance,2030,5,5,5,0.10400000000000001
102,AT_Balance,2030,5,6,6,0.10400000000000001
103,AT_Balance,2030,5,7,7,0.10400000000000001
104,AT_Balance,2030,5,8,8,0.10400000000000001
105,AT_Balance,2030,5,9,9,0.10400000000000001
106,AT_Balance,2030,5,10,10,0.10400000000000001
107,AT_Balance,2030,5,11,11,0.10400000000000001
108,AT_Balance,2030,5,12,12,0.10400000000000001
109,AT_Balance,2030,5,13,13,0.10400000000000001
110,AT_Balance,2030,5,14,14,0.10400000000000001
111,AT_Balance,2030,5,15,15,0.10400000000000001
112,AT_Balance,2030,5,16,16,0.10400000000000001
113,AT_Balance,2030,5,17,17,0.10400000000000001
114,AT_Balance,2030,5,18,18,0.10400000000000001
115,AT_Balance,2030,5,19,19,0.10400000000000001
116,AT_Balance,2030,5,20,20,0.10400000000000001
117,AT_Balance,2030,5,21,21,0.10400000000000001
118,AT_Balance,2030,5,22,22,0.10400000000000001
119,AT_Balance,2030,5,23,23,0.10400000000000001
120,AT_Balance,2030,5,24,24,0.10400000000000001
121,AT_Balance,2030,6,1,1,0.3186
122,AT_Balance,2030,6,2,2,0.3186
123,AT_Balance,2030,6,3,3,0.3186
124,AT_Balance,2030,6,4,4,0.3186
125,AT_Balance,2030,6,5,5,0.3186
126,AT_Balance,2030,6,6,6,0.3186
127,AT_Balance,2030,6,7,7,0.3186
128,AT_Balance,2030,6,8,8,0.3186
129,AT_Balance,2030,6,9,9,0.3186
130,AT_Balance,2030,6,10,10,0.3186
131,AT_Balance,2030,6,11,11,0.3186
132,AT_Balance,2030,6,12,12,0.3186
133,AT_Balance,2030,6,13,13,0.3186
134,AT_Balance,2030,6,14,14,0.3186
135,AT_Balance,2030,6,15,15,0.3186
136,AT_Balance,2030,6,16,16,0.3186
137,AT_Balance,2030,6,17,17,0.3186
138,AT_Balance,2030,6,18,18,0.3186
139,AT_Balance,2030,6,19,19,0.3186
140,AT_Balance,2030,6,20,20,0.3186
141,AT_Balance,2030,6,21,21,0.3186
142,AT_Balance,2030,6,22,22,0.3186
143,AT_Balance,2030,6,23,23,0.3186
144,AT_Balance,2030,6,24,24,0.3186
145,AT_Balance,2030,7,1,1,0.6549
146,AT_Balance,2030,7,2,2,0.6549
147,AT_Balance,2030,7,3,3,0.6549
148,AT_Balance,2030,7,4,4,0.6549
149,AT_Balance,2030,7,5,5,0.6549
150,AT_Balance,2030,7,6,6,0.6549
151,AT_Balance,2030,7,7,7,1.8869999999999998
152,AT_Balance,2030,7,8,8,1.8869999999999998
153,AT_Balance,2030,7,9,9,1.8869999999999998
154,AT_Balance,2030,7,10,10,1.221
155,AT_Balance,2030,7,11,11,0.6549
156,AT_Balance,2030,7,12,12,0.6549
157,AT_Balance,2030,7,13,13,0.6549
158,AT_Balance,2030,7,14,14,0.6549
159,AT_Balance,2030,7,15,15,0.6549
160,AT_Balance,2030,7,16,16,0.6549
161,AT_Balance,2030,7,17,17,0.6549
162,AT_Balance,2030,7,18,18,2.1525000000000034
163,AT_Balance,2030,7,19,19,1.8869999999999998
164,AT_Balance,2030,7,20,20,1.8869999999999998
165,AT_Balance,2030,7,21,21,1.221
166,AT_Balance,2030,7,22,22,1.221
167,AT_Balance,2030,7,23,23,0.6549
168,AT_Balance,2030,7,24,24,0.6549
169,AT_Balance,2030,8,1,1,0.5487
170,AT_Balance,2030,8,2,2,0.5487
171,AT_Balance,2030,8,3,3,0.5487
172,AT_Balance,2030,8,4,4,0.5487
173,AT_Balance,2030,8,5,5,0.5487
174,AT_Balance,2030,8,6,6,0.5487
175,AT_Balance,2030,8,7,7,0.5487
176,AT_Balance,2030,8,8,8,0.5487
177,AT_Balance,2030,8,9,9,0.5487
178,AT_Balance,2030,8,10,10,0.5487
179,AT_Balance,2030,8,11,11,0.5487
180,AT_Balance,2030,8,12,12,0.5487
181,AT_Balance,2030,8,13,13,0.5487
182,AT_Balance,2030,8,14,14,0.5487
183,AT_Balance,2030,8,15,15,0.5487
184,AT_Balance,2030,8,16,16,0.5487
185,AT_Balance,2030,8,17,17,0.5487
186,AT_Balance,2030,8,18,18,0.5487
187,AT_Balance,2030,8,19,19,0.5487
188,AT_Balance,2030,8,20,20,0.5487
189,AT_Balance,2030,8,21,21,0.5487
190,AT_Balance,2030,8,22,22,0.5487
191,AT_Balance,2030,8,23,23,0.5487
192,AT_Balance,2030,8,24,24,0.5487
193,AT_Balance,2030,9,1,1,0.08600000000000001
194,AT_Balance,2030,9,2,2,0.08600000000000001
195,AT_Balance,2030,9,3,3,0.08600000000000001
196,AT_Balance,2030,9,4,4,0.08600000000000001
197,AT_Balance,2030,9,5,5,0.08600000000000001
198,AT_Balance,2030,9,6,6,0.08600000000000001
199,AT_Balance,2030,9,7,7,0.7611
200,AT_Balance,2030,9,8,8,0.7611
201,AT_Balance,2030,9,9,9,0.7611
202,AT_Balance,2030,9,10,10,0.7611
203,AT_Balance,2030,9,11,11,0.7611
204,AT_Balance,2030,9,12,12,0.7611
205,AT_Balance,2030,9,13,13,0.08600000000000001
206,AT_Balance,2030,9,14,14,0.08600000000000001
207,AT_Balance,2030,9,15,15,0.08600000000000001
208,AT_Balance,2030,9,16,16,0.08600000000000001
209,AT_Balance,2030,9,17,17,0.7611
210,AT_Balance,2030,9,18,18,0.7611
211,AT_Balance,2030,9,19,19,0.7611
212,AT_Balance,2030,9,20,20,0.7611
213,AT_Balance,2030,9,21,21,0.7611
214,AT_Balance,2030,9,22,22,0.7611
215,AT_Balance,2030,9,23,23,0.08600000000000001
216,AT_Balance,2030,9,24,24,0.08600000000000001
217,AT_Balance,2030,10,1,1,0.8142
218,AT_Balance,2030,10,2,2,0.8142
219,AT_Balance,2030,10,3,3,0.8142
220,AT_Balance,2030,10,4,4,0.8142
221,AT_Balance,2030,10,5,5,1.518
222,AT_Balance,2030,10,6,6,1.518
223,AT_Balance,2030,10,7,7,2.3459999999999996
224,AT_Balance,2030,10,8,8,2.3459999999999996
225,AT_Balance,2030,10,9,9,2.3459999999999996
226,AT_Balance,2030,10,10,10,2.3459999999999996
227,AT_Balance,2030,10,11,11,2.1105000000000023
228,AT_Balance,2030,10,12,12,2.1105000000000023
229,AT_Balance,2030,10,13,13,1.518
230,AT_Balance,2030,10,14,14,1.518
231,AT_Balance,2030,10,15,15,1.518
232,AT_Balance,2030,10,16,16,1.518
233,AT_Balance,2030,10,17,17,1.518
234,AT_Balance,2030,10,18,18,2.3459999999999996
235,AT_Balance,2030,10,19,19,2.3459999999999996
236,AT_Balance,2030,10,20,20,1.518
237,AT_Balance,2030,10,21,21,1.518
238,AT_Balance,2030,10,22,22,1.518
239,AT_Balance,2030,10,23,23,1.518
240,AT_Balance,2030,10,24,24,0.8142
241,BE_Balance,2030,1,1,1,0.9381
242,BE_Balance,2030,1,2,2,0.9381
243,BE_Balance,2030,1,3,3,0.9381
244,BE_Balance,2030,1,4,4,0.9381
245,BE_Balance,2030,1,5,5,0.9381
246,BE_Balance,2030,1,6,6,1.749
247,BE_Balance,2030,1,7,7,1.749
248,BE_Balance,2030,1,8,8,1.749
249,BE_Balance,2030,1,9,9,1.749
250,BE_Balance,2030,1,10,10,1.749
251,BE_Balance,2030,1,11,11,1.749
252,BE_Balance,2030,1,12,12,1.749
253,BE_Balance,2030,1,13,13,1.749
254,BE_Balance,2030,1,14,14,0.9381
255,BE_Balance,2030,1,15,15,0.9381
256,BE_Balance,2030,1,16,16,0.9381
257,BE_Balance,2030,1,17,17,0.9381
258,BE_Balance,2030,1,18,18,1.749
259,BE_Balance,2030,1,19,19,1.749
260,BE_Balance,2030,1,20,20,1.749
261,BE_Balance,2030,1,21,21,1.749
262,BE_Balance,2030,1,22,22,0.9381
263,BE_Balance,2030,1,23,23,0.9381
264,BE_Balance,2030,1,24,24,0.9381
265,BE_Balance,2030,2,1,1,0.066
266,BE_Balance,2030,2,2,2,0.066
267,BE_Balance,2030,2,3,3,0.066
268,BE_Balance,2030,2,4,4,0.066
269,BE_Balance,2030,2,5,5,0.066
270,BE_Balance,2030,2,6,6,0.5841000000000001
271,BE_Balance,2030,2,7,7,0.5841000000000001
272,BE_Balance,2030,2,8,8,0.5841000000000001
273,BE_Balance,2030,2,9,9,0.5841000000000001
274,BE_Balance,2030,2,10,10,0.5841000000000001
275,BE_Balance,2030,2,11,11,0.5841000000000001
276,BE_Balance,2030,2,12,12,0.5841000000000001
277,BE_Balance,2030,2,13,13,0.5841000000000001
278,BE_Balance,2030,2,14,14,0.5841000000000001
279,BE_Balance,2030,2,15,15,0.5841000000000001
280,BE_Balance,2030,2,16,16,0.5841000000000001
281,BE_Balance,2030,2,17,17,0.5841000000000001
282,BE_Balance,2030,2,18,18,0.5841000000000001
283,BE_Balance,2030,2,19,19,0.5841000000000001
284,BE_Balance,2030,2,20,20,0.5841000000000001
285,BE_Balance,2030,2,21,21,0.5841000000000001
286,BE_Balance,2030,2,22,22,0.5841000000000001
287,BE_Balance,2030,2,23,23,0.5841000000000001
288,BE_Balance,2030,2,24,24,0.5841000000000001
289,BE_Balance,2030,3,1,1,0.058
290,BE_Balance,2030,3,2,2,0.058
291,BE_Balance,2030,3,3,3,0.058
292,BE_Balance,2030,3,4,4,0.058
293,BE_Balance,2030,3,5,5,0.058
294,BE_Balance,2030,3,6,6,0.058
295,BE_Balance,2030,3,7,7,0.058
296,BE_Balance,2030,3,8,8,0.058
297,BE_Balance,2030,3,9,9,0.058
298,BE_Balance,2030,3,10,10,0.058
299,BE_Balance,2030,3,11,11,0.058
300,BE_Balance,2030,3,12,12,0.058
301,BE_Balance,2030,3,13,13,0.058
302,BE_Balance,2030,3,14,14,0.058
303,BE_Balance,2030,3,15,15,0.058
304,BE_Balance,2030,3,16,16,0.058
305,BE_Balance,2030,3,17,17,0.058
306,BE_Balance,2030,3,18,18,0.058
307,BE_Balance,2030,3,19,19,0.058
308,BE_Balance,2030,3,20,20,0.058
309,BE_Balance,2030,3,21,21,0.058
310,BE_Balance,2030,3,22,22,0.058
311,BE_Balance,2030,3,23,23,0.058
312,BE_Balance,2030,3,24,24,0.058
313,BE_Balance,2030,4,1,1,0.046
314,BE_Balance,2030,4,2,2,0.046
315,BE_Balance,2030,4,3,3,0.046
316,BE_Balance,2030,4,4,4,0.046
317,BE_Balance,2030,4,5,5,0.046
318,BE_Balance,2030,4,6,6,0.046
319,BE_Balance,2030,4,7,7,0.4071
320,BE_Balance,2030,4,8,8,0.4071
321,BE_Balance,2030,4,9,9,0.4071
322,BE_Balance,2030,4,10,10,0.046
323,BE_Balance,2030,4,11,11,0.046
324,BE_Balance,2030,4,12,12,0.046
325,BE_Balance,2030,4,13,13,0.046
326,BE_Balance,2030,4,14,14,0.046
327,BE_Balance,2030,4,15,15,0.046
328,BE_Balance,2030,4,16,16,0.046
329,BE_Balance,2030,4,17,17,0.4071
330,BE_Balance,2030,4,18,18,0.4071
331,BE_Balance,2030,4,19,19,0.4071
332,BE_Balance,2030,4,20,20,0.4071
333,BE_Balance,2030,4,21,21,0.4071
334,BE_Balance,2030,4,22,22,0.4071
335,BE_Balance,2030,4,23,23,0.4071
336,BE_Balance,2030,4,24,24,0.046
337,BE_Balance,2030,5,1,1,0.10400000000000001
338,BE_Balance,2030,5,2,2,0.10400000000000001
339,BE_Balance,2030,5,3,3,0.10400000000000001
340,BE_Balance,2030,5,4,4,0.10400000000000001
341,BE_Balance,2030,5,5,5,0.10400000000000001
342,BE_Balance,2030,5,6,6,0.10400000000000001
343,BE_Balance,2030,5,7,7,0.10400000000000001
344,BE_Balance,2030,5,8,8,0.10400000000000001
345,BE_Balance,2030,5,9,9,0.10400000000000001
346,BE_Balance,2030,5,10,10,0.10400000000000001
347,BE_Balance,2030,5,11,11,0.10400000000000001
348,BE_Balance,2030,5,12,12,0.10400000000000001
349,BE_Balance,2030,5,13,13,0.10400000000000001
350,BE_Balance,2030,5,14,14,0.10400000000000001
351,BE_Balance,2030,5,15,15,0.10400000000000001
352,BE_Balance,2030,5,16,16,0.10400000000000001
353,BE_Balance,2030,5,17,17,0.10400000000000001
354,BE_Balance,2030,5,18,18,0.10400000000000001
355,BE_Balance,2030,5,19,19,0.10400000000000001
356,BE_Balance,2030,5,20,20,0.10400000000000001
357,BE_Balance,2030,5,21,21,0.10400000000000001
358,BE_Balance,2030,5,22,22,0.10400000000000001
359,BE_Balance,2030,5,23,23,0.10400000000000001
360,BE_Balance,2030,5,24,24,0.10400000000000001
361,BE_Balance,2030,6,1,1,0.3186
362,BE_Balance,2030,6,2,2,0.3186
363,BE_Balance,2030,6,3,3,0.3186
364,BE_Balance,2030,6,4,4,0.3186
365,BE_Balance,2030,6,5,5,0.3186
366,BE_Balance,2030,6,6,6,0.3186
367,BE_Balance,2030,6,7,7,0.3186
368,BE_Balance,2030,6,8,8,0.3186
369,BE_Balance,2030,6,9,9,0.3186
370,BE_Balance,2030,6,10,10,0.3186
371,BE_Balance,2030,6,11,11,0.3186
372,BE_Balance,2030,6,12,12,0.3186
373,BE_Balance,2030,6,13,13,0.3186
374,BE_Balance,2030,6,14,14,0.3186
375,BE_Balance,2030,6,15,15,0.3186
376,BE_Balance,2030,6,16,16,0.3186
377,BE_Balance,2030,6,17,17,0.3186
378,BE_Balance,2030,6,18,18,0.3186
379,BE_Balance,2030,6,19,19,0.3186
380,BE_Balance,2030,6,20,20,0.3186
381,BE_Balance,2030,6,21,21,0.3186
382,BE_Balance,2030,6,22,22,0.3186
383,BE_Balance,2030,6,23,23,0.3186
384,BE_Balance,2030,6,24,24,0.3186
385,BE_Balance,2030,7,1,1,0.6549
386,BE_Balance,2030,7,2,2,0.6549
387,BE_Balance,2030,7,3,3,0.6549
388,BE_Balance,2030,7,4,4,0.6549
389,BE_Balance,2030,7,5,5,1.221
390,BE_Balance,2030,7,6,6,1.221
391,BE_Balance,2030,7,7,7,1.8869999999999998
392,BE_Balance,2030,7,8,8,1.8869999999999998
393,BE_Balance,2030,7,9,9,1.8869999999999998
394,BE_Balance,2030,7,10,10,1.8869999999999998
395,BE_Balance,2030,7,11,11,1.8869999999999998
396,BE_Balance,2030,7,12,12,1.8869999999999998
397,BE_Balance,2030,7,13,13,1.8869999999999998
398,BE_Balance,2030,7,14,14,1.221
399,BE_Balance,2030,7,15,15,1.221
400,BE_Balance,2030,7,16,16,1.221
401,BE_Balance,2030,7,17,17,1.221
402,BE_Balance,2030,7,18,18,2.1525000000000034
403,BE_Balance,2030,7,19,19,2.1525000000000034
404,BE_Balance,2030,7,20,20,2.1525000000000034
405,BE_Balance,2030,7,21,21,1.221
406,BE_Balance,2030,7,22,22,1.221
407,BE_Balance,2030,7,23,23,0.6549
408,BE_Balance,2030,7,24,24,0.6549
409,BE_Balance,2030,8,1,1,0.062
410,BE_Balance,2030,8,2,2,0.062
411,BE_Balance,2030,8,3,3,0.062
412,BE_Balance,2030,8,4,4,0.062
413,BE_Balance,2030,8,5,5,0.062
414,BE_Balance,2030,8,6,6,0.062
415,BE_Balance,2030,8,7,7,0.062
416,BE_Balance,2030,8,8,8,0.062
417,BE_Balance,2030,8,9,9,0.062
418,BE_Balance,2030,8,10,10,0.062
419,BE_Balance,2030,8,11,11,0.062
420,BE_Balance,2030,8,12,12,0.062
421,BE_Balance,2030,8,13,13,0.062
422,BE_Balance,2030,8,14,14,0.062
423,BE_Balance,2030,8,15,15,0.062
424,BE_Balance,2030,8,16,16,0.062
425,BE_Balance,2030,8,17,17,0.062
426,BE_Balance,2030,8,18,18,0.062
427,BE_Balance,2030,8,19,19,0.062
428,BE_Balance,2030,8,20,20,0.062
429,BE_Balance,2030,8,21,21,0.062
430,BE_Balance,2030,8,22,22,0.062
431,BE_Balance,2030,8,23,23,0.062
432,BE_Balance,2030,8,24,24,0.062
433,BE_Balance,2030,9,1,1,0.08600000000000001
434,BE_Balance,2030,9,2,2,0.08600000000000001
435,BE_Balance,2030,9,3,3,0.08600000000000001
436,BE_Balance,2030,9,4,4,0.08600000000000001
437,BE_Balance,2030,9,5,5,0.08600000000000001
438,BE_Balance,2030,9,6,6,0.08600000000000001
439,BE_Balance,2030,9,7,7,0.08600000000000001
440,BE_Balance,2030,9,8,8,0.08600000000000001
441,BE_Balance,2030,9,9,9,0.08600000000000001
442,BE_Balance,2030,9,10,10,0.08600000000000001
443,BE_Balance,2030,9,11,11,0.08600000000000001
444,BE_Balance,2030,9,12,12,0.7611
445,BE_Balance,2030,9,13,13,0.08600000000000001
446,BE_Balance,2030,9,14,14,0.08600000000000001
447,BE_Balance,2030,9,15,15,0.08600000000000001
448,BE_Balance,2030,9,16,16,0.08600000000000001
449,BE_Balance,2030,9,17,17,0.08600000000000001
450,BE_Balance,2030,9,18,18,0.7611
451,BE_Balance,2030,9,19,19,0.7611
452,BE_Balance,2030,9,20,20,0.7611
453,BE_Balance,2030,9,21,21,0.7611
454,BE_Balance,2030,9,22,22,0.7611
455,BE_Balance,2030,9,23,23,0.7611
456,BE_Balance,2030,9,24,24,0.08600000000000001
457,BE_Balance,2030,10,1,1,1.518
458,BE_Balance,2030,10,2,2,1.518
459,BE_Balance,2030,10,3,3,1.518
460,BE_Balance,2030,10,4,4,1.0626999999999998
461,BE_Balance,2030,10,5,5,1.518
462,BE_Balance,2030,10,6,6,1.518
463,BE_Balance,2030,10,7,7,1.518
464,BE_Balance,2030,10,8,8,1.518
465,BE_Balance,2030,10,9,9,1.518
466,BE_Balance,2030,10,10,10,1.518
467,BE_Balance,2030,10,11,11,2.1105000000000023
468,BE_Balance,2030,10,12,12,2.1105000000000023
469,BE_Balance,2030,10,13,13,2.1105000000000023
470,BE_Balance,2030,10,14,14,2.1105000000000023
471,BE_Balance,2030,10,15,15,2.1105000000000023
472,BE_Balance,2030,10,16,16,2.3459999999999996
473,BE_Balance,2030,10,17,17,8.758065705666336
474,BE_Balance,2030,10,18,18,21.479131411332673
475,BE_Balance,2030,10,19,19,2.3459999999999996
476,BE_Balance,2030,10,20,20,1.518
477,BE_Balance,2030,10,21,21,1.518
478,BE_Balance,2030,10,22,22,1.518
479,BE_Balance,2030,10,23,23,1.518
480,BE_Balance,2030,10,24,24,0.8142
481,CH_Balance,2030,1,1,1,0.9381
482,CH_Balance,2030,1,2,2,0.9381
483,CH_Balance,2030,1,3,3,0.9381
484,CH_Balance,2030,1,4,4,0.9381
485,CH_Balance,2030,1,5,5,0.9381
486,CH_Balance,2030,1,6,6,1.749
487,CH_Balance,2030,1,7,7,1.749
488,CH_Balance,2030,1,8,8,1.749
489,CH_Balance,2030,1,9,9,1.749
490,CH_Balance,2030,1,10,10,0.9381
491,CH_Balance,2030,1,11,11,0.9381
492,CH_Balance,2030,1,12,12,0.9381
493,CH_Balance,2030,1,13,13,0.9381
494,CH_Balance,2030,1,14,14,0.9381
495,CH_Balance,2030,1,15,15,0.9381
496,CH_Balance,2030,1,16,16,0.9381
497,CH_Balance,2030,1,17,17,0.9381
498,CH_Balance,2030,1,18,18,1.749
499,CH_Balance,2030,1,19,19,1.749
500,CH_Balance,2030,1,20,20,1.749
501,CH_Balance,2030,1,21,21,1.749
502,CH_Balance,2030,1,22,22,0.9381
503,CH_Balance,2030,1,23,23,0.9381
504,CH_Balance,2030,1,24,24,0.9381
505,CH_Balance,2030,2,1,1,0.5841000000000001
506,CH_Balance,2030,2,2,2,0.5841000000000001
507,CH_Balance,2030,2,3,3,0.5841000000000001
508,CH_Balance,2030,2,4,4,0.5841000000000001
509,CH_Balance,2030,2,5,5,0.5841000000000001
510,CH_Balance,2030,2,6,6,0.5841000000000001
511,CH_Balance,2030,2,7,7,0.5841000000000001
512,CH_Balance,2030,2,8,8,0.5841000000000001
513,CH_Balance,2030,2,9,9,0.5841000000000001
514,CH_Balance,2030,2,10,10,0.5841000000000001
515,CH_Balance,2030,2,11,11,0.5841000000000001
516,CH_Balance,2030,2,12,12,0.5841000000000001
517,CH_Balance,2030,2,13,13,0.5841000000000001
518,CH_Balance,2030,2,14,14,0.5841000000000001
519,CH_Balance,2030,2,15,15,0.5841000000000001
520,CH_Balance,2030,2,16,16,0.5841000000000001
521,CH_Balance,2030,2,17,17,0.5841000000000001
522,CH_Balance,2030,2,18,18,0.5841000000000001
523,CH_Balance,2030,2,19,19,0.5841000000000001
524,CH_Balance,2030,2,20,20,0.5841000000000001
525,CH_Balance,2030,2,21,21,0.5841000000000001
526,CH_Balance,2030,2,22,22,0.5841000000000001
527,CH_Balance,2030,2,23,23,0.5841000000000001
528,CH_Balance,2030,2,24,24,0.5841000000000001
529,CH_Balance,2030,3,1,1,0.5133
530,CH_Balance,2030,3,2,2,0.5133
531,CH_Balance,2030,3,3,3,0.5133
532,CH_Balance,2030,3,4,4,0.5133
533,CH_Balance,2030,3,5,5,0.5133
534,CH_Balance,2030,3,6,6,0.5133
535,CH_Balance,2030,3,7,7,0.9570000000000001
536,CH_Balance,2030,3,8,8,5.073365705666335
537,CH_Balance,2030,3,9,9,5.073365705666335
538,CH_Balance,2030,3,10,10,5.073365705666335
539,CH_Balance,2030,3,11,11,0.5133
540,CH_Balance,2030,3,12,12,0.5133
541,CH_Balance,2030,3,13,13,0.5133
542,CH_Balance,2030,3,14,14,0.5133
543,CH_Balance,2030,3,15,15,0.5133
544,CH_Balance,2030,3,16,16,0.5133
545,CH_Balance,2030,3,17,17,1.4789999999999999
546,CH_Balance,2030,3,18,18,14.165965705666332
547,CH_Balance,2030,3,19,19,1.4789999999999999
548,CH_Balance,2030,3,20,20,1.4789999999999999
549,CH_Balance,2030,3,21,21,1.4789999999999999
550,CH_Balance,2030,3,22,22,1.4789999999999999
551,CH_Balance,2030,3,23,23,0.9570000000000001
552,CH_Balance,2030,3,24,24,0.5133
553,CH_Balance,2030,4,1,1,0.4071
554,CH_Balance,2030,4,2,2,0.4071
555,CH_Balance,2030,4,3,3,0.4071
556,CH_Balance,2030,4,4,4,0.4071
557,CH_Balance,2030,4,5,5,0.4071
558,CH_Balance,2030,4,6,6,0.759
559,CH_Balance,2030,4,7,7,0.759
560,CH_Balance,2030,4,8,8,0.759
561,CH_Balance,2030,4,9,9,0.759
562,CH_Balance,2030,4,10,10,0.4071
563,CH_Balance,2030,4,11,11,0.4071
564,CH_Balance,2030,4,12,12,0.4071
565,CH_Balance,2030,4,13,13,0.4071
566,CH_Balance,2030,4,14,14,0.4071
567,CH_Balance,2030,4,15,15,0.4071
568,CH_Balance,2030,4,16,16,0.4071
569,CH_Balance,2030,4,17,17,0.4071
570,CH_Balance,2030,4,18,18,0.4071
571,CH_Balance,2030,4,19,19,0.4071
572,CH_Balance,2030,4,20,20,0.4071
573,CH_Balance,2030,4,21,21,0.4071
574,CH_Balance,2030,4,22,22,0.4071
575,CH_Balance,2030,4,23,23,0.4071
576,CH_Balance,2030,4,24,24,0.4071
577,CH_Balance,2030,5,1,1,0.9204
578,CH_Balance,2030,5,2,2,0.9204
579,CH_Balance,2030,5,3,3,0.9204
580,CH_Balance,2030,5,4,4,0.9204
581,CH_Balance,2030,5,5,5,0.9204
582,CH_Balance,2030,5,6,6,0.9204
583,CH_Balance,2030,5,7,7,0.9204
584,CH_Balance,2030,5,8,8,0.9204
585,CH_Balance,2030,5,9,9,0.9204
586,CH_Balance,2030,5,10,10,0.9204
587,CH_Balance,2030,5,11,11,0.9204
588,CH_Balance,2030,5,12,12,0.9204
589,CH_Balance,2030,5,13,13,0.9204
590,CH_Balance,2030,5,14,14,0.9204
591,CH_Balance,2030,5,15,15,0.9204
592,CH_Balance,2030,5,16,16,0.9204
593,CH_Balance,2030,5,17,17,0.9204
594,CH_Balance,2030,5,18,18,0.9204
595,CH_Balance,2030,5,19,19,0.9204
596,CH_Balance,2030,5,20,20,0.9204
597,CH_Balance,2030,5,21,21,0.9204
598,CH_Balance,2030,5,22,22,0.9204
599,CH_Balance,2030,5,23,23,0.9204
600,CH_Balance,2030,5,24,24,0.9204
601,CH_Balance,2030,6,1,1,0.3186
602,CH_Balance,2030,6,2,2,0.3186
603,CH_Balance,2030,6,3,3,0.3186
604,CH_Balance,2030,6,4,4,0.3186
605,CH_Balance,2030,6,5,5,0.3186
606,CH_Balance,2030,6,6,6,0.3186
607,CH_Balance,2030,6,7,7,0.3186
608,CH_Balance,2030,6,8,8,0.3186
609,CH_Balance,2030,6,9,9,0.3186
610,CH_Balance,2030,6,10,10,0.3186
611,CH_Balance,2030,6,11,11,0.3186
612,CH_Balance,2030,6,12,12,0.3186
613,CH_Balance,2030,6,13,13,0.3186
614,CH_Balance,2030,6,14,14,0.3186
615,CH_Balance,2030,6,15,15,0.3186
616,CH_Balance,2030,6,16,16,0.3186
617,CH_Balance,2030,6,17,17,0.3186
618,CH_Balance,2030,6,18,18,0.3186
619,CH_Balance,2030,6,19,19,0.3186
620,CH_Balance,2030,6,20,20,0.3186
621,CH_Balance,2030,6,21,21,0.3186
622,CH_Balance,2030,6,22,22,0.3186
623,CH_Balance,2030,6,23,23,0.3186
624,CH_Balance,2030,6,24,24,0.3186
625,CH_Balance,2030,7,1,1,0.6549
626,CH_Balance,2030,7,2,2,0.6549
627,CH_Balance,2030,7,3,3,0.6549
628,CH_Balance,2030,7,4,4,0.6549
629,CH_Balance,2030,7,5,5,1.221
630,CH_Balance,2030,7,6,6,1.221
631,CH_Balance,2030,7,7,7,1.8869999999999998
632,CH_Balance,2030,7,8,8,1.8869999999999998
633,CH_Balance,2030,7,9,9,1.8869999999999998
634,CH_Balance,2030,7,10,10,1.221
635,CH_Balance,2030,7,11,11,0.6549
636,CH_Balance,2030,7,12,12,0.6549
637,CH_Balance,2030,7,13,13,0.6549
638,CH_Balance,2030,7,14,14,0.6549
639,CH_Balance,2030,7,15,15,0.6549
640,CH_Balance,2030,7,16,16,0.6549
641,CH_Balance,2030,7,17,17,0.6549
642,CH_Balance,2030,7,18,18,2.1525000000000034
643,CH_Balance,2030,7,19,19,2.1525000000000034
644,CH_Balance,2030,7,20,20,2.1525000000000034
645,CH_Balance,2030,7,21,21,1.221
646,CH_Balance,2030,7,22,22,1.221
647,CH_Balance,2030,7,23,23,1.221
648,CH_Balance,2030,7,24,24,0.6549
649,CH_Balance,2030,8,1,1,0.5487
650,CH_Balance,2030,8,2,2,0.5487
651,CH_Balance,2030,8,3,3,0.5487
652,CH_Balance,2030,8,4,4,0.5487
653,CH_Balance,2030,8,5,5,0.5487
654,CH_Balance,2030,8,6,6,0.5487
655,CH_Balance,2030,8,7,7,0.5487
656,CH_Balance,2030,8,8,8,0.5487
657,CH_Balance,2030,8,9,9,0.5487
658,CH_Balance,2030,8,10,10,0.5487
659,CH_Balance,2030,8,11,11,0.062
660,CH_Balance,2030,8,12,12,0.062
661,CH_Balance,2030,8,13,13,0.062
662,CH_Balance,2030,8,14,14,0.062
663,CH_Balance,2030,8,15,15,0.062
664,CH_Balance,2030,8,16,16,0.5487
665,CH_Balance,2030,8,17,17,0.5487
666,CH_Balance,2030,8,18,18,0.5487
667,CH_Balance,2030,8,19,19,0.5487
668,CH_Balance,2030,8,20,20,0.5487
669,CH_Balance,2030,8,21,21,0.5487
670,CH_Balance,2030,8,22,22,0.5487
671,CH_Balance,2030,8,23,23,0.5487
672,CH_Balance,2030,8,24,24,0.5487
673,CH_Balance,2030,9,1,1,0.7611
674,CH_Balance,2030,9,2,2,0.7611
675,CH_Balance,2030,9,3,3,0.7611
676,CH_Balance,2030,9,4,4,0.7611
677,CH_Balance,2030,9,5,5,0.7611
678,CH_Balance,2030,9,6,6,0.7611
679,CH_Balance,2030,9,7,7,0.7611
680,CH_Balance,2030,9,8,8,0.7611
681,CH_Balance,2030,9,9,9,0.7611
682,CH_Balance,2030,9,10,10,0.7611
683,CH_Balance,2030,9,11,11,0.7611
684,CH_Balance,2030,9,12,12,0.7611
685,CH_Balance,2030,9,13,13,0.08600000000000001
686,CH_Balance,2030,9,14,14,0.08600000000000001
687,CH_Balance,2030,9,15,15,0.08600000000000001
688,CH_Balance,2030,9,16,16,0.08600000000000001
689,CH_Balance,2030,9,17,17,0.7611
690,CH_Balance,2030,9,18,18,0.7611
691,CH_Balance,2030,9,19,19,0.7611
692,CH_Balance,2030,9,20,20,0.7611
693,CH_Balance,2030,9,21,21,0.7611
694,CH_Balance,2030,9,22,22,0.7611
695,CH_Balance,2030,9,23,23,0.7611
696,CH_Balance,2030,9,24,24,0.7611
697,CH_Balance,2030,10,1,1,1.518
698,CH_Balance,2030,10,2,2,1.518
699,CH_Balance,2030,10,3,3,1.518
700,CH_Balance,2030,10,4,4,1.518
701,CH_Balance,2030,10,5,5,1.518
702,CH_Balance,2030,10,6,6,1.518
703,CH_Balance,2030,10,7,7,2.3459999999999996
704,CH_Balance,2030,10,8,8,2.3459999999999996
705,CH_Balance,2030,10,9,9,2.3459999999999996
706,CH_Balance,2030,10,10,10,2.3459999999999996
707,CH_Balance,2030,10,11,11,1.518
708,CH_Balance,2030,10,12,12,1.518
709,CH_Balance,2030,10,13,13,0.8142
710,CH_Balance,2030,10,14,14,0.8142
711,CH_Balance,2030,10,15,15,0.8142
712,CH_Balance,2030,10,16,16,0.8142
713,CH_Balance,2030,10,17,17,1.518
714,CH_Balance,2030,10,18,18,2.3459999999999996
715,CH_Balance,2030,10,19,19,2.3459999999999996
716,CH_Balance,2030,10,20,20,1.518
717,CH_Balance,2030,10,21,21,1.518
718,CH_Balance,2030,10,22,22,1.518
719,CH_Balance,2030,10,23,23,1.518
720,CH_Balance,2030,10,24,24,0.8142
721,DE_Balance,2030,1,1,1,0.9381
722,DE_Balance,2030,1,2,2,0.9381
723,DE_Balance,2030,1,3,3,0.9381
724,DE_Balance,2030,1,4,4,0.9381
725,DE_Balance,2030,1,5,5,0.9381
726,DE_Balance,2030,1,6,6,1.749
727,DE_Balance,2030,1,7,7,1.749
728,DE_Balance,2030,1,8,8,1.749
729,DE_Balance,2030,1,9,9,1.749
730,DE_Balance,2030,1,10,10,1.749
731,DE_Balance,2030,1,11,11,1.749
732,DE_Balance,2030,1,12,12,1.749
733,DE_Balance,2030,1,13,13,0.9381
734,DE_Balance,2030,1,14,14,0.9381
735,DE_Balance,2030,1,15,15,0.9381
736,DE_Balance,2030,1,16,16,0.9381
737,DE_Balance,2030,1,17,17,0.9381
738,DE_Balance,2030,1,18,18,1.749
739,DE_Balance,2030,1,19,19,1.749
740,DE_Balance,2030,1,20,20,1.749
741,DE_Balance,2030,1,21,21,1.749
742,DE_Balance,2030,1,22,22,0.9381
743,DE_Balance,2030,1,23,23,0.9381
744,DE_Balance,2030,1,24,24,0.9381
745,DE_Balance,2030,2,1,1,0.066
746,DE_Balance,2030,2,2,2,0.066
747,DE_Balance,2030,2,3,3,0.5841000000000001
748,DE_Balance,2030,2,4,4,0.5841000000000001
749,DE_Balance,2030,2,5,5,0.5841000000000001
750,DE_Balance,2030,2,6,6,0.5841000000000001
751,DE_Balance,2030,2,7,7,0.5841000000000001
752,DE_Balance,2030,2,8,8,0.5841000000000001
753,DE_Balance,2030,2,9,9,0.5841000000000001
754,DE_Balance,2030,2,10,10,0.5841000000000001
755,DE_Balance,2030,2,11,11,0.5841000000000001
756,DE_Balance,2030,2,12,12,0.5841000000000001
757,DE_Balance,2030,2,13,13,0.5841000000000001
758,DE_Balance,2030,2,14,14,0.5841000000000001
759,DE_Balance,2030,2,15,15,0.5841000000000001
760,DE_Balance,2030,2,16,16,0.5841000000000001
761,DE_Balance,2030,2,17,17,0.5841000000000001
762,DE_Balance,2030,2,18,18,0.5841000000000001
763,DE_Balance,2030,2,19,19,0.5841000000000001
764,DE_Balance,2030,2,20,20,0.5841000000000001
765,DE_Balance,2030,2,21,21,0.5841000000000001
766,DE_Balance,2030,2,22,22,0.5841000000000001
767,DE_Balance,2030,2,23,23,0.5841000000000001
768,DE_Balance,2030,2,24,24,0.5841000000000001
769,DE_Balance,2030,3,1,1,0.058
770,DE_Balance,2030,3,2,2,0.058
771,DE_Balance,2030,3,3,3,0.058
772,DE_Balance,2030,3,4,4,0.058
773,DE_Balance,2030,3,5,5,0.058
774,DE_Balance,2030,3,6,6,0.058
775,DE_Balance,2030,3,7,7,0.058
776,DE_Balance,2030,3,8,8,0.058
777,DE_Balance,2030,3,9,9,0.5133
778,DE_Balance,2030,3,10,10,0.5133
779,DE_Balance,2030,3,11,11,0.5133
780,DE_Balance,2030,3,12,12,0.5133
781,DE_Balance,2030,3,13,13,0.5133
782,DE_Balance,2030,3,14,14,0.5133
783,DE_Balance,2030,3,15,15,0.5133
784,DE_Balance,2030,3,16,16,0.5133
785,DE_Balance,2030,3,17,17,0.5133
786,DE_Balance,2030,3,18,18,0.5133
787,DE_Balance,2030,3,19,19,0.5133
788,DE_Balance,2030,3,20,20,0.5133
789,DE_Balance,2030,3,21,21,0.5133
790,DE_Balance,2030,3,22,22,0.058
791,DE_Balance,2030,3,23,23,0.058
792,DE_Balance,2030,3,24,24,0.058
793,DE_Balance,2030,4,1,1,0.4071
794,DE_Balance,2030,4,2,2,0.4071
795,DE_Balance,2030,4,3,3,0.4071
796,DE_Balance,2030,4,4,4,0.4071
797,DE_Balance,2030,4,5,5,0.4071
798,DE_Balance,2030,4,6,6,0.4071
799,DE_Balance,2030,4,7,7,0.4071
800,DE_Balance,2030,4,8,8,0.4071
801,DE_Balance,2030,4,9,9,0.4071
802,DE_Balance,2030,4,10,10,0.4071
803,DE_Balance,2030,4,11,11,0.4071
804,DE_Balance,2030,4,12,12,0.4071
805,DE_Balance,2030,4,13,13,0.4071
806,DE_Balance,2030,4,14,14,0.4071
807,DE_Balance,2030,4,15,15,0.4071
808,DE_Balance,2030,4,16,16,0.4071
809,DE_Balance,2030,4,17,17,0.4071
810,DE_Balance,2030,4,18,18,0.4071
811,DE_Balance,2030,4,19,19,0.4071
812,DE_Balance,2030,4,20,20,0.4071
813,DE_Balance,2030,4,21,21,0.4071
814,DE_Balance,2030,4,22,22,0.4071
815,DE_Balance,2030,4,23,23,0.4071
816,DE_Balance,2030,4,24,24,0.046
817,DE_Balance,2030,5,1,1,0.10400000000000001
818,DE_Balance,2030,5,2,2,0.10400000000000001
819,DE_Balance,2030,5,3,3,0.10400000000000001
820,DE_Balance,2030,5,4,4,0.10400000000000001
821,DE_Balance,2030,5,5,5,0.10400000000000001
822,DE_Balance,2030,5,6,6,0.10400000000000001
823,DE_Balance,2030,5,7,7,0.10400000000000001
824,DE_Balance,2030,5,8,8,0.10400000000000001
825,DE_Balance,2030,5,9,9,0.10400000000000001
826,DE_Balance,2030,5,10,10,0.10400000000000001
827,DE_Balance,2030,5,11,11,0.10400000000000001
828,DE_Balance,2030,5,12,12,0.10400000000000001
829,DE_Balance,2030,5,13,13,0.10400000000000001
830,DE_Balance,2030,5,14,14,0.10400000000000001
831,DE_Balance,2030,5,15,15,0.10400000000000001
832,DE_Balance,2030,5,16,16,0.10400000000000001
833,DE_Balance,2030,5,17,17,0.10400000000000001
834,DE_Balance,2030,5,18,18,0.10400000000000001
835,DE_Balance,2030,5,19,19,0.10400000000000001
836,DE_Balance,2030,5,20,20,0.10400000000000001
837,DE_Balance,2030,5,21,21,0.10400000000000001
838,DE_Balance,2030,5,22,22,0.10400000000000001
839,DE_Balance,2030,5,23,23,0.10400000000000001
840,DE_Balance,2030,5,24,24,0.10400000000000001
841,DE_Balance,2030,6,1,1,0.3186
842,DE_Balance,2030,6,2,2,0.3186
843,DE_Balance,2030,6,3,3,0.3186
844,DE_Balance,2030,6,4,4,0.3186
845,DE_Balance,2030,6,5,5,0.3186
846,DE_Balance,2030,6,6,6,0.3186
847,DE_Balance,2030,6,7,7,0.3186
848,DE_Balance,2030,6,8,8,0.3186
849,DE_Balance,2030,6,9,9,0.3186
850,DE_Balance,2030,6,10,10,0.3186
851,DE_Balance,2030,6,11,11,0.3186
852,DE_Balance,2030,6,12,12,0.3186
853,DE_Balance,2030,6,13,13,0.3186
854,DE_Balance,2030,6,14,14,0.3186
855,DE_Balance,2030,6,15,15,0.3186
856,DE_Balance,2030,6,16,16,0.3186
857,DE_Balance,2030,6,17,17,0.3186
858,DE_Balance,2030,6,18,18,0.3186
859,DE_Balance,2030,6,19,19,0.3186
860,DE_Balance,2030,6,20,20,0.3186
861,DE_Balance,2030,6,21,21,0.3186
862,DE_Balance,2030,6,22,22,0.3186
863,DE_Balance,2030,6,23,23,0.3186
864,DE_Balance,2030,6,24,24,0.3186
865,DE_Balance,2030,7,1,1,0.6549
866,DE_Balance,2030,7,2,2,0.6549
867,DE_Balance,2030,7,3,3,0.6549
868,DE_Balance,2030,7,4,4,0.6549
869,DE_Balance,2030,7,5,5,1.221
870,DE_Balance,2030,7,6,6,1.221
871,DE_Balance,2030,7,7,7,1.8869999999999998
872,DE_Balance,2030,7,8,8,1.8869999999999998
873,DE_Balance,2030,7,9,9,1.8869999999999998
874,DE_Balance,2030,7,10,10,1.8869999999999998
875,DE_Balance,2030,7,11,11,1.221
876,DE_Balance,2030,7,12,12,1.221
877,DE_Balance,2030,7,13,13,1.221
878,DE_Balance,2030,7,14,14,1.221
879,DE_Balance,2030,7,15,15,1.221
880,DE_Balance,2030,7,16,16,1.221
881,DE_Balance,2030,7,17,17,1.221
882,DE_Balance,2030,7,18,18,2.1525000000000034
883,DE_Balance,2030,7,19,19,2.1525000000000034
884,DE_Balance,2030,7,20,20,2.1525000000000034
885,DE_Balance,2030,7,21,21,1.221
886,DE_Balance,2030,7,22,22,1.221
887,DE_Balance,2030,7,23,23,0.6549
888,DE_Balance,2030,7,24,24,0.6549
889,DE_Balance,2030,8,1,1,0.062
890,DE_Balance,2030,8,2,2,0.062
891,DE_Balance,2030,8,3,3,0.062
892,DE_Balance,2030,8,4,4,0.062
893,DE_Balance,2030,8,5,5,0.062
894,DE_Balance,2030,8,6,6,0.062
895,DE_Balance,2030,8,7,7,0.062
896,DE_Balance,2030,8,8,8,0.062
897,DE_Balance,2030,8,9,9,0.062
898,DE_Balance,2030,8,10,10,0.062
899,DE_Balance,2030,8,11,11,0.062
900,DE_Balance,2030,8,12,12,0.062
901,DE_Balance,2030,8,13,13,0.062
902,DE_Balance,2030,8,14,14,0.062
903,DE_Balance,2030,8,15,15,0.062
904,DE_Balance,2030,8,16,16,0.062
905,DE_Balance,2030,8,17,17,0.062
906,DE_Balance,2030,8,18,18,0.062
907,DE_Balance,2030,8,19,19,0.5487
908,DE_Balance,2030,8,20,20,0.5487
909,DE_Balance,2030,8,21,21,0.5487
910,DE_Balance,2030,8,22,22,0.062
911,DE_Balance,2030,8,23,23,0.062
912,DE_Balance,2030,8,24,24,0.062
913,DE_Balance,2030,9,1,1,0.08600000000000001
914,DE_Balance,2030,9,2,2,0.08600000000000001
915,DE_Balance,2030,9,3,3,0.08600000000000001
916,DE_Balance,2030,9,4,4,0.08600000000000001
917,DE_Balance,2030,9,5,5,0.08600000000000001
918,DE_Balance,2030,9,6,6,0.08600000000000001
919,DE_Balance,2030,9,7,7,0.08600000000000001
920,DE_Balance,2030,9,8,8,0.08600000000000001
921,DE_Balance,2030,9,9,9,0.08600000000000001
922,DE_Balance,2030,9,10,10,0.08600000000000001
923,DE_Balance,2030,9,11,11,0.08600000000000001
924,DE_Balance,2030,9,12,12,0.7611
925,DE_Balance,2030,9,13,13,0.08600000000000001
926,DE_Balance,2030,9,14,14,0.08600000000000001
927,DE_Balance,2030,9,15,15,0.08600000000000001
928,DE_Balance,2030,9,16,16,0.08600000000000001
929,DE_Balance,2030,9,17,17,0.08600000000000001
930,DE_Balance,2030,9,18,18,0.7611
931,DE_Balance,2030,9,19,19,0.7611
932,DE_Balance,2030,9,20,20,0.7611
933,DE_Balance,2030,9,21,21,0.7611
934,DE_Balance,2030,9,22,22,0.7611
935,DE_Balance,2030,9,23,23,0.08600000000000001
936,DE_Balance,2030,9,24,24,0.08600000000000001
937,DE_Balance,2030,10,1,1,1.518
938,DE_Balance,2030,10,2,2,1.518
939,DE_Balance,2030,10,3,3,1.518
940,DE_Balance,2030,10,4,4,1.518
941,DE_Balance,2030,10,5,5,1.518
942,DE_Balance,2030,10,6,6,1.518
943,DE_Balance,2030,10,7,7,2.3459999999999996
944,DE_Balance,2030,10,8,8,2.3459999999999996
945,DE_Balance,2030,10,9,9,2.3459999999999996
946,DE_Balance,2030,10,10,10,2.3459999999999996
947,DE_Balance,2030,10,11,11,2.1105000000000023
948,DE_Balance,2030,10,12,12,2.1105000000000023
949,DE_Balance,2030,10,13,13,2.1105000000000023
950,DE_Balance,2030,10,14,14,2.1105000000000023
951,DE_Balance,2030,10,15,15,2.1105000000000023
952,DE_Balance,2030,10,16,16,2.3459999999999996
953,DE_Balance,2030,10,17,17,8.758065705666336
954,DE_Balance,2030,10,18,18,21.479131411332673
955,DE_Balance,2030,10,19,19,2.3459999999999996
956,DE_Balance,2030,10,20,20,1.518
957,DE_Balance,2030,10,21,21,1.518
958,DE_Balance,2030,10,22,22,1.518
959,DE_Balance,2030,10,23,23,1.518
960,DE_Balance,2030,10,24,24,0.8142
961,FR_Balance,2030,1,1,1,0.9381
962,FR_Balance,2030,1,2,2,0.9381
963,FR_Balance,2030,1,3,3,0.9381
964,FR_Balance,2030,1,4,4,0.9381
965,FR_Balance,2030,1,5,5,0.9381
966,FR_Balance,2030,1,6,6,1.749
967,FR_Balance,2030,1,7,7,1.749
968,FR_Balance,2030,1,8,8,1.749
969,FR_Balance,2030,1,9,9,1.749
970,FR_Balance,2030,1,10,10,2.703
971,FR_Balance,2030,1,11,11,2.703
972,FR_Balance,2030,1,12,12,2.703
973,FR_Balance,2030,1,13,13,1.749
974,FR_Balance,2030,1,14,14,0.9381
975,FR_Balance,2030,1,15,15,0.9381
976,FR_Balance,2030,1,16,16,0.9381
977,FR_Balance,2030,1,17,17,0.9381
978,FR_Balance,2030,1,18,18,1.749
979,FR_Balance,2030,1,19,19,1.749
980,FR_Balance,2030,1,20,20,1.749
981,FR_Balance,2030,1,21,21,1.749
982,FR_Balance,2030,1,22,22,1.749
983,FR_Balance,2030,1,23,23,1.749
984,FR_Balance,2030,1,24,24,0.9381
985,FR_Balance,2030,2,1,1,0.066
986,FR_Balance,2030,2,2,2,0.066
987,FR_Balance,2030,2,3,3,0.066
988,FR_Balance,2030,2,4,4,0.066
989,FR_Balance,2030,2,5,5,0.066
990,FR_Balance,2030,2,6,6,0.066
991,FR_Balance,2030,2,7,7,0.066
992,FR_Balance,2030,2,8,8,0.066
993,FR_Balance,2030,2,9,9,0.066
994,FR_Balance,2030,2,10,10,0.066
995,FR_Balance,2030,2,11,11,0.066
996,FR_Balance,2030,2,12,12,0.066
997,FR_Balance,2030,2,13,13,0.066
998,FR_Balance,2030,2,14,14,0.066
999,FR_Balance,2030,2,15,15,0.066
1000,FR_Balance,2030,2,16,16,0.066
1001,FR_Balance,2030,2,17,17,0.066
1002,FR_Balance,2030,2,18,18,0.066
1003,FR_Balance,2030,2,19,19,0.066
1004,FR_Balance,2030,2,20,20,0.066
1005,FR_Balance,2030,2,21,21,0.5841000000000001
1006,FR_Balance,2030,2,22,22,0.5841000000000001
1007,FR_Balance,2030,2,23,23,0.5841000000000001
1008,FR_Balance,2030,2,24,24,0.5841000000000001
1009,FR_Balance,2030,3,1,1,0.058
1010,FR_Balance,2030,3,2,2,0.058
1011,FR_Balance,2030,3,3,3,0.058
1012,FR_Balance,2030,3,4,4,0.058
1013,FR_Balance,2030,3,5,5,0.058
1014,FR_Balance,2030,3,6,6,0.058
1015,FR_Balance,2030,3,7,7,0.058
1016,FR_Balance,2030,3,8,8,0.058
1017,FR_Balance,2030,3,9,9,0.058
1018,FR_Balance,2030,3,10,10,0.058
1019,FR_Balance,2030,3,11,11,0.058
1020,FR_Balance,2030,3,12,12,0.058
1021,FR_Balance,2030,3,13,13,0.058
1022,FR_Balance,2030,3,14,14,0.058
1023,FR_Balance,2030,3,15,15,0.5133
1024,FR_Balance,2030,3,16,16,0.5133
1025,FR_Balance,2030,3,17,17,0.5133
1026,FR_Balance,2030,3,18,18,0.5133
1027,FR_Balance,2030,3,19,19,0.058
1028,FR_Balance,2030,3,20,20,0.058
1029,FR_Balance,2030,3,21,21,0.5133
1030,FR_Balance,2030,3,22,22,0.5133
1031,FR_Balance,2030,3,23,23,0.5133
1032,FR_Balance,2030,3,24,24,0.058
1033,FR_Balance,2030,4,1,1,0.046
1034,FR_Balance,2030,4,2,2,0.046
1035,FR_Balance,2030,4,3,3,0.046
1036,FR_Balance,2030,4,4,4,0.046
1037,FR_Balance,2030,4,5,5,0.046
1038,FR_Balance,2030,4,6,6,0.046
1039,FR_Balance,2030,4,7,7,0.046
1040,FR_Balance,2030,4,8,8,0.046
1041,FR_Balance,2030,4,9,9,0.046
1042,FR_Balance,2030,4,10,10,0.046
1043,FR_Balance,2030,4,11,11,0.046
1044,FR_Balance,2030,4,12,12,0.046
1045,FR_Balance,2030,4,13,13,0.046
1046,FR_Balance,2030,4,14,14,0.046
1047,FR_Balance,2030,4,15,15,0.046
1048,FR_Balance,2030,4,16,16,0.046
1049,FR_Balance,2030,4,17,17,0.046
1050,FR_Balance,2030,4,18,18,0.046
1051,FR_Balance,2030,4,19,19,0.046
1052,FR_Balance,2030,4,20,20,0.046
1053,FR_Balance,2030,4,21,21,0.4071
1054,FR_Balance,2030,4,22,22,0.4071
1055,FR_Balance,2030,4,23,23,0.4071
1056,FR_Balance,2030,4,24,24,0.046
1057,FR_Balance,2030,5,1,1,0.10400000000000001
1058,FR_Balance,2030,5,2,2,0.10400000000000001
1059,FR_Balance,2030,5,3,3,0.10400000000000001
1060,FR_Balance,2030,5,4,4,0.10400000000000001
1061,FR_Balance,2030,5,5,5,0.10400000000000001
1062,FR_Balance,2030,5,6,6,0.10400000000000001
1063,FR_Balance,2030,5,7,7,0.10400000000000001
1064,FR_Balance,2030,5,8,8,0.10400000000000001
1065,FR_Balance,2030,5,9,9,0.10400000000000001
1066,FR_Balance,2030,5,10,10,0.10400000000000001
1067,FR_Balance,2030,5,11,11,0.10400000000000001
1068,FR_Balance,2030,5,12,12,0.10400000000000001
1069,FR_Balance,2030,5,13,13,0.10400000000000001
1070,FR_Balance,2030,5,14,14,0.10400000000000001
1071,FR_Balance,2030,5,15,15,0.10400000000000001
1072,FR_Balance,2030,5,16,16,0.10400000000000001
1073,FR_Balance,2030,5,17,17,0.10400000000000001
1074,FR_Balance,2030,5,18,18,0.10400000000000001
1075,FR_Balance,2030,5,19,19,0.10400000000000001
1076,FR_Balance,2030,5,20,20,0.10400000000000001
1077,FR_Balance,2030,5,21,21,0.10400000000000001
1078,FR_Balance,2030,5,22,22,0.10400000000000001
1079,FR_Balance,2030,5,23,23,0.10400000000000001
1080,FR_Balance,2030,5,24,24,0.10400000000000001
1081,FR_Balance,2030,6,1,1,0.036000000000000004
1082,FR_Balance,2030,6,2,2,0.036000000000000004
1083,FR_Balance,2030,6,3,3,0.036000000000000004
1084,FR_Balance,2030,6,4,4,0.036000000000000004
1085,FR_Balance,2030,6,5,5,0.036000000000000004
1086,FR_Balance,2030,6,6,6,0.036000000000000004
1087,FR_Balance,2030,6,7,7,0.036000000000000004
1088,FR_Balance,2030,6,8,8,0.3186
1089,FR_Balance,2030,6,9,9,0.3186
1090,FR_Balance,2030,6,10,10,0.3186
1091,FR_Balance,2030,6,11,11,0.3186
1092,FR_Balance,2030,6,12,12,0.3186
1093,FR_Balance,2030,6,13,13,0.036000000000000004
1094,FR_Balance,2030,6,14,14,0.036000000000000004
1095,FR_Balance,2030,6,15,15,0.036000000000000004
1096,FR_Balance,2030,6,16,16,0.036000000000000004
1097,FR_Balance,2030,6,17,17,0.036000000000000004
1098,FR_Balance,2030,6,18,18,0.036000000000000004
1099,FR_Balance,2030,6,19,19,0.036000000000000004
1100,FR_Balance,2030,6,20,20,0.036000000000000004
1101,FR_Balance,2030,6,21,21,0.3186
1102,FR_Balance,2030,6,22,22,0.3186
1103,FR_Balance,2030,6,23,23,0.3186
1104,FR_Balance,2030,6,24,24,0.036000000000000004
1105,FR_Balance,2030,7,1,1,0.6549
1106,FR_Balance,2030,7,2,2,0.6549
1107,FR_Balance,2030,7,3,3,0.6549
1108,FR_Balance,2030,7,4,4,0.6549
1109,FR_Balance,2030,7,5,5,1.221
1110,FR_Balance,2030,7,6,6,1.221
1111,FR_Balance,2030,7,7,7,1.8869999999999998
1112,FR_Balance,2030,7,8,8,1.8869999999999998
1113,FR_Balance,2030,7,9,9,1.8869999999999998
1114,FR_Balance,2030,7,10,10,1.8869999999999998
1115,FR_Balance,2030,7,11,11,1.8869999999999998
1116,FR_Balance,2030,7,12,12,1.8869999999999998
1117,FR_Balance,2030,7,13,13,1.8869999999999998
1118,FR_Balance,2030,7,14,14,1.221
1119,FR_Balance,2030,7,15,15,1.221
1120,FR_Balance,2030,7,16,16,1.221
1121,FR_Balance,2030,7,17,17,1.221
1122,FR_Balance,2030,7,18,18,2.1525000000000034
1123,FR_Balance,2030,7,19,19,2.1525000000000034
1124,FR_Balance,2030,7,20,20,2.1525000000000034
1125,FR_Balance,2030,7,21,21,2.1525000000000034
1126,FR_Balance,2030,7,22,22,19.092631411332675
1127,FR_Balance,2030,7,23,23,6.371565705666336
1128,FR_Balance,2030,7,24,24,0.6549
1129,FR_Balance,2030,8,1,1,0.062
1130,FR_Balance,2030,8,2,2,0.062
1131,FR_Balance,2030,8,3,3,0.062
1132,FR_Balance,2030,8,4,4,0.062
1133,FR_Balance,2030,8,5,5,0.062
1134,FR_Balance,2030,8,6,6,0.062
1135,FR_Balance,2030,8,7,7,0.062
1136,FR_Balance,2030,8,8,8,0.062
1137,FR_Balance,2030,8,9,9,0.062
1138,FR_Balance,2030,8,10,10,0.062
1139,FR_Balance,2030,8,11,11,0.062
1140,FR_Balance,2030,8,12,12,0.062
1141,FR_Balance,2030,8,13,13,0.062
1142,FR_Balance,2030,8,14,14,0.062
1143,FR_Balance,2030,8,15,15,0.062
1144,FR_Balance,2030,8,16,16,0.062
1145,FR_Balance,2030,8,17,17,0.062
1146,FR_Balance,2030,8,18,18,0.062
1147,FR_Balance,2030,8,19,19,0.062
1148,FR_Balance,2030,8,20,20,0.062
1149,FR_Balance,2030,8,21,21,0.062
1150,FR_Balance,2030,8,22,22,0.062
1151,FR_Balance,2030,8,23,23,0.062
1152,FR_Balance,2030,8,24,24,0.062
1153,FR_Balance,2030,9,1,1,0.08600000000000001
1154,FR_Balance,2030,9,2,2,0.08600000000000001
1155,FR_Balance,2030,9,3,3,0.08600000000000001
1156,FR_Balance,2030,9,4,4,0.08600000000000001
1157,FR_Balance,2030,9,5,5,0.08600000000000001
1158,FR_Balance,2030,9,6,6,0.08600000000000001
1159,FR_Balance,2030,9,7,7,0.08600000000000001
1160,FR_Balance,2030,9,8,8,0.08600000000000001
1161,FR_Balance,2030,9,9,9,0.08600000000000001
1162,FR_Balance,2030,9,10,10,0.08600000000000001
1163,FR_Balance,2030,9,11,11,0.08600000000000001
1164,FR_Balance,2030,9,12,12,0.7611
1165,FR_Balance,2030,9,13,13,0.08600000000000001
1166,FR_Balance,2030,9,14,14,0.08600000000000001
1167,FR_Balance,2030,9,15,15,0.08600000000000001
1168,FR_Balance,2030,9,16,16,0.08600000000000001
1169,FR_Balance,2030,9,17,17,0.08600000000000001
1170,FR_Balance,2030,9,18,18,0.7611
1171,FR_Balance,2030,9,19,19,0.7611
1172,FR_Balance,2030,9,20,20,0.7611
1173,FR_Balance,2030,9,21,21,0.7611
1174,FR_Balance,2030,9,22,22,0.7611
1175,FR_Balance,2030,9,23,23,0.7611
1176,FR_Balance,2030,9,24,24,0.7611
1177,FR_Balance,2030,10,1,1,1.518
1178,FR_Balance,2030,10,2,2,0.8142
1179,FR_Balance,2030,10,3,3,0.8142
1180,FR_Balance,2030,10,4,4,0.8142
1181,FR_Balance,2030,10,5,5,0.8142
1182,FR_Balance,2030,10,6,6,0.8142
1183,FR_Balance,2030,10,7,7,1.518
1184,FR_Balance,2030,10,8,8,1.518
1185,FR_Balance,2030,10,9,9,1.518
1186,FR_Balance,2030,10,10,10,1.518
1187,FR_Balance,2030,10,11,11,1.518
1188,FR_Balance,2030,10,12,12,1.518
1189,FR_Balance,2030,10,13,13,1.518
1190,FR_Balance,2030,10,14,14,0.8142
1191,FR_Balance,2030,10,15,15,0.8142
1192,FR_Balance,2030,10,16,16,0.8142
1193,FR_Balance,2030,10,17,17,1.518
1194,FR_Balance,2030,10,18,18,1.518
1195,FR_Balance,2030,10,19,19,1.518
1196,FR_Balance,2030,10,20,20,1.518
1197,FR_Balance,2030,10,21,21,1.518
1198,FR_Balance,2030,10,22,22,1.518
1199,FR_Balance,2030,10,23,23,1.518
1200,FR_Balance,2030,10,24,24,0.8142
1201,LU_Balance,2030,1,1,1,0.9381
1202,LU_Balance,2030,1,2,2,0.9381
1203,LU_Balance,2030,1,3,3,0.9381
1204,LU_Balance,2030,1,4,4,0.9381
1205,LU_Balance,2030,1,5,5,0.9381
1206,LU_Balance,2030,1,6,6,1.749
1207,LU_Balance,2030,1,7,7,1.749
1208,LU_Balance,2030,1,8,8,1.749
1209,LU_Balance,2030,1,9,9,1.749
1210,LU_Balance,2030,1,10,10,1.749
1211,LU_Balance,2030,1,11,11,1.749
1212,LU_Balance,2030,1,12,12,1.749
1213,LU_Balance,2030,1,13,13,0.9381
1214,LU_Balance,2030,1,14,14,0.9381
1215,LU_Balance,2030,1,15,15,0.9381
1216,LU_Balance,2030,1,16,16,0.9381
1217,LU_Balance,2030,1,17,17,0.9381
1218,LU_Balance,2030,1,18,18,1.749
1219,LU_Balance,2030,1,19,19,1.749
1220,LU_Balance,2030,1,20,20,1.749
1221,LU_Balance,2030,1,21,21,1.749
1222,LU_Balance,2030,1,22,22,0.9381
1223,LU_Balance,2030,1,23,23,0.9381
1224,LU_Balance,2030,1,24,24,0.9381
1225,LU_Balance,2030,2,1,1,0.066
1226,LU_Balance,2030,2,2,2,0.066
1227,LU_Balance,2030,2,3,3,0.066
1228,LU_Balance,2030,2,4,4,0.066
1229,LU_Balance,2030,2,5,5,0.066
1230,LU_Balance,2030,2,6,6,0.5841000000000001
1231,LU_Balance,2030,2,7,7,0.5841000000000001
1232,LU_Balance,2030,2,8,8,0.5841000000000001
1233,LU_Balance,2030,2,9,9,0.5841000000000001
1234,LU_Balance,2030,2,10,10,0.5841000000000001
1235,LU_Balance,2030,2,11,11,0.5841000000000001
1236,LU_Balance,2030,2,12,12,0.5841000000000001
1237,LU_Balance,2030,2,13,13,0.5841000000000001
1238,LU_Balance,2030,2,14,14,0.5841000000000001
1239,LU_Balance,2030,2,15,15,0.5841000000000001
1240,LU_Balance,2030,2,16,16,0.5841000000000001
1241,LU_Balance,2030,2,17,17,0.5841000000000001
1242,LU_Balance,2030,2,18,18,0.5841000000000001
1243,LU_Balance,2030,2,19,19,0.5841000000000001
1244,LU_Balance,2030,2,20,20,0.5841000000000001
1245,LU_Balance,2030,2,21,21,0.5841000000000001
1246,LU_Balance,2030,2,22,22,0.5841000000000001
1247,LU_Balance,2030,2,23,23,0.5841000000000001
1248,LU_Balance,2030,2,24,24,0.5841000000000001
1249,LU_Balance,2030,3,1,1,0.058
1250,LU_Balance,2030,3,2,2,0.058
1251,LU_Balance,2030,3,3,3,0.058
1252,LU_Balance,2030,3,4,4,0.058
1253,LU_Balance,2030,3,5,5,0.058
1254,LU_Balance,2030,3,6,6,0.058
1255,LU_Balance,2030,3,7,7,0.058
1256,LU_Balance,2030,3,8,8,0.058
1257,LU_Balance,2030,3,9,9,0.058
1258,LU_Balance,2030,3,10,10,0.058
1259,LU_Balance,2030,3,11,11,0.058
1260,LU_Balance,2030,3,12,12,0.058
1261,LU_Balance,2030,3,13,13,0.058
1262,LU_Balance,2030,3,14,14,0.058
1263,LU_Balance,2030,3,15,15,0.5133
1264,LU_Balance,2030,3,16,16,0.5133
1265,LU_Balance,2030,3,17,17,0.5133
1266,LU_Balance,2030,3,18,18,0.5133
1267,LU_Balance,2030,3,19,19,0.5133
1268,LU_Balance,2030,3,20,20,0.5133
1269,LU_Balance,2030,3,21,21,0.5133
1270,LU_Balance,2030,3,22,22,0.058
1271,LU_Balance,2030,3,23,23,0.058
1272,LU_Balance,2030,3,24,24,0.058
1273,LU_Balance,2030,4,1,1,0.046
1274,LU_Balance,2030,4,2,2,0.046
1275,LU_Balance,2030,4,3,3,0.046
1276,LU_Balance,2030,4,4,4,0.046
1277,LU_Balance,2030,4,5,5,0.046
1278,LU_Balance,2030,4,6,6,0.046
1279,LU_Balance,2030,4,7,7,0.4071
1280,LU_Balance,2030,4,8,8,0.4071
1281,LU_Balance,2030,4,9,9,0.4071
1282,LU_Balance,2030,4,10,10,0.046
1283,LU_Balance,2030,4,11,11,0.046
1284,LU_Balance,2030,4,12,12,0.046
1285,LU_Balance,2030,4,13,13,0.046
1286,LU_Balance,2030,4,14,14,0.046
1287,LU_Balance,2030,4,15,15,0.046
1288,LU_Balance,2030,4,16,16,0.046
1289,LU_Balance,2030,4,17,17,0.4071
1290,LU_Balance,2030,4,18,18,0.4071
1291,LU_Balance,2030,4,19,19,0.4071
1292,LU_Balance,2030,4,20,20,0.4071
1293,LU_Balance,2030,4,21,21,0.4071
1294,LU_Balance,2030,4,22,22,0.4071
1295,LU_Balance,2030,4,23,23,0.4071
1296,LU_Balance,2030,4,24,24,0.046
1297,LU_Balance,2030,5,1,1,0.10400000000000001
1298,LU_Balance,2030,5,2,2,0.10400000000000001
1299,LU_Balance,2030,5,3,3,0.10400000000000001
1300,LU_Balance,2030,5,4,4,0.10400000000000001
1301,LU_Balance,2030,5,5,5,0.10400000000000001
1302,LU_Balance,2030,5,6,6,0.10400000000000001
1303,LU_Balance,2030,5,7,7,0.10400000000000001
1304,LU_Balance,2030,5,8,8,0.10400000000000001
1305,LU_Balance,2030,5,9,9,0.10400000000000001
1306,LU_Balance,2030,5,10,10,0.10400000000000001
1307,LU_Balance,2030,5,11,11,0.10400000000000001
1308,LU_Balance,2030,5,12,12,0.10400000000000001
1309,LU_Balance,2030,5,13,13,0.10400000000000001
1310,LU_Balance,2030,5,14,14,0.10400000000000001
1311,LU_Balance,2030,5,15,15,0.10400000000000001
1312,LU_Balance,2030,5,16,16,0.10400000000000001
1313,LU_Balance,2030,5,17,17,0.10400000000000001
1314,LU_Balance,2030,5,18,18,0.10400000000000001
1315,LU_Balance,2030,5,19,19,0.10400000000000001
1316,LU_Balance,2030,5,20,20,0.10400000000000001
1317,LU_Balance,2030,5,21,21,0.10400000000000001
1318,LU_Balance,2030,5,22,22,0.10400000000000001
1319,LU_Balance,2030,5,23,23,0.10400000000000001
1320,LU_Balance,2030,5,24,24,0.10400000000000001
1321,LU_Balance,2030,6,1,1,0.3186
1322,LU_Balance,2030,6,2,2,0.3186
1323,LU_Balance,2030,6,3,3,0.3186
1324,LU_Balance,2030,6,4,4,0.3186
1325,LU_Balance,2030,6,5,5,0.3186
1326,LU_Balance,2030,6,6,6,0.3186
1327,LU_Balance,2030,6,7,7,0.3186
1328,LU_Balance,2030,6,8,8,0.3186
1329,LU_Balance,2030,6,9,9,0.3186
1330,LU_Balance,2030,6,10,10,0.3186
1331,LU_Balance,2030,6,11,11,0.3186
1332,LU_Balance,2030,6,12,12,0.3186
1333,LU_Balance,2030,6,13,13,0.3186
1334,LU_Balance,2030,6,14,14,0.3186
1335,LU_Balance,2030,6,15,15,0.3186
1336,LU_Balance,2030,6,16,16,0.3186
1337,LU_Balance,2030,6,17,17,0.3186
1338,LU_Balance,2030,6,18,18,0.3186
1339,LU_Balance,2030,6,19,19,0.3186
1340,LU_Balance,2030,6,20,20,0.3186
1341,LU_Balance,2030,6,21,21,0.3186
1342,LU_Balance,2030,6,22,22,0.3186
1343,LU_Balance,2030,6,23,23,0.3186
1344,LU_Balance,2030,6,24,24,0.3186
1345,LU_Balance,2030,7,1,1,0.6549
1346,LU_Balance,2030,7,2,2,0.6549
1347,LU_Balance,2030,7,3,3,0.6549
1348,LU_Balance,2030,7,4,4,0.6549
1349,LU_Balance,2030,7,5,5,1.221
1350,LU_Balance,2030,7,6,6,1.221
1351,LU_Balance,2030,7,7,7,1.8869999999999998
1352,LU_Balance,2030,7,8,8,1.8869999999999998
1353,LU_Balance,2030,7,9,9,1.8869999999999998
1354,LU_Balance,2030,7,10,10,1.8869999999999998
1355,LU_Balance,2030,7,11,11,1.8869999999999998
1356,LU_Balance,2030,7,12,12,1.8869999999999998
1357,LU_Balance,2030,7,13,13,1.8869999999999998
1358,LU_Balance,2030,7,14,14,1.221
1359,LU_Balance,2030,7,15,15,1.221
1360,LU_Balance,2030,7,16,16,1.221
1361,LU_Balance,2030,7,17,17,1.221
1362,LU_Balance,2030,7,18,18,2.1525000000000034
1363,LU_Balance,2030,7,19,19,2.1525000000000034
1364,LU_Balance,2030,7,20,20,2.1525000000000034
1365,LU_Balance,2030,7,21,21,1.221
1366,LU_Balance,2030,7,22,22,1.221
1367,LU_Balance,2030,7,23,23,0.6549
1368,LU_Balance,2030,7,24,24,0.6549
1369,LU_Balance,2030,8,1,1,0.062
1370,LU_Balance,2030,8,2,2,0.062
1371,LU_Balance,2030,8,3,3,0.062
1372,LU_Balance,2030,8,4,4,0.062
1373,LU_Balance,2030,8,5,5,0.062
1374,LU_Balance,2030,8,6,6,0.062
1375,LU_Balance,2030,8,7,7,0.062
1376,LU_Balance,2030,8,8,8,0.062
1377,LU_Balance,2030,8,9,9,0.062
1378,LU_Balance,2030,8,10,10,0.062
1379,LU_Balance,2030,8,11,11,0.062
1380,LU_Balance,2030,8,12,12,0.062
1381,LU_Balance,2030,8,13,13,0.062
1382,LU_Balance,2030,8,14,14,0.062
1383,LU_Balance,2030,8,15,15,0.062
1384,LU_Balance,2030,8,16,16,0.062
1385,LU_Balance,2030,8,17,17,0.062
1386,LU_Balance,2030,8,18,18,0.062
1387,LU_Balance,2030,8,19,19,0.062
1388,LU_Balance,2030,8,20,20,0.062
1389,LU_Balance,2030,8,21,21,0.062
1390,LU_Balance,2030,8,22,22,0.062
1391,LU_Balance,2030,8,23,23,0.062
1392,LU_Balance,2030,8,24,24,0.062
1393,LU_Balance,2030,9,1,1,0.08600000000000001
1394,LU_Balance,2030,9,2,2,0.08600000000000001
1395,LU_Balance,2030,9,3,3,0.08600000000000001
1396,LU_Balance,2030,9,4,4,0.08600000000000001
1397,LU_Balance,2030,9,5,5,0.08600000000000001
1398,LU_Balance,2030,9,6,6,0.08600000000000001
1399,LU_Balance,2030,9,7,7,0.08600000000000001
1400,LU_Balance,2030,9,8,8,0.08600000000000001
1401,LU_Balance,2030,9,9,9,0.08600000000000001
1402,LU_Balance,2030,9,10,10,0.08600000000000001
1403,LU_Balance,2030,9,11,11,0.08600000000000001
1404,LU_Balance,2030,9,12,12,0.7611
1405,LU_Balance,2030,9,13,13,0.08600000000000001
1406,LU_Balance,2030,9,14,14,0.08600000000000001
1407,LU_Balance,2030,9,15,15,0.08600000000000001
1408,LU_Balance,2030,9,16,16,0.08600000000000001
1409,LU_Balance,2030,9,17,17,0.08600000000000001
1410,LU_Balance,2030,9,18,18,0.7611
1411,LU_Balance,2030,9,19,19,0.7611
1412,LU_Balance,2030,9,20,20,0.7611
1413,LU_Balance,2030,9,21,21,0.7611
1414,LU_Balance,2030,9,22,22,0.7611
1415,LU_Balance,2030,9,23,23,0.7611
1416,LU_Balance,2030,9,24,24,0.08600000000000001
1417,LU_Balance,2030,10,1,1,1.518
1418,LU_Balance,2030,10,2,2,1.518
1419,LU_Balance,2030,10,3,3,1.518
1420,LU_Balance,2030,10,4,4,1.518
1421,LU_Balance,2030,10,5,5,1.518
1422,LU_Balance,2030,10,6,6,1.518
1423,LU_Balance,2030,10,7,7,1.518
1424,LU_Balance,2030,10,8,8,1.518
1425,LU_Balance,2030,10,9,9,1.518
1426,LU_Balance,2030,10,10,10,1.518
1427,LU_Balance,2030,10,11,11,2.1105000000000023
1428,LU_Balance,2030,10,12,12,2.1105000000000023
1429,LU_Balance,2030,10,13,13,2.1105000000000023
1430,LU_Balance,2030,10,14,14,2.1105000000000023
1431,LU_Balance,2030,10,15,15,2.1105000000000023
1432,LU_Balance,2030,10,16,16,2.3459999999999996
1433,LU_Balance,2030,10,17,17,8.758065705666336
1434,LU_Balance,2030,10,18,18,21.479131411332673
1435,LU_Balance,2030,10,19,19,2.3459999999999996
1436,LU_Balance,2030,10,20,20,1.518
1437,LU_Balance,2030,10,21,21,1.518
1438,LU_Balance,2030,10,22,22,1.518
1439,LU_Balance,2030,10,23,23,1.518
1440,LU_Balance,2030,10,24,24,0.8142
1441,NL_Balance,2030,1,1,1,0.9381
1442,NL_Balance,2030,1,2,2,0.9381
1443,NL_Balance,2030,1,3,3,0.9381
1444,NL_Balance,2030,1,4,4,0.9381
1445,NL_Balance,2030,1,5,5,0.9381
1446,NL_Balance,2030,1,6,6,1.749
1447,NL_Balance,2030,1,7,7,1.749
1448,NL_Balance,2030,1,8,8,1.749
1449,NL_Balance,2030,1,9,9,1.749
1450,NL_Balance,2030,1,10,10,1.749
1451,NL_Balance,2030,1,11,11,1.749
1452,NL_Balance,2030,1,12,12,1.749
1453,NL_Balance,2030,1,13,13,1.749
1454,NL_Balance,2030,1,14,14,1.749
1455,NL_Balance,2030,1,15,15,1.749
1456,NL_Balance,2030,1,16,16,1.749
1457,NL_Balance,2030,1,17,17,0.9381
1458,NL_Balance,2030,1,18,18,1.749
1459,NL_Balance,2030,1,19,19,1.749
1460,NL_Balance,2030,1,20,20,1.749
1461,NL_Balance,2030,1,21,21,0.9381
1462,NL_Balance,2030,1,22,22,0.9381
1463,NL_Balance,2030,1,23,23,0.9381
1464,NL_Balance,2030,1,24,24,0.9381
1465,NL_Balance,2030,2,1,1,0.066
1466,NL_Balance,2030,2,2,2,0.066
1467,NL_Balance,2030,2,3,3,0.066
1468,NL_Balance,2030,2,4,4,0.066
1469,NL_Balance,2030,2,5,5,0.066
1470,NL_Balance,2030,2,6,6,0.5841000000000001
1471,NL_Balance,2030,2,7,7,0.5841000000000001
1472,NL_Balance,2030,2,8,8,0.5841000000000001
1473,NL_Balance,2030,2,9,9,0.5841000000000001
1474,NL_Balance,2030,2,10,10,0.5841000000000001
1475,NL_Balance,2030,2,11,11,0.5841000000000001
1476,NL_Balance,2030,2,12,12,0.5841000000000001
1477,NL_Balance,2030,2,13,13,0.5841000000000001
1478,NL_Balance,2030,2,14,14,0.5841000000000001
1479,NL_Balance,2030,2,15,15,0.5841000000000001
1480,NL_Balance,2030,2,16,16,0.5841000000000001
1481,NL_Balance,2030,2,17,17,0.5841000000000001
1482,NL_Balance,2030,2,18,18,0.5841000000000001
1483,NL_Balance,2030,2,19,19,0.5841000000000001
1484,NL_Balance,2030,2,20,20,0.5841000000000001
1485,NL_Balance,2030,2,21,21,0.5841000000000001
1486,NL_Balance,2030,2,22,22,0.066
1487,NL_Balance,2030,2,23,23,0.066
1488,NL_Balance,2030,2,24,24,0.066
1489,NL_Balance,2030,3,1,1,0.058
1490,NL_Balance,2030,3,2,2,0.058
1491,NL_Balance,2030,3,3,3,0.058
1492,NL_Balance,2030,3,4,4,0.058
1493,NL_Balance,2030,3,5,5,0.058
1494,NL_Balance,2030,3,6,6,0.058
1495,NL_Balance,2030,3,7,7,0.058
1496,NL_Balance,2030,3,8,8,0.058
1497,NL_Balance,2030,3,9,9,0.058
1498,NL_Balance,2030,3,10,10,0.058
1499,NL_Balance,2030,3,11,11,0.058
1500,NL_Balance,2030,3,12,12,0.058
1501,NL_Balance,2030,3,13,13,0.058
1502,NL_Balance,2030,3,14,14,0.058
1503,NL_Balance,2030,3,15,15,0.058
1504,NL_Balance,2030,3,16,16,0.058
1505,NL_Balance,2030,3,17,17,0.058
1506,NL_Balance,2030,3,18,18,0.058
1507,NL_Balance,2030,3,19,19,0.058
1508,NL_Balance,2030,3,20,20,0.058
1509,NL_Balance,2030,3,21,21,0.058
1510,NL_Balance,2030,3,22,22,0.058
1511,NL_Balance,2030,3,23,23,0.058
1512,NL_Balance,2030,3,24,24,0.058
1513,NL_Balance,2030,4,1,1,0.046
1514,NL_Balance,2030,4,2,2,0.046
1515,NL_Balance,2030,4,3,3,0.046
1516,NL_Balance,2030,4,4,4,0.046
1517,NL_Balance,2030,4,5,5,0.046
1518,NL_Balance,2030,4,6,6,0.046
1519,NL_Balance,2030,4,7,7,0.046
1520,NL_Balance,2030,4,8,8,0.4071
1521,NL_Balance,2030,4,9,9,0.4071
1522,NL_Balance,2030,4,10,10,0.046
1523,NL_Balance,2030,4,11,11,0.046
1524,NL_Balance,2030,4,12,12,0.4071
1525,NL_Balance,2030,4,13,13,0.4071
1526,NL_Balance,2030,4,14,14,0.4071
1527,NL_Balance,2030,4,15,15,0.4071
1528,NL_Balance,2030,4,16,16,0.4071
1529,NL_Balance,2030,4,17,17,0.4071
1530,NL_Balance,2030,4,18,18,0.4071
1531,NL_Balance,2030,4,19,19,0.4071
1532,NL_Balance,2030,4,20,20,0.046
1533,NL_Balance,2030,4,21,21,0.046
1534,NL_Balance,2030,4,22,22,0.046
1535,NL_Balance,2030,4,23,23,0.046
1536,NL_Balance,2030,4,24,24,0.046
1537,NL_Balance,2030,5,1,1,0.10400000000000001
1538,NL_Balance,2030,5,2,2,0.10400000000000001
1539,NL_Balance,2030,5,3,3,0.10400000000000001
1540,NL_Balance,2030,5,4,4,0.10400000000000001
1541,NL_Balance,2030,5,5,5,0.10400000000000001
1542,NL_Balance,2030,5,6,6,0.10400000000000001
1543,NL_Balance,2030,5,7,7,0.10400000000000001
1544,NL_Balance,2030,5,8,8,0.10400000000000001
1545,NL_Balance,2030,5,9,9,0.10400000000000001
1546,NL_Balance,2030,5,10,10,0.10400000000000001
1547,NL_Balance,2030,5,11,11,0.10400000000000001
1548,NL_Balance,2030,5,12,12,0.10400000000000001
1549,NL_Balance,2030,5,13,13,0.10400000000000001
1550,NL_Balance,2030,5,14,14,0.10400000000000001
1551,NL_Balance,2030,5,15,15,0.10400000000000001
1552,NL_Balance,2030,5,16,16,0.10400000000000001
1553,NL_Balance,2030,5,17,17,0.10400000000000001
1554,NL_Balance,2030,5,18,18,0.10400000000000001
1555,NL_Balance,2030,5,19,19,0.10400000000000001
1556,NL_Balance,2030,5,20,20,0.10400000000000001
1557,NL_Balance,2030,5,21,21,0.10400000000000001
1558,NL_Balance,2030,5,22,22,0.10400000000000001
1559,NL_Balance,2030,5,23,23,0.10400000000000001
1560,NL_Balance,2030,5,24,24,0.10400000000000001
1561,NL_Balance,2030,6,1,1,0.3186
1562,NL_Balance,2030,6,2,2,0.3186
1563,NL_Balance,2030,6,3,3,0.3186
1564,NL_Balance,2030,6,4,4,0.3186
1565,NL_Balance,2030,6,5,5,0.3186
1566,NL_Balance,2030,6,6,6,0.3186
1567,NL_Balance,2030,6,7,7,0.3186
1568,NL_Balance,2030,6,8,8,0.3186
1569,NL_Balance,2030,6,9,9,0.3186
1570,NL_Balance,2030,6,10,10,0.3186
1571,NL_Balance,2030,6,11,11,0.3186
1572,NL_Balance,2030,6,12,12,0.3186
1573,NL_Balance,2030,6,13,13,0.3186
1574,NL_Balance,2030,6,14,14,0.3186
1575,NL_Balance,2030,6,15,15,0.3186
1576,NL_Balance,2030,6,16,16,0.3186
1577,NL_Balance,2030,6,17,17,0.3186
1578,NL_Balance,2030,6,18,18,0.3186
1579,NL_Balance,2030,6,19,19,0.3186
1580,NL_Balance,2030,6,20,20,0.3186
1581,NL_Balance,2030,6,21,21,0.3186
1582,NL_Balance,2030,6,22,22,0.3186
1583,NL_Balance,2030,6,23,23,0.3186
1584,NL_Balance,2030,6,24,24,0.3186
1585,NL_Balance,2030,7,1,1,0.6549
1586,NL_Balance,2030,7,2,2,0.6549
1587,NL_Balance,2030,7,3,3,0.6549
1588,NL_Balance,2030,7,4,4,0.6549
1589,NL_Balance,2030,7,5,5,1.221
1590,NL_Balance,2030,7,6,6,1.221
1591,NL_Balance,2030,7,7,7,1.8869999999999998
1592,NL_Balance,2030,7,8,8,1.8869999999999998
1593,NL_Balance,2030,7,9,9,1.8869999999999998
1594,NL_Balance,2030,7,10,10,1.8869999999999998
1595,NL_Balance,2030,7,11,11,1.8869999999999998
1596,NL_Balance,2030,7,12,12,1.8869999999999998
1597,NL_Balance,2030,7,13,13,1.8869999999999998
1598,NL_Balance,2030,7,14,14,1.221
1599,NL_Balance,2030,7,15,15,1.221
1600,NL_Balance,2030,7,16,16,1.221
1601,NL_Balance,2030,7,17,17,1.221
1602,NL_Balance,2030,7,18,18,2.1525000000000034
1603,NL_Balance,2030,7,19,19,2.1525000000000034
1604,NL_Balance,2030,7,20,20,2.1525000000000034
1605,NL_Balance,2030,7,21,21,1.221
1606,NL_Balance,2030,7,22,22,1.221
1607,NL_Balance,2030,7,23,23,0.6549
1608,NL_Balance,2030,7,24,24,0.6549
1609,NL_Balance,2030,8,1,1,0.062
1610,NL_Balance,2030,8,2,2,0.062
1611,NL_Balance,2030,8,3,3,0.062
1612,NL_Balance,2030,8,4,4,0.062
1613,NL_Balance,2030,8,5,5,0.062
1614,NL_Balance,2030,8,6,6,0.062
1615,NL_Balance,2030,8,7,7,0.062
1616,NL_Balance,2030,8,8,8,0.062
1617,NL_Balance,2030,8,9,9,0.062
1618,NL_Balance,2030,8,10,10,0.062
1619,NL_Balance,2030,8,11,11,0.062
1620,NL_Balance,2030,8,12,12,0.062
1621,NL_Balance,2030,8,13,13,0.062
1622,NL_Balance,2030,8,14,14,0.062
1623,NL_Balance,2030,8,15,15,0.062
1624,NL_Balance,2030,8,16,16,0.062
1625,NL_Balance,2030,8,17,17,0.062
1626,NL_Balance,2030,8,18,18,0.062
1627,NL_Balance,2030,8,19,19,0.062
1628,NL_Balance,2030,8,20,20,0.062
1629,NL_Balance,2030,8,21,21,0.062
1630,NL_Balance,2030,8,22,22,0.062
1631,NL_Balance,2030,8,23,23,0.062
1632,NL_Balance,2030,8,24,24,0.062
1633,NL_Balance,2030,9,1,1,0.08600000000000001
1634,NL_Balance,2030,9,2,2,0.08600000000000001
1635,NL_Balance,2030,9,3,3,0.08600000000000001
1636,NL_Balance,2030,9,4,4,0.08600000000000001
1637,NL_Balance,2030,9,5,5,0.08600000000000001
1638,NL_Balance,2030,9,6,6,0.08600000000000001
1639,NL_Balance,2030,9,7,7,0.08600000000000001
1640,NL_Balance,2030,9,8,8,0.08600000000000001
1641,NL_Balance,2030,9,9,9,0.08600000000000001
1642,NL_Balance,2030,9,10,10,0.08600000000000001
1643,NL_Balance,2030,9,11,11,0.08600000000000001
1644,NL_Balance,2030,9,12,12,0.7611
1645,NL_Balance,2030,9,13,13,0.08600000000000001
1646,NL_Balance,2030,9,14,14,0.08600000000000001
1647,NL_Balance,2030,9,15,15,0.08600000000000001
1648,NL_Balance,2030,9,16,16,0.08600000000000001
1649,NL_Balance,2030,9,17,17,0.08600000000000001
1650,NL_Balance,2030,9,18,18,0.7611
1651,NL_Balance,2030,9,19,19,0.7611
1652,NL_Balance,2030,9,20,20,0.7611
1653,NL_Balance,2030,9,21,21,0.7611
1654,NL_Balance,2030,9,22,22,0.7611
1655,NL_Balance,2030,9,23,23,0.08600000000000001
1656,NL_Balance,2030,9,24,24,0.08600000000000001
1657,NL_Balance,2030,10,1,1,1.518
1658,NL_Balance,2030,10,2,2,1.518
1659,NL_Balance,2030,10,3,3,1.518
1660,NL_Balance,2030,10,4,4,1.0626999999999998
1661,NL_Balance,2030,10,5,5,1.518
1662,NL_Balance,2030,10,6,6,1.518
1663,NL_Balance,2030,10,7,7,1.518
1664,NL_Balance,2030,10,8,8,1.518
1665,NL_Balance,2030,10,9,9,1.518
1666,NL_Balance,2030,10,10,10,1.518
1667,NL_Balance,2030,10,11,11,2.1105000000000023
1668,NL_Balance,2030,10,12,12,2.1105000000000023
1669,NL_Balance,2030,10,13,13,2.1105000000000023
1670,NL_Balance,2030,10,14,14,2.1105000000000023
1671,NL_Balance,2030,10,15,15,2.1105000000000023
1672,NL_Balance,2030,10,16,16,2.3459999999999996
1673,NL_Balance,2030,10,17,17,8.758065705666336
1674,NL_Balance,2030,10,18,18,21.479131411332673
1675,NL_Balance,2030,10,19,19,2.3459999999999996
1676,NL_Balance,2030,10,20,20,1.518
1677,NL_Balance,2030,10,21,21,1.518
1678,NL_Balance,2030,10,22,22,0.8142
1679,NL_Balance,2030,10,23,23,0.8142
1680,NL_Balance,2030,10,24,24,0.8142
